<?xml version="1.0" encoding="UTF-8"?>
<window id="604">
	<defaultcontrol always="true">29</defaultcontrol>
	<controls>
		<include>Global_Background</include>

		<!-- TV Channels Groups list -->
		<control type="group">
			<posx>290</posx>
			<posy>70</posy>
			<control type="label">
				<description>Group Name</description>
				<posx>0</posx>
				<posy>0</posy>
				<width>240</width>
				<height>38</height>
				<include>SettingsLabel</include>
				<label>$LOCALIZE[19207]</label>
			</control>
			<control type="list" id="13">
				<posx>5</posx>
				<posy>50</posy>
				<width>240</width>
				<height>400</height>
				<scrolltime>0</scrolltime>
				<onleft>29</onleft>
				<onright>73</onright>
				<itemlayout height="38">
					<control type="label">
						<posx>5</posx>
						<width>235</width>
						<height>38</height>
						<aligny>center</aligny>
						<include>SettingsLabel</include>
						<info>ListItem.Label</info>
					</control>
				</itemlayout>
				<focusedlayout height="38">
					<control type="image">
						<posx>0</posx>
						<posy>0</posy>
						<height>38</height>
						<width>240</width>
						<texture>ButtonFo.png</texture>
						<animation effect="fade" start="100" end="50" condition="!Control.HasFocus(13)">Conditional</animation>
					</control>
					<control type="label">
						<posx>5</posx>
						<width>235</width>
						<height>38</height>
						<aligny>center</aligny>
						<include>SettingsLabel</include>
						<info>ListItem.Label</info>
					</control>
				</focusedlayout>
			</control>

			<control type="scrollbar" id="73">
				<posx>250</posx>
				<posy>40</posy>
				<width>25</width>
				<height>422</height>
				<onleft>13</onleft>
				<onright>11</onright>
				<texturesliderbackground>-</texturesliderbackground>
				<textureslidernibfocus>ScrollBarV_Nib_Focus.png</textureslidernibfocus>
				<showonepage>false</showonepage>
				<orientation>vertical</orientation>
			</control>
		</control>

		<!-- Hidden TV Channels list -->
		<control type="group">
			<description>Channels List</description>
			<posx>580</posx>
			<posy>70</posy>
			<control type="label">
				<description>Hidden TV Channel Label</description>
				<posx>0</posx>
				<posy>0</posy>
				<width>300</width>
				<height>38</height>
				<include>SettingsLabel</include>
				<label>$LOCALIZE[31608] :</label>
			</control>
			<control type="list" id="11">
				<posx>5</posx>
				<posy>50</posy>
				<width>300</width>
				<height>400</height>
				<onleft>73</onleft>
				<onright>71</onright>
				<scrolltime>200</scrolltime>
				<itemlayout height="40">
					<control type="image">
						<posx>10</posx>
						<posy>5</posy>
						<width>32</width>
						<height>32</height>
						<texture>$INFO[ListItem.Icon]</texture>
					</control>
					<control type="label">
						<posx>45</posx>
						<posy>0</posy>
						<width>250</width>
						<height>35</height>
						<align>left</align>
						<aligny>center</aligny>
						<include>SettingsLabel</include>
						<label>$INFO[ListItem.ChannelNumber,(,) - ]$INFO[ListItem.ChannelName]</label>
					</control>
				</itemlayout>
				<focusedlayout height="40">
					<control type="image">
						<posx>0</posx>
						<posy>0</posy>
						<height>38</height>
						<width>300</width>
						<texture>ButtonFo.png</texture>
						<animation effect="fade" start="100" end="50" condition="!Control.HasFocus(11)">Conditional</animation>
					</control>
					<control type="image">
						<posx>10</posx>
						<posy>5</posy>
						<width>32</width>
						<height>32</height>
						<texture>$INFO[ListItem.Icon]</texture>
					</control>
					<control type="label">
						<posx>45</posx>
						<posy>0</posy>
						<width>250</width>
						<height>35</height>
						<align>left</align>
						<aligny>center</aligny>
						<include>SettingsLabel</include>
						<label>$INFO[ListItem.ChannelNumber,(,) - ]$INFO[ListItem.ChannelName]</label>
					</control>
				</focusedlayout>
			</control>
			<control type="scrollbar" id="71">
				<posx>310</posx>
				<posy>40</posy>
				<width>25</width>
				<height>422</height>
				<onleft>11</onleft>
				<onright>12</onright>
				<texturesliderbackground>-</texturesliderbackground>
				<textureslidernibfocus>ScrollBarV_Nib_Focus.png</textureslidernibfocus>
				<showonepage>false</showonepage>
				<orientation>vertical</orientation>
			</control>
		</control>

		<!-- TV Channels list for current group-->
 		<control type="group">
			<description>TV Channels list for current group</description>
			<posx>925</posx>
			<posy>70</posy>
			<control type="label" id="20">
				<description>Hidden Label used to store current group name</description>
				<visible>false</visible>
			</control>
			<control type="label">
				<description>TV Channel Name</description>
				<posx>0</posx>
				<posy>0</posy>
				<width>300</width>
				<height>38</height>
				<include>SettingsLabel</include>
				<label>$INFO[Control.GetLabel(20),, :]</label>
			</control>
			<control type="list" id="12">
				<posx>5</posx>
				<posy>50</posy>
				<width>300</width>
				<height>400</height>
				<onleft>71</onleft>
				<onright>72</onright>
				<scrolltime>200</scrolltime>
				<itemlayout height="40">
					<control type="image">
						<posx>10</posx>
						<posy>5</posy>
						<width>32</width>
						<height>32</height>
						<texture>$INFO[ListItem.Icon]</texture>
					</control>
					<control type="label">
						<posx>45</posx>
						<posy>0</posy>
						<width>250</width>
						<height>35</height>
						<align>left</align>
						<aligny>center</aligny>
						<include>SettingsLabel</include>
						<label>$INFO[ListItem.ChannelNumber,(,) - ]$INFO[ListItem.ChannelName]</label>
					</control>
				</itemlayout>
				<focusedlayout height="40">
					<control type="image">
						<posx>0</posx>
						<posy>0</posy>
						<height>38</height>
						<width>300</width>
						<texture>ButtonFo.png</texture>
						<animation effect="fade" start="100" end="50" condition="!Control.HasFocus(12)">Conditional</animation>
					</control>
					<control type="image">
						<posx>10</posx>
						<posy>5</posy>
						<width>32</width>
						<height>32</height>
						<texture>$INFO[ListItem.Icon]</texture>
					</control>
					<control type="label">
						<posx>45</posx>
						<posy>0</posy>
						<width>250</width>
						<height>35</height>
						<align>left</align>
						<aligny>center</aligny>
						<include>SettingsLabel</include>
						<label>$INFO[ListItem.ChannelNumber,(,) - ]$INFO[ListItem.ChannelName]</label>
					</control>
				</focusedlayout>
			</control>
			<control type="scrollbar" id="72">
				<posx>310</posx>
				<posy>40</posy>
				<width>25</width>
				<height>422</height>
				<onleft>12</onleft>
				<onright>29</onright>
				<texturesliderbackground>-</texturesliderbackground>
				<textureslidernibfocus>ScrollBarV_Nib_Focus.png</textureslidernibfocus>
				<showonepage>false</showonepage>
				<orientation>vertical</orientation>
			</control>
		</control>

		<!-- Menu group -->
		<control type="grouplist">
			<posx>-110</posx>
			<posy>186</posy>
			<itemgap>12</itemgap>
			<orientation>vertical</orientation>
			<onleft>72</onleft>
			<onright>13</onright>
			<control type="button" id="29">
				<description>OK Button</description>
				<include>SettingsLabelLeft</include>
				<label>$LOCALIZE[186]</label>
			</control>
			<control type="button" id="26">
				<description>Add Group Button</description>
				<include>SettingsLabelLeft</include>
				<label>$LOCALIZE[31605]</label>
			</control>
			<control type="button" id="27">
				<description>Rename Group Button</description>
				<include>SettingsLabelLeft</include>
				<label>$LOCALIZE[31606]</label>
			</control>
			<control type="button" id="28">
				<description>Delete Group Button</description>
				<include>SettingsLabelLeft</include>
				<label>$LOCALIZE[31607]</label>
			</control>
			<control type="radiobutton" id="25">
				<description>Hide Group</description>
				<width>340</width>
				<align>left</align>
				<aligny>center</aligny>
				<font>METF_DialogLarge</font>
				<textoffsetx>20</textoffsetx>
				<textcolor>TextNF</textcolor>
				<focusedcolor>DialogTextFO</focusedcolor>
				<disabledcolor>TextDisabled</disabledcolor>
				<texturefocus>ButtonFO2Wide.png</texturefocus>
				<texturenofocus>-</texturenofocus>
				<label>19289</label>
			</control>
		</control>

		<!-- Header group --> 
		<control type="group">
			<posx>30</posx>
			<posy>10</posy>
			<include>Animation_SlideDownFadeOut</include>
			<control type="label">
				<label>$LOCALIZE[5]</label>
				<include>Global_HeadingSectionVars</include>
			</control>
			<control type="label">
				<label>$LOCALIZE[19143]</label>
				<include>Global_HeadingDetailVars</include>
			</control>
		</control>

		<!-- Time, weather and debug options -->
		<!--<include>Global_Weather</include>-->
 		<!--<include>Global_Time</include>-->
		<include condition="Skin.HasSetting(DebugGrid)">Object_DebugGrid</include>
	</controls>
</window>
