<?xml version="1.0" encoding="UTF-8"?>
<window id="609">
	<defaultcontrol always="true">11</defaultcontrol>
	<coordinates>
		<system>1</system>
		<posx>770</posx>
		<posy>50</posy>
	</coordinates>

	<controls>
		<control type="image">
			<description>background image</description>
			<posx>0</posx>
			<posy>0</posy>
			<width>520</width>
			<height>500</height>
			<texture>frames/Menu_Glass2b.png</texture>
			<colordiffuse>DialogBackgroundColor</colordiffuse>
		</control>

		<control type="label">
			<description>heading label</description>
			<posx>30</posx>
			<posy>40</posy>
			<width>440</width>
			<height>40</height>
			<align>center</align>
			<aligny>center</aligny>
			<font>METF_SettingsHeading</font>
			<textcolor>DialogTextFO</textcolor>
			<info>VideoPlayer.ChannelGroup</info>
			<visible>!pvr.IsPlayingRadio</visible>
		</control>

		<control type="label">
			<description>heading label</description>
			<posx>20</posx>
			<posy>20</posy>
			<width>660</width>
			<height>40</height>
			<align>center</align>
			<aligny>center</aligny>
			<font>METF_SettingsHeading</font>
			<textcolor>DialogTextFO</textcolor>
			<info>MusicPlayer.ChannelGroup</info>
			<visible>pvr.IsPlayingRadio</visible>
		</control>

		<control type="list" id="11">
			<posx>40</posx>
			<posy>90</posy>
			<width>430</width>
			<height>365</height>
			<onleft>60</onleft>
			<onright>60</onright>
			<itemlayout height="60" width="400">
				<control type="label">
					<description>Channel number label</description>
					<posx>15</posx>
					<posy>0</posy>
					<width>40</width>
					<height>35</height>
					<align>left</align>
					<aligny>center</aligny>
					<font>METF_PVRChannelList</font>
					<info>ListItem.ChannelNumber</info>
				</control>
				<control type="label">
					<description>Channel name label</description>
					<posx>60</posx>
					<posy>4</posy>
					<width>280</width>
					<height>25</height>
					<align>left</align>
					<aligny>center</aligny>
					<font>METF_PVRChannelList</font>
					<info>ListItem.Label</info>
				</control>
				<control type="label">
					<description>Channel title label</description>
					<posx>60</posx>
					<posy>29</posy>
					<width>280</width>
					<height>20</height>
					<align>left</align>
					<aligny>center</aligny>
					<font>METF_PVRChannelList</font>
					<info>ListItem.Title</info>
				</control>
				<control type="image">
					<description>Channel icon</description>
					<posx>350</posx>
					<posy>8</posy>
					<width>50</width>
					<height>50</height>
					<texture>$INFO[ListItem.Icon]</texture>
				</control>
				<control type="progress">
					<description>Channel progressbar</description>
					<posx>60</posx>
					<posy>52</posy>
					<width>290</width>
					<height>6</height>
					<colordiffuse>88FFFFFF</colordiffuse>
					<info>ListItem.Progress</info>
				</control>
			</itemlayout>
			<focusedlayout height="60" width="500">
				<control type="image">
					<description>Channel focus selection</description>
					<posx>0</posx>
					<posy>4</posy>
					<width>415</width>
					<height>62</height>
					<texture>ButtonFo.png</texture>
				</control>
				<control type="label">
					<description>Channel number label</description>
					<posx>15</posx>
					<posy>0</posy>
					<width>40</width>
					<height>35</height>
					<align>left</align>
					<aligny>center</aligny>
					<font>METF_PVRChannelList</font>
					<info>ListItem.ChannelNumber</info>
				</control>
				<control type="label">
					<description>Channel name label</description>
					<posx>60</posx>
					<posy>4</posy>
					<width>280</width>
					<height>25</height>
					<align>left</align>
					<aligny>center</aligny>
					<font>METF_PVRChannelList</font>
					<label>$INFO[ListItem.Label]</label>
				</control>
				<control type="label">
					<description>Channel title label</description>
					<posx>60</posx>
					<posy>29</posy>
					<width>280</width>
					<height>20</height>
					<align>left</align>
					<aligny>center</aligny>
					<font>METF_PVRChannelList</font>
					<info>ListItem.Title</info>
				</control>
				<control type="image">
					<description>Channel icon</description>
					<posx>350</posx>
					<posy>8</posy>
					<width>50</width>
					<height>50</height>
					<texture>$INFO[ListItem.Icon]</texture>
				</control>
				<control type="progress">
					<description>Channel progressbar</description>
					<posx>60</posx>
					<posy>52</posy>
					<width>290</width>
					<height>6</height>
					<colordiffuse>88FFFFFF</colordiffuse>
					<info>ListItem.Progress</info>
				</control>
			</focusedlayout>
		</control>

		<control type="scrollbar" id="60">
			<description>Channel scrollbar</description>
			<posx>455</posx>
			<posy>80</posy>
			<width>25</width>
			<height>390</height>
			<texturesliderbackground>-</texturesliderbackground>
			<textureslidernibfocus>ScrollBarV_Nib_Focus.png</textureslidernibfocus>
			<onleft>11</onleft>
			<onright>11</onright>
			<showonepage>false</showonepage>
			<orientation>vertical</orientation>
		</control>
	</controls>
</window>
