<?xml version="1.0" encoding="UTF-8"?>
<includes>
	<include name="Viewtype_Logo">
		<control type="group">
		<posy>158</posy>
			<visible>Control.IsVisible(56)</visible>
			<include>Animation_FadedByMenu</include>
			<include>Animation_OpenCloseFade</include>
			<include>Animation_HiddenByInfo</include>
			
			<!-- Browser -->
			<control type="image">
				<posx>0</posx>
				<posy>480</posy>
				<width>1920</width>
				<height>170</height>
				<texture diffuse="shine.png">frames/ClassicFrame_Background.png</texture>
				<include>AnimationCacheNonSelect</include>
			
				<colordiffuse>90101010</colordiffuse>
			</control>
			<control type="fixedlist" id="56">
				<posx>-20</posx>
				<posy>390</posy>
				<height>500</height>
				<width>2000</width>
				<align>center</align>
				<include condition="!Skin.HasSetting(ViewLockdown)">OnUp7000</include>

<onfocus condition="Skin.HasSetting(CacheFond)">SetProperty(ActeurDirection,up,Home)</onfocus>
<onfocus condition="!Skin.HasSetting(CacheFond)">SetProperty(ActeurDirection,down,Home)</onfocus>


		<!--		<ondown>60</ondown>-->
				
				<ondown condition="!String.Contains(ListItem.DBTYPE,set)">60</ondown>
				<ondown condition="String.Contains(ListItem.DBTYPE,set)">1999</ondown>
				
				<onleft>56</onleft>
				<onright>56</onright>
				<viewtype label="31817">icon</viewtype>
				<orientation>horizontal</orientation>
				<focusposition>2</focusposition>
				<scrolltime>200</scrolltime>
				<preloaditems>2</preloaditems>
				<pagecontrol>60</pagecontrol>
				
				
				<visible>Window.IsActive(10025) + [Container.Content(movies) | Container.Content(tvshows)]</visible>
				<itemlayout width="400" height="194">
					<control type="group">
					<control type="image" id="9898">						
						<posx>9</posx>
						<posy>118</posy>
						<width>250</width>
						<height>133</height>
						<texture background="true">$VAR[ListClearartClearlogo]</texture>
						<fadetime>200</fadetime>
						<colordiffuse>LandscapeDiffuse</colordiffuse>
						<aspectratio aligny="center">keep</aspectratio>
						<visible>!Skin.HasSetting(LogoViewSingleItem)</visible>
					</control>
					
				
				<!-- Watched Overlay for In-Progress Items -->
				<control type="group">
					<posx>100</posx>
					<posy>250</posy>
					<include>OverlayProgress</include>
				</control>
				<control type="group">
				<left>28</left>
				<top>185</top>
			<include>ShowTotalTvEp</include>		
			</control>
			<include>AnimationCacheNonSelect</include>
			</control>
			</itemlayout>
			<focusedlayout width="400" height="178">
				<include>ActiveClearArt</include>
				<control type="image">
					<posx>12</posx>
					<posy>70</posy>
					<width>290</width>
					<height>164</height>
					<texture background="true">$VAR[ListClearartClearlogo]</texture>
					<fadetime>200</fadetime>
					<aspectratio aligny="center" align="center">keep</aspectratio>
					<animation effect="zoom" center="auto" start="50" end="140" time="400" tween="back" easing="out" condition="!Skin.HasSetting(LogoViewSingleItem)">Focus</animation>
				</control>
			
			<!-- Watched Overlay for In-Progress Items -->
			<control type="group">
					<posx>100</posx>
					<posy>250</posy>
					<include>OverlayProgress</include>
				</control>
		</focusedlayout>
	</control>
	<!-- Browser label and flags 
	
-->
	<include>ScrollBar_Horizontal</include>
</control>
</include>

<include name="Viewtype_LogoV">
	<control type="group">
		<visible>Control.IsVisible(560)</visible>
		<include>Animation_FadedByMenu</include>
			<include>Animation_OpenCloseFade</include>
			<include>Animation_HiddenByInfo</include>
			
		<!-- Browser -->
		<control type="image">
			<posx>10</posx>
			<posy>0</posy>
			<width>330</width>
			<height>820</height>
			<texture diffuse="shine.png">frames/ClassicFrame_Background.png</texture>
			<include>AnimationCacheNonSelect</include>
		
			<colordiffuse>90101010</colordiffuse>
		</control>
		<control type="list" id="560">
			<posx>35</posx>
			<posy>30</posy>
			<height>800</height>
			<width>1900</width>
			<include condition="!Skin.HasSetting(ViewLockdown)">OnLeft7000</include>

<onfocus condition="Skin.HasSetting(CacheFond)">SetProperty(ActeurDirection,left,Home)</onfocus>
<onfocus condition="!Skin.HasSetting(CacheFond)">SetProperty(ActeurDirection,right,Home)</onfocus>


			<ondown>560</ondown>
			<onup>560</onup>
			<viewtype label="$LOCALIZE[31818]">icon</viewtype>
			<orientation>vertical</orientation>
			<focusposition>2</focusposition>
			<scrolltime>200</scrolltime>
			<preloaditems>2</preloaditems>
			<pagecontrol>60</pagecontrol>
			
			<visible>Window.IsActive(10025) + [Container.Content(movies) | Container.Content(tvshows)]</visible>
			<itemlayout width="294" height="200">
				<control type="group">
				<control type="image" id="9898">
					<include>Animation_HiddenByInfo</include>
					<posx>9</posx>
					<posy>0</posy>
					<width>252</width>
					<height>133</height>
					<texture background="true">$VAR[ListClearartClearlogo]</texture>
					<fadetime>200</fadetime>
					<colordiffuse>LandscapeDiffuse</colordiffuse>
					<aspectratio aligny="center">keep</aspectratio>
					<visible>!Skin.HasSetting(LogoViewSingleItem)</visible>
				</control>
			
			
				<!-- Watched Overlay for In-Progress Items -->
				<control type="group">
					<posx>120</posx>
					<posy>135</posy>
					<include>OverlayProgress</include>
				</control>
				<control type="group">
				<left>0</left>
				<top>10</top>
			<include>ShowTotalTvEp</include>		
			</control>
			<include>AnimationCacheNonSelect</include>
			</control>
			</itemlayout>
			<focusedlayout width="318" height="200">
				<include>ActiveClearArt</include>
				<control type="image">
					<posx>9</posx>
					<posy>0</posy>
					<width>252</width>
					<height>133</height>
					<texture background="true">$VAR[ListClearartClearlogo]</texture>
					<fadetime>200</fadetime>
					<aspectratio aligny="center">keep</aspectratio>
					<animation effect="zoom" center="auto" start="50" end="130" time="400" tween="back" easing="out" condition="!Skin.HasSetting(LogoViewSingleItem)">Focus</animation>
				</control>
		
				
				<!-- Watched Overlay for In-Progress Items -->
				<control type="group">
					<posx>120</posx>
					<posy>135</posy>
					<include>OverlayProgress</include>
				</control>
			</focusedlayout>
		</control>
		<!-- Browser label and flags 
		
-->
		<include>ScrollBar_Horizontal</include>
	</control>
</include>
</includes>
