<?xml version="1.0" encoding="UTF-8"?>
<includes>
	<include name="VuePosterFanartChoix">
		<control type="label" id="1010">
			<posy>-1000</posy>
			<label>$VAR[VisibleViewMode]</label>
			<width>1</width>
			<height>1</height>
		</control>

		<!-- pochette -->
		<control type="group">
			<visible>!String.IsEqual(Control.GetLabel(1010),3)+!Container.Content(Genres)</visible>
			<control type="image">
				<posx>20</posx>
				<posy>21</posy>
				<width>236</width>

				<height>362</height>
				<bordersize>9</bordersize>
				<bordertexture border="9" colordiffuse="FFFFFFFF">landscapeinfo.png</bordertexture>
				<texture background="true" fallback="DefaultThumb.png">$VAR[PosterThumb]</texture>
				<aspectratio scalediffuse="false">scale</aspectratio>
				<visible>!String.IsEmpty(ListItem.Title)</visible>
			</control>
			<control type="image">
				<posx>20</posx>
				<posy>21</posy>
				<width>236</width>

				<height>362</height>
				<bordersize>9</bordersize>
				<bordertexture border="9" colordiffuse="FFFFFFFF">landscapeinfo.png</bordertexture>
				<texture background="true">$INFO[ListItem.Icon]</texture>
				<aspectratio scalediffuse="false">scale</aspectratio>
				<visible>String.IsEmpty(ListItem.Title)+!Container.Content(genres)</visible>
			</control>
			<control type="image">
				<posx>20</posx>
				<posy>21</posy>
				<width>236</width>

				<height>362</height>
				<bordersize>9</bordersize>
				<bordertexture border="9" colordiffuse="FFFFFFFF">landscapeinfo.png</bordertexture>
				<texture fallback="DefaultMovieGenre.jpg">$VAR[VideoMusicGenres]</texture>
				<aspectratio scalediffuse="false">scale</aspectratio>
				<visible>String.IsEmpty(ListItem.Title)+Container.Content(genres)</visible>
			</control>
			<control type="group">
				<visible>String.IsEqual(Control.GetLabel(1010),2)+!Container.Content(Genres)</visible>
				<control type="image">
					<description>Glass overlay</description>
					<posx>17</posx>
					<posy>-9</posy>
					<width>246</width>
					<height>392</height>
					<texture>$VAR[Boitier_SelonResolution]</texture>
				</control>
				<!--
				<control type="group">
					<visible>String.Contains(ListItem.DBTYPE,set) | Container.Content(movies) | Container.Content(episodes) | Container.Content(MusicVideos)</visible>
					<control type="image">
						<top>-2</top>
						<left>125</left>
						<width>60</width>
						<height>35</height>
						<texture fallback="flags/default.png">$VAR[MediaFlag_VideoCodec]</texture>
						<aspectratio>keep</aspectratio>
						<colordiffuse>MediaFlagDiffuse</colordiffuse>
					</control>
				</control>
				-->
			</control>
		</control>

		<!-- arrondies -->
		<control type="group">
			<visible>String.IsEqual(Control.GetLabel(1010),3)|Container.Content(Genres)</visible>
			<control type="image">
				<posx>20</posx>
				<posy>21</posy>
				<width>236</width>

				<height>362</height>

				<texture background="true" diffuse="showcase_matte.png" fallback="DefaultThumb.png">$VAR[PosterThumb]</texture>

				<aspectratio scalediffuse="false">scale</aspectratio>
				<visible>!String.IsEmpty(ListItem.Title)</visible>
			</control>
			<control type="image">
				<posx>20</posx>
				<posy>21</posy>
				<width>236</width>

				<height>362</height>

				<texture background="true" diffuse="showcase_matte.png">$INFO[ListItem.Icon]</texture>
				<aspectratio scalediffuse="false">scale</aspectratio>
				<visible>String.IsEmpty(ListItem.Title)+!Container.Content(genres)</visible>
			</control>
			<control type="image">
				<posx>20</posx>
				<posy>21</posy>
				<width>236</width>

				<height>362</height>

				<texture background="true" diffuse="showcase_matte.png" fallback="DefaultMovieGenre.jpg">$VAR[VideoMusicGenres]</texture>
				<aspectratio scalediffuse="false">scale</aspectratio>
				<visible>String.IsEmpty(ListItem.Title)+Container.Content(genres)</visible>
			</control>

			<control type="image">
				<description>Glass overlay</description>
				<posx>0</posx>
				<posy>0</posy>
				<width>276</width>
				<height>402</height>
				<texture>showcase_noshadow.png</texture>
			</control>
		</control>

	</include>
	<include name="Viewtype_PosterAndFanart">
		<control type="group">
			<visible>Control.IsVisible(550)</visible>
			<include>Animation_FadedByMenu</include>
				<include>Animation_OpenCloseFade</include>
				<include>Animation_HiddenByInfo</include>
			
			<!-- Browser -->
			<control type="wraplist" id="550">
				<viewtype label="31804">bigwrap</viewtype>
				<posx>-180</posx>
				<posy>325</posy>
				<height>500</height>
				<width>2100</width>				
				<include condition="!Skin.HasSetting(ViewLockdown)">OnUp7000</include>

<onfocus condition="Skin.HasSetting(CacheFond)">SetProperty(ActeurDirection,up,Home)</onfocus>
<onfocus condition="!Skin.HasSetting(CacheFond)">SetProperty(ActeurDirection,down,Home)</onfocus>


				<ondown>60</ondown>
				<onleft>550</onleft>
				<onright>550</onright>
				<orientation>horizontal</orientation>
				<focusposition>1</focusposition>
				<scrolltime>200</scrolltime>
				<!-- XXX: Causes left-most item to 'blink' out instead of smoothly scrolling off (sometimes...)
				<preloaditems>2</preloaditems>
				-->
				<pagecontrol>60</pagecontrol>
				
				<visible>!Skin.HasSetting(NoViewPosterFanart)</visible>
				<visible>Container.Content(movies) | Container.Content(sets) | Container.Content(tvshows)</visible>
				<itemlayout width="260" height="420">
				
					<control type="group">
						<posx>-30</posx>
						<posy>80</posy>
						<!-- Unfocused Item - Poster -->
						<include>VuePosterFanartChoix</include>
						<!-- Unfocused Item - Watched Overlay -->
						
						<!-- Unfocused Item - Watched Overlay for In-Progress Items -->
						<control type="group">
					<posx>170</posx>
					<posy>356</posy>
					<include>OverlayProgress</include>
				</control>	
						<control type="group">
							<left>28</left>
							<top>30</top>
							<include>ShowTotalTvEp</include>	
						
						</control>
					<include>AnimationCacheNonSelect</include>
			</control>
				</itemlayout>
				<focusedlayout width="1030" height="420">
					<include>ActiveClearArt</include>
					<!-- Focused Item Poster -->
					<control type="group">
						<animation type="Focus" reversible="false">
							<effect type="zoom" center="100,420" start="86" end="100" time="150" tween="sine" easing="inout" delay="50" />
							<effect type="rotatey" center="150" end="-20" time="300" delay="250" />
						</animation>
						<!-- Focused Item - Poster -->
							

						<control type="group">
							<posx>-12</posx>
							<posy>25</posy>
							<include>VuePosterFanartChoix</include>
							<animation type="Focus" reversible="false">
							<effect type="zoom" center="0,0" start="100" end="120" time="150" tween="sine" easing="inout" delay="50" />
							
						</animation>
						</control>
						<!-- Focused Item - Watched Overlay -->
											
						<!-- Focused Item - Watched Overlay for In-Progress Items -->
						<control type="group">
					<posx>200</posx>
					<posy>440</posy>
					<include>OverlayProgress</include>
				</control>	
					</control>
					<!-- Focused Item Fanart -->
					<include>PosterViewCommon_Details</include>
					<control type="group">
						<posx>309</posx>
						<posy>80</posy>
						<control type="image">
							<posx>23</posx>
							<posy>21</posy>
							<width>646</width>
							<height>362</height>
							<texture>frames/ClassicFrame_SegmentedDiffuse.png</texture>
							<aspectratio scalediffuse="false">stretch</aspectratio>
							<colordiffuse>FrameBackgroundDiffuse</colordiffuse>
							<visible>!String.IsEmpty(ListItem.Title) + !Skin.HasSetting(NoSegmentedFanart)</visible>
						</control>
						<control type="image">
							<posx>23</posx>
							<posy>21</posy>
							<width>646</width>
							<height>362</height>
							<texture>frames/ClassicFrame_Background.png</texture>
							<aspectratio scalediffuse="false">stretch</aspectratio>
							<colordiffuse>FrameBackgroundDiffuse</colordiffuse>
							<visible>!String.IsEmpty(ListItem.Title) + Skin.HasSetting(NoSegmentedFanart)</visible>
						</control>
						<control type="image">
							<posx>23</posx>
							<posy>21</posy>
							<width>646</width>
							<height>362</height>
							<texture fallback="home_art/movies.jpg" diffuse="frames/ClassicFrame_SegmentedDiffuse.png">$VAR[LandscapeFanart]</texture>
							<aspectratio scalediffuse="false">stretch</aspectratio>
							<visible>!String.IsEmpty(ListItem.Title) + !Skin.HasSetting(NoSegmentedFanart)</visible>
						</control>
						<control type="image">
							<posx>23</posx>
							<posy>21</posy>
							<width>646</width>
							<height>362</height>
							<texture fallback="home_art/movies.jpg">$VAR[LandscapeFanart]</texture>
							<aspectratio scalediffuse="false">stretch</aspectratio>
							<visible>!String.IsEmpty(ListItem.Title) + Skin.HasSetting(NoSegmentedFanart)</visible>
						</control>
						<!-- Focused Item Segmented Fanart Frame -->
						<control type="image">
							<width>700</width>
							<height>410</height>
							<texture>frames/ClassicFrame_Segmented.png</texture>
							<aspectratio scalediffuse="false">stretch</aspectratio>
							<visible>!String.IsEmpty(ListItem.Title) + !Skin.HasSetting(NoSegmentedFanart)</visible>
						</control>
						<!-- Focused Item Normal Fanart Frame -->						
						<control type="image">
							<width>700</width>
							<height>410</height>
							<texture>frames/ClassicFrame_FanartMedium.png</texture>
							<aspectratio scalediffuse="false">stretch</aspectratio>
							<visible>!String.IsEmpty(ListItem.Title) + Skin.HasSetting(NoSegmentedFanart)</visible>
						</control>
					</control>
				</focusedlayout>
			</control>
			<!-- Browser label and flags -->
		

			<include>ScrollBar_Horizontal</include>
		</control>
	</include>
</includes>
