<?xml version='1.0' encoding='UTF-8'?>
<shortcuts>
	<shortcut>
		<label>19023</label>
		<label2>32017</label2>
		<icon>DefaultTVShows.png</icon>
		<action>ActivateWindow(TVChannels)</action>
	</shortcut>
	<shortcut>
		<label>22020</label>
		<label2>32017</label2>
		<icon>DefaultTVShows.png</icon>
		<action>ActivateWindow(TVGuide)</action>
	</shortcut>
	<shortcut>
		<label>19163</label>
		<label2>32017</label2>
		<icon>DefaultTVShows.png</icon>
		<action>ActivateWindow(TVRecordings)</action>
	</shortcut>
	<shortcut>
		<label>19040</label>
		<label2>32017</label2>
		<icon>DefaultTVShows.png</icon>
		<action>ActivateWindow(TVTimers)</action>
	</shortcut>
	<shortcut>
		<label>137</label>
		<label2>32017</label2>
		<icon>DefaultTVShows.png</icon>
		<action>ActivateWindow(TVSearch)</action>
	</shortcut>
</shortcuts>
