<?xml version="1.0" encoding="UTF-8"?>
<includes>
	<include name="Viewtype_Poster_Large_Wrap">
		<control type="group">
			<visible>Control.IsVisible(551)</visible>
			<!-- Browser -->
			<control type="wraplist" id="551">
				<viewtype label="31805">bigwrap</viewtype>
				<onleft>550</onleft>
				<onright>550</onright>
				<visible>!Skin.HasSetting(NoViewPosterLargeWrap)</visible>
				<include>PosterLargeViewCommon_Browser</include>
			</control>
			<include>ScrollBar_Horizontal</include>
		</control>
	</include>
</includes>
