﻿<?xml version="1.0" encoding="UTF-8" standalone="yes"?>
	<addon id="script.iconmixtools" name="script.iconmixtools" version="1.1.1" provider-name="telexxingou">
	<requires>
		<import addon="xbmc.python" version="2.24.0"/>
		<import addon="xbmc.addon" version="16.0.0"/>
		
		
	</requires>
    
  <extension point="xbmc.python.script" library="plugin.py">
		<provides>executable</provides>
	</extension>
   <extension point="xbmc.python.pluginsource" library="plugin.py" />
	
	<extension point="xbmc.addon.metadata">
		<summary lang="en">script.iconmixtools</summary>
        <summary lang="en">tools for IconMix skin</summary>
        <description>provides some tools functions for my IconMix( Jarvis/Krypton) skin</description>
		<language></language>
		<platform>all</platform>
		<license>GPL v2.0</license>
		<forum></forum>
		<website></website>
		<source>-</source>
		
	</extension>
</addon>
