<?xml version="1.0" encoding="UTF-8"?>
<window>
	<defaultcontrol always="true">5</defaultcontrol>
	<include>Animation_OpenCloseFade</include>
	<coordinates>
		<system>1</system>
		<posx>0</posx>
		<posy>0</posy>
		<origin x="0" y="0" />
	</coordinates>
	<controls>		
		<control type="group">
			<posy>-110</posy>
			<control type="label" id="2">
				<description>Header Label</description>
				<posx>460</posx>
				<posy>175</posy>
				<width>810</width>
				<height>38</height>
				<font>METF_TitleTextLarge</font>
				<textcolor>SettingsTitle</textcolor>
				<align>left</align>
				<aligny>center</aligny>
				<label>-</label>
			</control>
			<control type="grouplist" id="5">
				<description>Control Area</description>
				<posx>440</posx>
				<posy>240</posy>
				<width>840</width>
				<height>380</height>
				<itemgap>0</itemgap>
				<onleft>28</onleft>
				<onright>28</onright>
				<onup>28</onup>
				<ondown>28</ondown>
			</control>
			<control type="button" id="7">
				<description>Default Button</description>
				<include>SettingsLabel</include>
			</control>
			<control type="radiobutton" id="8">
				<description>Default RadioButton</description>
				<include>SettingsLabel</include>
			</control>
			<control type="spincontrolex" id="9">
				<description>Default SpinControlex</description>
				<include>SettingsLabel</include>
			</control>
			<control type="sliderex" id="13">
				<description>Default Slider</description>
				<include>SettingsLabel</include>
				<sliderwidth>300</sliderwidth>
				<sliderheight>16</sliderheight>
				<texturesliderbar>osdsliderback.png</texturesliderbar>
				<textureslidernib>osdslidernib_2.png</textureslidernib>
				<textureslidernibfocus>osdslidernib.png</textureslidernibfocus>
			</control>
			<control type="edit" id="12">
				<description>Default Edit</description>
				<include>SettingsLabel</include>
			</control>
			<control type="group">
				<animation effect="slide" end="38,0" condition="IntegerGreaterThan(Container(5).NumItems,0)">Conditional</animation>
				<control type="button" id="27">
					<description>Clear</description>
					<posx>0</posx>
					<posy>240</posy>
					<include>SettingsLabelLeft</include>
					<label>$LOCALIZE[192]</label>
					<onleft>5</onleft>
					<onright>5</onright>
					<onup>28</onup>
					<ondown>28</ondown>
				</control>
				<control type="button" id="28">
					<description>Ok</description>
					<posx>0</posx>
					<posy>278</posy>
					<include>SettingsLabelLeft</include>
					<label>$LOCALIZE[186]</label>
					<onleft>5</onleft>
					<onright>5</onright>
					<onup>27</onup>
					<ondown>27</ondown>
				</control>
			</control>
			<control type="image">
				<include>Animation_CommonFadeNoHide</include>
				<posx>848</posx>
				<posy>218</posy>
				<height>24</height>
				<width>24</width>
				<texture>Arrow2Up.png</texture>
				<colordiffuse>ArrowDiffuse</colordiffuse>
				<visible>Container(5).HasPrevious</visible>
			</control>
			<control type="image">
				<include>Animation_CommonFadeNoHide</include>
				<posx>848</posx>
				<posy>620</posy>
				<height>24</height>
				<width>24</width>
				<texture>Arrow2Down.png</texture>
				<colordiffuse>ArrowDiffuse</colordiffuse>
				<visible>Container(5).HasNext</visible>
			</control>
		</control>
	</controls>
</window>
