<?xml version="1.0" encoding="UTF-8"?>
<window id="137">
	<defaultcontrol always="true">15</defaultcontrol>
	<controls>
		<control type="group">
			<include>Animation_OpenCloseFade</include>
			<animation type="Conditional" condition="Window.IsActive(filebrowser)">
				<effect type="zoom" time="600" center="640,360" start="100" end="50" tween="cubic" easing="inout" />
				<effect type="fade" time="400" start="100" end="0" />
			</animation>
			<control type="label">
				<description>header label</description>
				<posx>460</posx>
				<posy>158</posy>
				<width>810</width>
				<height>38</height>
				<font>METF_TitleTextLarge</font>
				<textcolor>SettingsTitle</textcolor>
				<align>left</align>
				<aligny>center</aligny>
				<label>$LOCALIZE[21421]</label>
			</control>
			<control type="spincontrolex" id="15">
				<description>Set Playlist type</description>
				<posx>440</posx>
				<posy>234</posy>
				<width>840</width>
				<height>38</height>
				<include>SettingsLabel</include>
				<onright>noop</onright>
				<onleft>18</onleft>
				<onup>20</onup>
				<ondown>16</ondown>
			</control>
			<control type="label">
				<description>Rule match label</description>
				<posx>460</posx>
				<posy>234</posy>
				<width>810</width>
				<height>38</height>
				<font>METF_ContextValue</font>
				<textcolor>ButtonText</textcolor>
				<align>left</align>
				<aligny>center</aligny>
				<label>$LOCALIZE[21422]</label>
				<visible>Control.HasFocus(15)</visible>
			</control>
			<control type="label">
				<description>Rule match label</description>
				<posx>460</posx>
				<posy>234</posy>
				<width>810</width>
				<height>38</height>
				<font>METF_ContextValue</font>
				<textcolor>SettingsDetail</textcolor>
				<align>left</align>
				<aligny>center</aligny>
				<label>$LOCALIZE[21422]</label>
				<visible>!Control.HasFocus(15)</visible>
			</control>
			<control type="spincontrolex" id="16">
				<description>Rule operator</description>
				<posx>440</posx>
				<posy>272</posy>
				<width>840</width>
				<height>38</height>
				<include>SettingsLabel</include>
				<onright>noop</onright>
				<onleft>18</onleft>
				<onup>15</onup>
				<ondown>17</ondown>
			</control>
			<control type="edit" id="17">
				<description>Value Button</description>
				<posx>440</posx>
				<posy>310</posy>
				<width>840</width>
				<height>38</height>
				<align>right</align>
				<include>SettingsLabel</include>
				<label>-</label>
				<onup>16</onup>
				<onleft>18</onleft>
				<onright>noop</onright>
				<ondown>20</ondown>
			</control>
			<control type="label">
				<description>Rule match label</description>
				<posx>460</posx>
				<posy>310</posy>
				<width>810</width>
				<height>38</height>
				<font>METF_ContextValue</font>
				<textcolor>ButtonText</textcolor>
				<align>left</align>
				<aligny>center</aligny>
				<label>$LOCALIZE[16028]</label>
				<visible>Control.HasFocus(17)</visible>
			</control>
			<control type="label">
				<description>Rule match label</description>
				<posx>460</posx>
				<posy>310</posy>
				<width>810</width>
				<height>38</height>
				<font>METF_ContextValue</font>
				<textcolor>SettingsDetail</textcolor>
				<align>left</align>
				<aligny>center</aligny>
				<label>$LOCALIZE[16028]</label>
				<visible>!Control.HasFocus(17)</visible>
			</control>
			<control type="button" id="20">
				<description>Browse Button</description>
				<posx>440</posx>
				<posy>348</posy>
				<width>840</width>
				<height>38</height>
				<include>SettingsLabel</include>
				<label>$LOCALIZE[1024]</label>
				<onup>17</onup>
				<onleft>18</onleft>
				<onright>noop</onright>
				<ondown>15</ondown>
			</control>
			<control type="button" id="19">
				<description>Cancel</description>
				<posx>0</posx>
				<posy>234</posy>
				<include>SettingsLabelLeft</include>
				<label>$LOCALIZE[222]</label>
				<onleft>noop</onleft>
				<onright>15</onright>
				<onup>18</onup>
				<ondown>18</ondown>
			</control>
			<control type="button" id="18">
				<description>Ok</description>
				<posx>0</posx>
				<posy>272</posy>
				<include>SettingsLabelLeft</include>
				<label>$LOCALIZE[186]</label>
				<onleft>noop</onleft>
				<onright>15</onright>
				<onup>19</onup>
				<ondown>19</ondown>
			</control>
			<include condition="Skin.HasSetting(DebugGrid)">Object_DebugGrid</include>
		</control>
	</controls>
</window>
