<?xml version="1.0" encoding="UTF-8"?>
<includes>
	<include name="Viewtype_Panel_Square">
		<control type="group">
			<visible>Control.IsVisible(559)</visible>
			<!-- Browser -->
			<control type="panel" id="559">
				<viewtype label="31823">icon</viewtype>
				<posx>440</posx>
				<posy>5</posy>
				<width>1460</width>
				<height>810</height>
				<scrolltime>200</scrolltime>
				<orientation>vertical</orientation>
				<include condition="!Skin.HasSetting(ViewLockdown)">OnLeft7000</include>
				<onright>61</onright>
				<pagecontrol>61</pagecontrol>
				<preloaditems>2</preloaditems>
				<include>Animation_ZoomInZoomOut</include>
				<include>Animation_HiddenByInfo</include>
				<include>Animation_FadedByMenu</include>
				<include>Animation_OpenCloseFade</include>
				<visible>!Skin.HasSetting(NoViewPanelSquare)</visible>
				<itemlayout width="255" height="295">
					<control type="group">
					<control type="image">
						<posx>25</posx>
						<posy>25</posy>
						<width>205</width>
						<height>205</height>
						<texture>frames/ClassicFrame_Background.png</texture>
						<colordiffuse>FrameBackgroundDiffuse</colordiffuse>
						<visible>!SubString(ListItem.Icon,default) + !IsEmpty(ListItem.Icon)</visible>
					</control>
					<control type="image">
						<posx>25</posx>
						<posy>25</posy>
						<width>205</width>
						<height>205</height>
						<texture background="true" fallback="DefaultThumb.png">$INFO[ListItem.Icon]</texture>
						<aspectratio scalediffuse="false">stretch</aspectratio>
					</control>
					<control type="image">
						<posx>5</posx>
						<posy>2</posy>
						<width>245</width>
						<height>245</height>
						<texture>frames/ClassicFrame_SquareSmall.png</texture>
						<visible>!SubString(ListItem.Icon,default) + !IsEmpty(ListItem.Icon)</visible>
					</control>
					<control type="image">
						<posx>18</posx>
						<posy>242</posy>
						<width>220</width>
						<height>33</height>
						<texture>frames/ClassicFrame_Background.png</texture>
						<colordiffuse>90101010</colordiffuse>
					</control>
					<control type="image">
						<posx>13</posx>
						<posy>237</posy>
						<width>228</width>
						<height>40</height>
						<texture>frames/banner_frame2.png</texture>
						<colordiffuse>FrameBackgroundDiffuse</colordiffuse>
					</control>
					<control type="label">
					<width>205</width>
					<height>40</height>
					<align>center</align>
					<posy>243</posy>
					<posx>25</posx>
					<font>METF_RecentlyAddedListText</font>
					<textcolor>TitleText</textcolor>
					<label>$VAR[ListItemTitle]</label>
					</control>
					<include>ShowTotalTvEp</include>
					<include>AnimationCacheNonSelect</include>
			</control>
				</itemlayout>
				<focusedlayout width="255" height="295">
					<control type="group">
						<animation reversible="true" effect="zoom" center="auto" start="100" end="120" time="200" tween="sine" easing="inout">focus</animation>
						<animation reversible="true" effect="zoom" center="auto" start="120" end="100" time="200" tween="sine" easing="inout">unfocus</animation>
						<control type="image">
							<posx>25</posx>
							<posy>25</posy>
							<width>205</width>
							<height>205</height>
							<texture>frames/ClassicFrame_Background.png</texture>
							<colordiffuse>FrameBackgroundDiffuse</colordiffuse>
							<visible>!SubString(ListItem.Icon,default) + !IsEmpty(ListItem.Icon)</visible>
						</control>
						<control type="image">
							<posx>25</posx>
							<posy>25</posy>
							<width>205</width>
							<height>205</height>
							<texture background="true" fallback="DefaultThumb.png">$INFO[ListItem.Icon]</texture>
							<aspectratio scalediffuse="false">stretch</aspectratio>
						</control>
						<control type="image">
							<posx>5</posx>
							<posy>2</posy>
							<width>245</width>
							<height>247</height>
							<texture>frames/ClassicFrame_SquareSmall.png</texture>
							<visible>!SubString(ListItem.Icon,default) + !IsEmpty(ListItem.Icon)</visible>
						</control>
						<control type="image">
						<posx>18</posx>
						<posy>242</posy>
						<width>220</width>
						<height>33</height>
						<texture>frames/ClassicFrame_Background.png</texture>
						<colordiffuse>90101010</colordiffuse>
					</control>
					<control type="image">
						<posx>13</posx>
						<posy>237</posy>
						<width>228</width>
						<height>40</height>
						<texture>frames/banner_frame2.png</texture>
						<colordiffuse>FrameBackgroundDiffuse</colordiffuse>
					</control>
					<control type="label">
					<width>205</width>
					<height>40</height>
					<align>center</align>
					<posy>243</posy>
					<posx>25</posx>
					<font>METF_RecentlyAddedListText</font>
					<textcolor>TitleText</textcolor>
					<label>$VAR[ListItemTitle]</label>
					</control>
					</control>
				</focusedlayout> 
			</control>
			<!-- Fanart Image -->
			<control type="group">
				<include>Animation_ZoomInZoomOut</include>
				<include>Animation_HiddenByInfo</include>
				<include>Animation_FadedByMenu</include>
				<include>Animation_CommonFade</include>
				<posx>5</posx>
				<posy>580</posy>
				<width>374</width>
				<height>232</height>
				<control type="image">
					
					<texture background="true" diffuse="shine.png"  fallback="home_art/music.jpg">$INFO[ListItem.Art(fanart)]</texture>
					<aspectratio aligny="top" scalediffuse="false">stretch</aspectratio>
					<visible>Window.IsActive(502)</visible>
				</control>
				
			
				<control type="image">
						<texture background="true" diffuse="shine.png"  fallback="home_art/movie.jpg">$INFO[ListItem.Art(fanart)]</texture>
					<aspectratio aligny="top" scalediffuse="false">stretch</aspectratio>
					<visible>Window.IsActive(10025)</visible>
				</control>
				<control type="image">
						<texture background="true" diffuse="shine.png"  fallback="home_art/pictures.jpg">$INFO[ListItem.Icon]</texture>
					<aspectratio aligny="top" scalediffuse="false">scale</aspectratio>
					<visible>Window.IsActive(pictures)</visible>
				</control>
				<control type="image">
							<texture background="true" diffuse="shine.png"  fallback="home_art/pictures.jpg">$INFO[ListItem.Art(fanart)]</texture>
					<aspectratio aligny="top" scalediffuse="false">scale</aspectratio>
					<visible>Window.IsActive(pictures) + IsEmpty(ListItem.Icon)</visible>
				</control>
				<control type="image">
					<texture background="true" diffuse="shine.png" fallback="home_art/programs.jpg">$INFO[ListItem.Art(fanart)]</texture>
					<aspectratio aligny="top" scalediffuse="false">stretch</aspectratio>
					<visible>Container.Content(addons) | SubString(Container.FolderPath,plugin)</visible>
				</control>
				
				
			</control>
		
			<!-- Browser label and flags 
			
			<include>ScrollBar_Vertical</include>-->
		</control>
	</include>
</includes>
