<?xml version="1.0" encoding="UTF-8"?>
<template>
	
	<other include="widget1Fanart">
		<!-- Widget Style -->
	 <condition tag="property" attribute="name|widgetStyle">SystemInfo</condition>
		<condition tag="property" attribute="name|widgetStyle">WeatherForecast</condition>
		<match>any</match>
		<property name="id" tag="mainmenuid" />
		<controls>
			
		</controls>
	</other>
	
	<other include="widget1Fanart">
		<!-- Widget Style -->
	<property name="id" tag="mainmenuid" />
		<controls>
			<control type="multiimage">
				<skinshortcuts>visibility</skinshortcuts>
				<visible>Control.HasFocus(9000)+String.Contains(Container(9000).ListItem.Property(background),WDF1)</visible>
				<imagepath background="true">$INFO[Container(8011$SKINSHORTCUTS[id]).ListItem.Art(fanart)]</imagepath>
				<fadetime>600</fadetime>
				
			</control>
		</controls>
	</other>
	<other include="widget1Fanart">
		<!-- Widget Style -->
	 <condition tag="property" attribute="name|widgetStyle.2">SystemInfo</condition>
		<condition tag="property" attribute="name|widgetStyle.2">WeatherForecast</condition>
		<match>any</match>
		<property name="id" tag="mainmenuid" />
		<controls>
			
		</controls>
	</other>
	<other include="widget2Fanart">
		<!-- Widget Style -->
			<property name="id" tag="mainmenuid" />
		<controls>
			<control type="multiimage">
				<skinshortcuts>visibility</skinshortcuts>
				<visible>Control.HasFocus(9000)+String.Contains(Container(9000).ListItem.Property(background),WDF2)</visible>
				<imagepath background="true">$INFO[Container(8021$SKINSHORTCUTS[id]).ListItem.Art(fanart)]</imagepath>
				<fadetime>600</fadetime>
			
			</control>
		</controls>
	</other>
	<!-- ******* WIDGET 1 ******* -->
	<!-- Widget Liste -->
	<other include="widget1">
		<condition tag="property" attribute="name|widget">SystemInfo</condition>
		<!-- Retrieve the widget properties -->
		<property name="id" tag="mainmenuid" />
		<property name="widget" tag="property" attribute="name|widget" />

		<controls>

			<control type="group">
				<posx>-310</posx>
				<posy>-33</posy>
				<include>FondWidgetMeteo</include>
				<skinshortcuts>visibility</skinshortcuts>
				<animation effect="slide" start="0,0" end="-1620,0" delay="150" tween="cubic" time="350" condition="[!String.IsEmpty(Container(9000).ListItem.Property(widgetShow))|Control.HasFocus(8011$SKINSHORTCUTS[id])|Skin.HasSetting(ShowFullWidgets)]+!Container(8011$SKINSHORTCUTS[id]).IsUpdating">Conditional</animation>
				<animation effect="slide"  end="0,-40" delay="150" tween="cubic" time="350" condition="Control.HasFocus(8011$SKINSHORTCUTS[id])+!Container(8011$SKINSHORTCUTS[id]).IsUpdating">Conditional</animation>

				<animation effect="slide" start="0,0" end="-270,0" delay="150" tween="cubic" time="350" condition="!Skin.HasSetting(ShowFullWidgets)+!Skin.HasSetting(HideUnfocusedWidgets)+!Control.HasFocus(8011$SKINSHORTCUTS[id])+ String.IsEmpty(Container(9000).ListItem.Property(widgetShowH)) + String.IsEmpty(Container(9000).ListItem.Property(widgetShow))">Conditional</animation>
	<control type="group">

					<control type="label">
						<posy>8</posy>
						<posx>35</posx>
						<width>250</width>
						<height>25</height>
						<align>left</align>
						<scrollspeed>30</scrollspeed>
						<scroll>true</scroll>
						<angle>270</angle>
						<label>[B]$INFO[Container(9000).ListItem.Property(widgetName)][/B]</label>
						<visible>!Skin.HasSetting(ShowFullWidgets)+!Control.HasFocus(8011$SKINSHORTCUTS[id])+String.IsEmpty(Container(9000).ListItem.Property(widgetShow))</visible>
						<shadowcolor>ff000000</shadowcolor>
					</control>
					<control type="label">
						<posy>-35</posy>
							<width>1370</width>
						<height>30</height>
						<textcolor>black</textcolor>
						<align>center</align>
						<font>comic36</font>
						<scrollspeed>30</scrollspeed>
						<scroll>true</scroll>
						<label>[B] $INFO[Container(9000).ListItem.Property(widgetName)] [/B]</label>
						<visible>Skin.HasSetting(ShowFullWidgets)|Control.HasFocus(8011$SKINSHORTCUTS[id])|!String.IsEmpty(Container(9000).ListItem.Property(widgetShow))</visible>
					</control>
					<control type="label">
						<posy>-37</posy>
						<posx>-3</posx>
						<width>1370</width>
						<height>30</height>
						<textcolor>yellow</textcolor>
						<align>center</align>
						<font>comic36</font>
						<scrollspeed>30</scrollspeed>
						<scroll>true</scroll>
						<label>[B] $INFO[Container(9000).ListItem.Property(widgetName)] [/B]</label>
						<visible>Skin.HasSetting(ShowFullWidgets)|Control.HasFocus(8011$SKINSHORTCUTS[id])|!String.IsEmpty(Container(9000).ListItem.Property(widgetShow))</visible>
					</control>
		
				</control>
				<!-- InfoSysteme"> -->
				<control type="group">
					
					<control type="list" id="8011$SKINSHORTCUTS[id]">
						<posy>25</posy>
						<posx>30</posx>
						<onup condition="Integer.IsGreater(Container(8021$SKINSHORTCUTS[id]).NumItems,0)|String.IsEqual(Container(9000).ListItem.Property(widget.2),WeatherForecast)|String.IsEqual(Container(9000).ListItem.Property(widget.2),SystemInfo)">9023</onup>
						<onup>9000</onup>
						<ondown>9000</ondown>
						<onleft>8011$SKINSHORTCUTS[id]</onleft>
						<onright>8011$SKINSHORTCUTS[id]</onright>
						<description>Widget Lists</description>
						<include>SystemContentList</include>
					</control>
				</control>

			</control>
		</controls>
	</other>
	<other include="widget1">

		<condition tag="property" attribute="name|widget">WeatherForecast</condition>
		<!-- Retrieve the widget properties -->
		<property name="id" tag="mainmenuid" />
		<property name="widget" tag="property" attribute="name|widget" />

		<controls>

			<control type="group">
				<posx>-310</posx>
				<posy>-33</posy>
				<include>FondWidgetMeteo</include>
				<skinshortcuts>visibility</skinshortcuts>
				<animation effect="slide" start="0,0" end="-1620,0" delay="150" tween="cubic" time="350" condition="[!String.IsEmpty(Container(9000).ListItem.Property(widgetShow))|Control.HasFocus(8011$SKINSHORTCUTS[id])|Skin.HasSetting(ShowFullWidgets)]+!Container(8011$SKINSHORTCUTS[id]).IsUpdating">Conditional</animation>
				<animation effect="slide"  end="0,-40" delay="150" tween="cubic" time="350" condition="Control.HasFocus(8011$SKINSHORTCUTS[id])+!Container(8011$SKINSHORTCUTS[id]).IsUpdating">Conditional</animation>

				<animation effect="slide" start="0,0" end="-270,0" delay="150" tween="cubic" time="350" condition="!Skin.HasSetting(ShowFullWidgets)+!Skin.HasSetting(HideUnfocusedWidgets)+!Control.HasFocus(8011$SKINSHORTCUTS[id])+ String.IsEmpty(Container(9000).ListItem.Property(widgetShowH)) + String.IsEmpty(Container(9000).ListItem.Property(widgetShow))">Conditional</animation>
	<control type="group">

					<control type="label">
						<posy>8</posy>
						<posx>35</posx>
						<width>250</width>
						<height>25</height>
						<align>left</align>
						<scrollspeed>30</scrollspeed>
						<scroll>true</scroll>
						<angle>270</angle>
						<label>[B]$INFO[Container(9000).ListItem.Property(widgetName)][/B]</label>
						<visible>!Skin.HasSetting(ShowFullWidgets)+!Control.HasFocus(8011$SKINSHORTCUTS[id])+String.IsEmpty(Container(9000).ListItem.Property(widgetShow))</visible>
						<shadowcolor>ff000000</shadowcolor>
					</control>
					<control type="label">
						<posy>-35</posy>
							<width>1370</width>
						<height>30</height>
						<textcolor>black</textcolor>
						<align>center</align>
						<font>comic36</font>
						<scrollspeed>30</scrollspeed>
						<scroll>true</scroll>
						<label>[B] $INFO[Container(9000).ListItem.Property(widgetName)] [/B]$INFO[Weather.Location,(,)]</label>
						<visible>Skin.HasSetting(ShowFullWidgets)|Control.HasFocus(8011$SKINSHORTCUTS[id])|!String.IsEmpty(Container(9000).ListItem.Property(widgetShow))</visible>
					</control>
					<control type="label">
							<posy>-37</posy>
						<posx>-3</posx>
						<width>1370</width>
						<height>30</height>
						<textcolor>yellow</textcolor>
						<align>center</align>
						<font>comic36</font>
						<scrollspeed>30</scrollspeed>
						<scroll>true</scroll>
						<label>[B] $INFO[Container(9000).ListItem.Property(widgetName)] [/B][COLOR=green]$INFO[Weather.Location,(,)][/COLOR]</label>
						<visible>Skin.HasSetting(ShowFullWidgets)|Control.HasFocus(8011$SKINSHORTCUTS[id])|!String.IsEmpty(Container(9000).ListItem.Property(widgetShow))</visible>
					</control>
		
				</control>
				<!-- meteo -->
				<control type="group" >
					

					

					<control type="button" id="8011$SKINSHORTCUTS[id]">
						<onleft>9000</onleft>
						<onright>9000</onright>
						<onup condition="Integer.IsGreater(Container(8021$SKINSHORTCUTS[id]).NumItems,0)|String.IsEqual(Container(9000).ListItem.Property(widget.2),WeatherForecast)|String.IsEqual(Container(9000).ListItem.Property(widget.2),SystemInfo)">9023</onup>
						<onup>9000</onup>
						<ondown>9000</ondown>
						<left>1</left>
						<top>1</top>
						<width>1</width>
						<height>1</height>
						<label>-</label>

					<onclick>Close</onclick>
						<onclick>ActivateWindow(weather)</onclick>

					</control>
					<control type="image">
						<posy>50</posy>
					  <posx>550</posx>
						
						<width>200</width>						
						<aspectratio align="center" aligny="center">keep</aspectratio>
						<texture>$INFO[Window(weather).Property(WeatherProviderLogo)]</texture>
						<colordiffuse>MediaFlagDiffuse</colordiffuse>
				</control>
					
					<control type="grouplist">
						<include>DetailsMeteo</include>
					</control>
					
				</control>

				<!-- InfoSysteme"> -->

			</control>
		</controls>
	</other>


	<other include="widget1">
		<!-- Test style et existence -->

		<condition tag="property" attribute="name|widgetStyle">List</condition>
		<condition tag="property" attribute="name|widget" />
		<match>all</match>
		<!-- Retrieve the widget properties -->
		<property name="id" tag="mainmenuid" />
		<property name="widget" tag="property" attribute="name|widget" />
		<property name="widgettype" tag="property" attribute="name|widgetType" />
		<property name="content" tag="property" attribute="name|widgetPath" />
		<property name="target" tag="property" attribute="name|widgetTarget" />
		<property name="label" tag="property" attribute="name|widgetName" />
		<property name="sortby" tag="property" attribute="name|widgetSort" />
		<property name="sort" tag="property" attribute="name|widgetSortOrder" />
		


		<property name="top">0</property>


		<controls>

			<control type="group">
				<skinshortcuts>visibility</skinshortcuts>
				<animation effect="slide" start="0,0" end="-1620,0" delay="150" tween="cubic" time="350" condition="[!String.IsEmpty(Container(9000).ListItem.Property(widgetShow))|Control.HasFocus(8011$SKINSHORTCUTS[id])|Skin.HasSetting(ShowFullWidgets)]+!Container(8011$SKINSHORTCUTS[id]).IsUpdating">Conditional</animation>
				<animation effect="slide"  end="0,-40" delay="150" tween="cubic" time="350" condition="Control.HasFocus(8011$SKINSHORTCUTS[id])+!Container(8011$SKINSHORTCUTS[id]).IsUpdating">Conditional</animation>

				<animation effect="slide" start="0,0" end="-270,0" delay="150" tween="cubic" time="350" condition="!Skin.HasSetting(ShowFullWidgets)+!Skin.HasSetting(HideUnfocusedWidgets)+!Control.HasFocus(8011$SKINSHORTCUTS[id])+ String.IsEmpty(Container(9000).ListItem.Property(widgetShowH)) + String.IsEmpty(Container(9000).ListItem.Property(widgetShow))">Conditional</animation>


				<control type="group">
					<visible>Integer.IsGreater(Container(8011$SKINSHORTCUTS[id]).NumItems,0)</visible>
					<include>FondWidget</include>

					<control type="label">
						<posx>-268</posx>
						<posy>-20</posy>
						<width>250</width>
						<height>25</height>
						<align>left</align>
						<scrollspeed>30</scrollspeed>
						<scroll>true</scroll>
						<angle>270</angle>
						<label>[B]$INFO[Container(9000).ListItem.Property(widgetName)][/B]</label>
						<visible>!Skin.HasSetting(ShowFullWidgets)+!Control.HasFocus(8011$SKINSHORTCUTS[id])+String.IsEmpty(Container(9000).ListItem.Property(widgetShow))</visible>
						<shadowcolor>ff000000</shadowcolor>
					</control>
					<control type="label">
						<posx>-348</posx>
						<posy>-70</posy>
						<width>1370</width>
						<height>30</height>
						<textcolor>black</textcolor>
						<align>center</align>
						<font>comic36</font>
						<scrollspeed>30</scrollspeed>
						<scroll>true</scroll>
						<label>[B] $INFO[Container(9000).ListItem.Property(widgetName)] [/B]$VAR[HWidgetLabel8011$SKINSHORTCUTS[id]]</label>
						<visible>Skin.HasSetting(ShowFullWidgets)|Control.HasFocus(8011$SKINSHORTCUTS[id])|!String.IsEmpty(Container(9000).ListItem.Property(widgetShow))</visible>
					</control>
					<control type="label">
						<posx>-344</posx>
						<posy>-68</posy>
						<width>1370</width>
						<height>30</height>
						<textcolor>yellow</textcolor>
						<align>center</align>
						<font>comic36</font>
						<scrollspeed>30</scrollspeed>
						<scroll>true</scroll>
						<label>[B] $INFO[Container(9000).ListItem.Property(widgetName)] [/B][COLOR=white]$VAR[HWidgetLabel8011$SKINSHORTCUTS[id]][/COLOR]</label>
						<visible>Skin.HasSetting(ShowFullWidgets)|Control.HasFocus(8011$SKINSHORTCUTS[id])|!String.IsEmpty(Container(9000).ListItem.Property(widgetShow))</visible>
					</control>
					<control type="group">
						<posx>-150</posx>
						<posy>260</posy>
						<visible>Control.HasFocus(8011$SKINSHORTCUTS[id])</visible>
						<include>FondWidgetInfo</include>
						<control type="group">
							<posy>5</posy>
							<control type="image">
								<posx>920</posx>
								<width>40</width>
								<height>40</height>
								<aspectratio>keep</aspectratio>
								<texture>ArrowRightWD.png</texture>
								<visible>!String.IsEmpty(Container(9000).ListItem.Property(widget.2))+!Container(8012$SKINSHORTCUTS[id]).IsUpdating+Integer.IsGreater(Container(8021$SKINSHORTCUTS[id]).NumItems,0)</visible>
							</control>
							<!--
							<control type="image">
							<posx>-45</posx>
							<width>40</width>
							<height>40</height>
							<aspectratio>keep</aspectratio>
							<texture>ArrowLeftWD.png</texture>
							</control>
							-->
						</control>
						<control type="fadelabel">
							<posx>10</posx>
							<posy>4</posy>
							<width>895</width>
							<height>60</height>
							<align>center</align>
							<aligny>center</aligny>
							<scroll>true</scroll>
							<scrollspeed>30</scrollspeed>
							<font>METF_HomeMenu</font>
							<textcolor>yellow</textcolor>
							<label>$VAR[GlobalWidgetLabel8011$SKINSHORTCUTS[id]]</label>
							<!-- <visible>!String.IsEqual(Container(9000).ListItem.Property(widget),NAired)</visible> -->
						</control>
						<!--
						<control type="fadelabel">
							<posx>10</posx>
							<width>895</width>
							<height>60</height>
							<align>center</align>
							<aligny>center</aligny>
							<textcolor>yellow</textcolor>
							<font>METF_HomeMenu</font>
							<scrollspeed>30</scrollspeed>
							<scroll>true</scroll>
							<label>[I][B]$INFO[Container(8011$SKINSHORTCUTS[id]).ListItem.TVShowTitle][CR][COLOR=NowPlayingTitle]($INFO[Container(8011$SKINSHORTCUTS[id]).ListItem.Property(NextDay)])[/COLOR] - S$INFO[Container(8011$SKINSHORTCUTS[id]).ListItem.Property(NextSeasonNumber)]E$INFO[Container(8011$SKINSHORTCUTS[id]).ListItem.Property(NextEpisodeNumber)] : $INFO[Container(8011$SKINSHORTCUTS[id]).ListItem.Property(NextTitle)][/B][/I]</label>
							<visible>String.IsEqual(Container(9000).ListItem.Property(widget),NAired)</visible>
							<shadowcolor>ff000000</shadowcolor>
						</control>
						-->
					</control>
				</control>
				<!-- Widget -->
				<control type="group">
					<top>$SKINSHORTCUTS[top]</top>
					<control type="group">
						<posx>-270</posx>
						<posy>-10</posy>

						<control type="image">
								<posy>-8</posy>
							<width>220</width>
							<height>260</height>
							<aspectratio align="center" aligny="center">keep</aspectratio>
							
							<aspectratio scalediffuse="true" align="center" aligny="center">keep</aspectratio>
							<bordersize>2</bordersize>
								<texture diffuse="showcase_matte.png">$VAR[HomeWidgetPosterVarList8011$SKINSHORTCUTS[id]]</texture>
						</control>

						<control type="image">
							<posx>830</posx>
							<width>350</width>
							<height>300</height>
							<aspectratio align="center" aligny="center">keep</aspectratio>
							<texture  diffuse="frames/EpisodeMatte.png">$VAR[HomeWidgetArtList8011$SKINSHORTCUTS[id]]</texture>
						</control>


					</control>
					<control type="list" id="8011$SKINSHORTCUTS[id]">
						<posx>-70</posx>
						<posy>0</posy>
						<width>630</width>
						<height>240</height>
						<onright condition="Integer.IsGreater(Container(8021$SKINSHORTCUTS[id]).NumItems,0)|String.IsEqual(Container(9000).ListItem.Property(widget.2),WeatherForecast)|String.IsEqual(Container(9000).ListItem.Property(widget.2),SystemInfo)">9023</onright>
						<onright>9000</onright>
						<onleft>9000</onleft>
						<onback>9000</onback>
						
						<autoscroll delay="8000" repeat="10000" time="10000">Skin.HasSetting(AutoRotateWidget)+!Control.HasFocus(8011$SKINSHORTCUTS[id])</autoscroll>
						<viewtype>list</viewtype>
						<orientation>vertical</orientation>
						<top>0</top>
						<left>0</left>
						<width>1200</width>
						<height>255</height>
<onunfocus>SetProperty(WidgetActifFanart,,Home)</onunfocus>
						<orientation>vertical</orientation>
						<preloaditems>2</preloaditems>
						<scrolltime >300</scrolltime>
						<itemlayout width="620" height="30">

							<control type="label">
								<posx>10</posx>
								<posy>-6</posy>
								<width>620</width>
								<height>28</height>
								<align>left</align>
								<aligny>center</aligny>
								<scrollout>false</scrollout>
								<!-- <pauseatend>600</pauseatend> -->
								<scrollspeed>20</scrollspeed>
								<font>METF_RecentlyAddedListText</font>
								<textcolor>yellow</textcolor>
								<label>$VAR[GlobalWidgetLabel]</label>

							</control>
						</itemlayout>
						<focusedlayout width="550" height="30">
							<!-- Focus Bar -->
							<control type="button">
								<onfocus condition="Control.HasFocus(8011$SKINSHORTCUTS[id])">SetProperty(WidgetActifFanart,$INFO[Container(8011$SKINSHORTCUTS[id]).ListItem.Art(fanart)],Home)</onfocus>
							</control>

							<control type="image">
								<posx>0</posx>
								<posy>-6</posy>
								<width>620</width>
								<height>28</height>
								<aligny>center</aligny>
								<texture>FocusLine.png</texture>
								<colordiffuse>FocusBar</colordiffuse>
								<visible>Control.HasFocus(8011$SKINSHORTCUTS[id])</visible>
							</control>

							<control type="label" >
								<posx>10</posx>
								<posy>-6</posy>
								<width>620</width>
								<height>28</height>
								<align>left</align>
								<aligny>center</aligny>
								<scrollout>false</scrollout>
								<pauseatend>600</pauseatend>
								<scrollspeed>20</scrollspeed>
								<font>METF_RecentlyAddedListText</font>
								<textcolor>white</textcolor>
								<label>[B]$VAR[GlobalWidgetLabel][/B]</label>
							</control>

						</focusedlayout>
						<content target="$SKINSHORTCUTS[target]" sortby="$SKINSHORTCUTS[sortby]" sortorder="$SKINSHORTCUTS[sort]">$SKINSHORTCUTS[content]</content>
					</control>
				</control>
				
			</control>
		</controls>
	</other>


	<!-- Widget Panneau -->
	<other include="widget1">
		<!-- Test style et existence : ni météo ni systeme ni liste
		<condition tag="property" attribute="name|widgetStyle">Panel</condition>-->
		<condition tag="property" attribute="name|widget" />
		<match>all</match>
		<!-- Retrieve the widget properties -->
		<property name="id" tag="mainmenuid" />
		<property name="widget" tag="property" attribute="name|widget" />
		<property name="widgettype" tag="property" attribute="name|widgetType" />
		<property name="content" tag="property" attribute="name|widgetPath" />
		<property name="target" tag="property" attribute="name|widgetTarget" />
		<property name="label" tag="property" attribute="name|widgetName" />
		<property name="sortby" tag="property" attribute="name|widgetSort" />
		<property name="sort" tag="property" attribute="name|widgetSortOrder" />
		

		<controls>

			<control type="group">
				<skinshortcuts>visibility</skinshortcuts>

				<animation effect="slide" start="0,0" end="-1620,0" delay="150" tween="cubic" time="350" condition="[!String.IsEmpty(Container(9000).ListItem.Property(widgetShow))|Control.HasFocus(8011$SKINSHORTCUTS[id])|Skin.HasSetting(ShowFullWidgets)]+!Container(8011$SKINSHORTCUTS[id]).IsUpdating">Conditional</animation>

				<animation effect="slide" end="0,-40" delay="150" tween="cubic" time="350" condition="Control.HasFocus(8011$SKINSHORTCUTS[id])+!Container(8011$SKINSHORTCUTS[id]).IsUpdating">Conditional</animation>

			
				<animation effect="slide" start="0,0" end="-270,0" delay="150" tween="cubic" time="350" condition="!Skin.HasSetting(ShowFullWidgets)+!Skin.HasSetting(HideUnfocusedWidgets)+[!Control.HasFocus(8011$SKINSHORTCUTS[id])|[Control.HasFocus(8011$SKINSHORTCUTS[id])+Container(8011$SKINSHORTCUTS[id]).IsUpdating]]+ String.IsEmpty(Container(9000).ListItem.Property(widgetShowH)) + String.IsEmpty(Container(9000).ListItem.Property(widgetShow))">Conditional</animation>

				<control type="group">
					<visible>Integer.IsGreater(Container(8011$SKINSHORTCUTS[id]).NumItems,0)</visible>
					<include>FondWidget</include>

					<control type="label">
						<posx>-268</posx>
						<posy>-20</posy>
						<width>250</width>
						<height>25</height>
						<align>left</align>
						<scrollspeed>30</scrollspeed>
						<scroll>true</scroll>
						<angle>270</angle>
						<label>[B]$INFO[Container(9000).ListItem.Property(widgetName)][/B]</label>
						<visible>!Skin.HasSetting(ShowFullWidgets)+!Control.HasFocus(8011$SKINSHORTCUTS[id])+String.IsEmpty(Container(9000).ListItem.Property(widgetShow))</visible>
						<shadowcolor>ff000000</shadowcolor>
					</control>
					<control type="label">
						<posx>-348</posx>
						<posy>-70</posy>
						<width>1370</width>
						<height>30</height>
						<textcolor>black</textcolor>
						<align>center</align>
						<font>comic36</font>
						<scrollspeed>30</scrollspeed>
						<scroll>true</scroll>
						<label>[B] $INFO[Container(9000).ListItem.Property(widgetName)] [/B]$VAR[HWidgetLabel8011$SKINSHORTCUTS[id]]</label>
						<visible>Skin.HasSetting(ShowFullWidgets)|Control.HasFocus(8011$SKINSHORTCUTS[id])|!String.IsEmpty(Container(9000).ListItem.Property(widgetShow))</visible>
					</control>
					<control type="label">
						<posx>-344</posx>
						<posy>-68</posy>
						<width>1370</width>
						<height>30</height>
						<textcolor>yellow</textcolor>
						<align>center</align>
						<font>comic36</font>
						<scrollspeed>30</scrollspeed>
						<scroll>true</scroll>
						<label>[B] $INFO[Container(9000).ListItem.Property(widgetName)] [/B][COLOR=white]$VAR[HWidgetLabel8011$SKINSHORTCUTS[id]][/COLOR]</label>
						<visible>Skin.HasSetting(ShowFullWidgets)|Control.HasFocus(8011$SKINSHORTCUTS[id])|!String.IsEmpty(Container(9000).ListItem.Property(widgetShow))</visible>
					</control>
					<control type="group">
						<posx>-150</posx>
						<posy>260</posy>
						<visible>Control.HasFocus(8011$SKINSHORTCUTS[id])</visible>
						<include>FondWidgetInfo</include>
						<control type="group">
							<posy>5</posy>
							<control type="image">
								<posx>920</posx>
								<width>40</width>
								<height>40</height>
								<aspectratio>keep</aspectratio>
								<texture>ArrowUpWD.png</texture>
								<visible>!String.IsEmpty(Container(9000).ListItem.Property(widget.2))+!Container(8021$SKINSHORTCUTS[id]).IsUpdating+Integer.IsGreater(Container(8021$SKINSHORTCUTS[id]).NumItems,0)</visible>
							</control>
							<!--
							<control type="image">
							<posx>-45</posx>
							<width>40</width>
							<height>40</height>
							<aspectratio>keep</aspectratio>
							<texture>ArrowDownWD.png</texture>
							</control>
							-->
						</control>
						<control type="fadelabel">
							<posx>10</posx>
							<posy>4</posy>
							<width>895</width>
							<height>60</height>
							<align>center</align>
							<aligny>center</aligny>
							<scroll>true</scroll>
							<scrollspeed>30</scrollspeed>
							<font>METF_HomeMenu</font>
							<textcolor>yellow</textcolor>
							<label>$VAR[GlobalWidgetLabel8011$SKINSHORTCUTS[id]]</label>
							<!-- <visible>!String.IsEqual(Container(9000).ListItem.Property(widget),NAired)</visible> -->
						</control>
						<!--
						<control type="fadelabel">
							<posx>10</posx>
							<width>895</width>
							<height>60</height>
							<align>center</align>
							<aligny>center</aligny>
							<textcolor>yellow</textcolor>
							<font>METF_HomeMenu</font>
							<scrollspeed>30</scrollspeed>
							<scroll>true</scroll>
							<label>[I][B]$INFO[Container(8011$SKINSHORTCUTS[id]).ListItem.TVShowTitle][CR][COLOR=NowPlayingTitle]($INFO[Container(8011$SKINSHORTCUTS[id]).ListItem.Property(NextDay)])[/COLOR] - S$INFO[Container(8011$SKINSHORTCUTS[id]).ListItem.Property(NextSeasonNumber)]E$INFO[Container(8011$SKINSHORTCUTS[id]).ListItem.Property(NextEpisodeNumber)] : $INFO[Container(8011$SKINSHORTCUTS[id]).ListItem.Property(NextTitle)][/B][/I]</label>
							<visible>String.IsEqual(Container(9000).ListItem.Property(widget),NAired)</visible>
							<shadowcolor>ff000000</shadowcolor>
						</control>
						-->
					</control>
				</control>
				<!-- Widget -->
				<control type="group">
					<posx>-265</posx>
						<posy>-10</posy>
					<control type="group">
					
						<control type="image">
							<posy>-8</posy>
							<width>220</width>
							<height>260</height>
							<aspectratio scalediffuse="true"  align="center" aligny="center">keep</aspectratio>
								<bordersize>2</bordersize>
								<texture diffuse="showcase_matte.png">$VAR[HomeWidgetPosterVarList8011$SKINSHORTCUTS[id]]</texture>
							<visible>[!Control.HasFocus(8011$SKINSHORTCUTS[id])+!Skin.HasSetting(ShowFullWidgets)]+String.IsEmpty(Container(9000).ListItem.Property(widgetShow))</visible>
						</control>
					</control>
					<control type="list" id="8011$SKINSHORTCUTS[id]">
						<width>1200</width>
						<height>255</height>
						<!--<oninfo>ActivateWindow(1115,,return)</oninfo>-->
						
						<ondown>9000</ondown>
						<onunfocus>SetProperty(WidgetActifFanart,,Home)</onunfocus>
						<onup condition="Integer.IsGreater(Container(8021$SKINSHORTCUTS[id]).NumItems,0)|String.IsEqual(Container(9000).ListItem.Property(widget.2),WeatherForecast)|String.IsEqual(Container(9000).ListItem.Property(widget.2),SystemInfo)">9023</onup>
						<onup>9000</onup>
						<onback>9000</onback>
						<orientation>horizontal</orientation>
						<preloaditems>0</preloaditems>
						<autoscroll delay="8000" repeat="10000" time="10000" >Skin.HasSetting(AutoRotateWidget)+!Control.HasFocus(8011$SKINSHORTCUTS[id])</autoscroll>

						<itemlayout width="203" height="255">
							<control type="image">
								<width>180</width>
								<height>240</height>
								<aspectratio scalediffuse="true"  align="center" aligny="center">keep</aspectratio>
								<bordersize>2</bordersize>
								<texture diffuse="showcase_matte.png">$VAR[HomeWidgetPosterVar]</texture>
								<visible>!String.IsEmpty(Container(9000).ListItem.Property(widgetShow))|Control.HasFocus(8011$SKINSHORTCUTS[id])|Skin.HasSetting(ShowFullWidgets)</visible>
								<animation type="Conditional" reversible="false" condition="System.IdleTime(1)+Control.HasFocus(8011$SKINSHORTCUTS[id])">
									<!--<effect type="rotatey" center="100,0"  start="-180" end="-360" time="200" delay="100"   />-->
									<effect type="zoom" center="90,120" start="100" end="80" time="500" tween="bounce" easy="out"  />
									
								</animation>
							</control>
						</itemlayout>

						<focusedlayout width="203" height="255">
							<control type="button">
								<onfocus condition="Control.HasFocus(8011$SKINSHORTCUTS[id])">SetProperty(WidgetActifFanart,$INFO[Container(8011$SKINSHORTCUTS[id]).ListItem.Art(fanart)],Home)</onfocus>
							</control>
							<control type="image">
							<width>180</width>
								<height>240</height>
								<aspectratio scalediffuse="true"  align="center" aligny="center">keep</aspectratio>
								<bordersize>2</bordersize>
								<texture diffuse="showcase_matte.png">$VAR[HomeWidgetPosterVar]</texture>
								<visible>!Control.HasFocus(8011$SKINSHORTCUTS[id])+[!String.IsEmpty(Container(9000).ListItem.Property(widgetShow))|Skin.HasSetting(ShowFullWidgets)]</visible>
								
							
						</control>
							<control type="image">
								<width>180</width>
								<height>240</height>
								<aspectratio scalediffuse="true" align="center" aligny="center">keep</aspectratio>
								<texture>$VAR[HomeWidgetPosterVar]</texture>
								<bordersize>8</bordersize>
								<bordertexture border="8">landscape.png</bordertexture>
								<visible>Control.HasFocus(8011$SKINSHORTCUTS[id])</visible>
								<animation type="Focus" reversible="false">
									<!--<effect type="rotatey" center="100,0"  start="-180" end="-360" time="200" delay="100"   />-->
									<effect type="zoom" center="90,120" start="98" end="110" time="500" tween="bounce" easy="out"  />
									
								</animation>
								<!--
								<animation type="Focus" reversible="false">
								<effect type="zoom" center="100,120"  end="120,120" time="50" tween="bounce" easy="out"   />
							</animation>-->
						</control>
					</focusedlayout>
					<content target="$SKINSHORTCUTS[target]" sortby="$SKINSHORTCUTS[sortby]" sortorder="$SKINSHORTCUTS[sort]">$SKINSHORTCUTS[content]</content>
				</control>
			</control>
			
		
</control>
		
	</controls>
</other>



<!-- ******* WIDGET 2 ******* -->
<!-- Widget Liste -->
<other include="widget2">
		<condition tag="property" attribute="name|widget.2">SystemInfo</condition>
		<!-- Retrieve the widget properties -->
		<property name="id" tag="mainmenuid" />
		<property name="widget" tag="property" attribute="name|widget.2" />

		<controls>

			<control type="group">
				<posx>-310</posx>
				<posy>-33</posy>
					<include>FondWidgetMeteo</include>
				<skinshortcuts>visibility</skinshortcuts>
				<animation effect="slide" start="0,0" end="-1620,0" delay="150" tween="cubic" time="350" condition="[!String.IsEmpty(Container(9000).ListItem.Property(widgetShow.2))|Control.HasFocus(8021$SKINSHORTCUTS[id])|Skin.HasSetting(ShowFullWidgets)]+!Container(8021$SKINSHORTCUTS[id]).IsUpdating">Conditional</animation>
				<animation effect="slide"  end="0,-40" delay="150" tween="cubic" time="350" condition="Control.HasFocus(8021$SKINSHORTCUTS[id])+!Container(8021$SKINSHORTCUTS[id]).IsUpdating">Conditional</animation>

				<animation effect="slide" start="0,0" end="-270,0" delay="150" tween="cubic" time="350" condition="!Skin.HasSetting(ShowFullWidgets)+!Skin.HasSetting(HideUnfocusedWidgets)+!Control.HasFocus(8021$SKINSHORTCUTS[id])+ String.IsEmpty(Container(9000).ListItem.Property(widgetShowH.2)) + String.IsEmpty(Container(9000).ListItem.Property(widgetShow.2))">Conditional</animation>
		<control type="group">

					<control type="label">
						<posy>8</posy>
						<posx>35</posx>
						<width>250</width>
						<height>25</height>
						<align>left</align>
						<scrollspeed>30</scrollspeed>
						<scroll>true</scroll>
						<angle>270</angle>
						<label>[B]$INFO[Container(9000).ListItem.Property(widgetName.2)][/B]</label>
						<visible>!Skin.HasSetting(ShowFullWidgets)+!Control.HasFocus(8021$SKINSHORTCUTS[id])+String.IsEmpty(Container(9000).ListItem.Property(widgetShow.2))</visible>
						<shadowcolor>ff000000</shadowcolor>
					</control>
					<control type="label">
						<posy>-35</posy>
							<width>1370</width>
						<height>30</height>
						<textcolor>black</textcolor>
						<align>center</align>
						<font>comic36</font>
						<scrollspeed>30</scrollspeed>
						<scroll>true</scroll>
						<label>[B] $INFO[Container(9000).ListItem.Property(widgetName.2)] [/B]</label>
						<visible>Skin.HasSetting(ShowFullWidgets)|Control.HasFocus(8021$SKINSHORTCUTS[id])|!String.IsEmpty(Container(9000).ListItem.Property(widgetShow.2))</visible>
					</control>
					<control type="label">
							<posy>-37</posy>
						<posx>-3</posx>
						<width>1370</width>
						<height>30</height>
						<textcolor>yellow</textcolor>
						<align>center</align>
						<font>comic36</font>
						<scrollspeed>30</scrollspeed>
						<scroll>true</scroll>
						<label>[B] $INFO[Container(9000).ListItem.Property(widgetName.2)] [/B]</label>
						<visible>Skin.HasSetting(ShowFullWidgets)|Control.HasFocus(8021$SKINSHORTCUTS[id])|!String.IsEmpty(Container(9000).ListItem.Property(widgetShow.2))</visible>
					</control>
		
				</control>
				<!-- InfoSysteme"> -->
				<control type="group">
					
					<control type="list" id="8021$SKINSHORTCUTS[id]">
						<posy>25</posy>
						<posx>30</posx>
						<ondown condition="Integer.IsGreater(Container(8021$SKINSHORTCUTS[id]).NumItems,0)|String.IsEqual(Container(9000).ListItem.Property(widget),WeatherForecast)|String.IsEqual(Container(9000).ListItem.Property(widget),SystemInfo)">9022</ondown>
						<ondown>9000</ondown>
						<onup>9000</onup>
						<onleft>8021$SKINSHORTCUTS[id]</onleft>
						<onright>8021$SKINSHORTCUTS[id]</onright>
						<description>Widget Lists</description>
						<include>SystemContentList</include>
					</control>
				</control>

			</control>
		</controls>
	</other>
	<other include="widget2">

		<condition tag="property" attribute="name|widget.2">WeatherForecast</condition>
		<!-- Retrieve the widget properties -->
		<property name="id" tag="mainmenuid" />
		<property name="widget" tag="property" attribute="name|widget.2" />

		<controls>

			<control type="group">
				<skinshortcuts>visibility</skinshortcuts>
					<posx>-310</posx>
				<posy>-33</posy>
					<include>FondWidgetMeteo</include>
				<animation effect="slide" start="0,0" end="-1620,0" delay="150" tween="cubic" time="350" condition="[!String.IsEmpty(Container(9000).ListItem.Property(widgetShow.2))|Control.HasFocus(8021$SKINSHORTCUTS[id])|Skin.HasSetting(ShowFullWidgets)]+!Container(8021$SKINSHORTCUTS[id]).IsUpdating">Conditional</animation>
				<animation effect="slide"  end="0,-40" delay="150" tween="cubic" time="350" condition="Control.HasFocus(8021$SKINSHORTCUTS[id])+!Container(8021$SKINSHORTCUTS[id]).IsUpdating">Conditional</animation>

				<animation effect="slide" start="0,0" end="-270,0" delay="150" tween="cubic" time="350" condition="!Skin.HasSetting(ShowFullWidgets)+!Skin.HasSetting(HideUnfocusedWidgets)+!Control.HasFocus(8021$SKINSHORTCUTS[id])+ String.IsEmpty(Container(9000).ListItem.Property(widgetShowH.2)) + String.IsEmpty(Container(9000).ListItem.Property(widgetShow.2))">Conditional</animation>
		<control type="group">

					<control type="label">
						<posy>8</posy>
						<posx>35</posx>
						<width>250</width>
						<height>25</height>
						<align>left</align>
						<scrollspeed>30</scrollspeed>
						<scroll>true</scroll>
						<angle>270</angle>
						<label>[B]$INFO[Container(9000).ListItem.Property(widgetName.2)][/B]</label>
						<visible>!Skin.HasSetting(ShowFullWidgets)+!Control.HasFocus(8021$SKINSHORTCUTS[id])+String.IsEmpty(Container(9000).ListItem.Property(widgetShow.2))</visible>
						<shadowcolor>ff000000</shadowcolor>
					</control>
					<control type="label">
						<posy>-35</posy>
							<width>1370</width>
						<height>30</height>
						<textcolor>black</textcolor>
						<align>center</align>
						<font>comic36</font>
						<scrollspeed>30</scrollspeed>
						<scroll>true</scroll>
						<label>[B] $INFO[Container(9000).ListItem.Property(widgetName.2)] [/B]$INFO[Weather.Location,(,)]</label>
						<visible>Skin.HasSetting(ShowFullWidgets)|Control.HasFocus(8021$SKINSHORTCUTS[id])|!String.IsEmpty(Container(9000).ListItem.Property(widgetShow.2))</visible>
					</control>
					<control type="label">
							<posy>-37</posy>
						<posx>-3</posx>
						<width>1370</width>
						<height>30</height>
						<textcolor>yellow</textcolor>
						<align>center</align>
						<font>comic36</font>
						<scrollspeed>30</scrollspeed>
						<scroll>true</scroll>
						<label>[B] $INFO[Container(9000).ListItem.Property(widgetName.2)] [/B][COLOR=green]$INFO[Weather.Location,(,)][/COLOR]</label>
						<visible>Skin.HasSetting(ShowFullWidgets)|Control.HasFocus(8021$SKINSHORTCUTS[id])|!String.IsEmpty(Container(9000).ListItem.Property(widgetShow.2))</visible>
					</control>
		
				</control>
				<!-- meteo -->
				<control type="group" >
				

					<control type="button" id="8021$SKINSHORTCUTS[id]">
						<onleft>9000</onleft>
						<onright>9000</onright>
						<ondown condition="Integer.IsGreater(Container(8021$SKINSHORTCUTS[id]).NumItems,0)|String.IsEqual(Container(9000).ListItem.Property(widget),WeatherForecast)|String.IsEqual(Container(9000).ListItem.Property(widget),SystemInfo)">9022</ondown>
						<ondown>9000</ondown>
						<onup>9000</onup>
						<left>1</left>
						<top>1</top>
						<width>1</width>
						<height>1</height>
						<label>-</label>
<onclick>Close</onclick>
						<onclick>ActivateWindow(weather)</onclick>

					</control>
					<control type="image">
						<posy>50</posy>
					  <posx>550</posx>
						
						<width>200</width>						
						<aspectratio align="center" aligny="center">keep</aspectratio>
						<texture>$INFO[Window(weather).Property(WeatherProviderLogo)]</texture>
						<colordiffuse>MediaFlagDiffuse</colordiffuse>
				</control>
					
					<control type="grouplist">
						<include>DetailsMeteo</include>
					</control>
					
				</control>

				<!-- InfoSysteme"> -->

			</control>
		</controls>
	</other>


<other include="widget2">
	<!-- Test style et existence -->
	<condition tag="property" attribute="name|widgetStyle.2">List</condition>
	<condition tag="property" attribute="name|widget.2" />
	<match>all</match>
	<!-- Retrieve the widget properties -->
	<property name="id" tag="mainmenuid" />
	<property name="widget" tag="property" attribute="name|widget.2" />
	<property name="widgettype" tag="property" attribute="name|widgetType.2" />
	<property name="content" tag="property" attribute="name|widgetPath.2" />
	<property name="target" tag="property" attribute="name|widgetTarget.2" />
	<property name="label" tag="property" attribute="name|widgetName.2" />
	<property name="sortby" tag="property" attribute="name|widgetSort.2" />
	<property name="sort" tag="property" attribute="name|widgetSortOrder.2" />
	

	<property name="top">0</property>


	<controls>
		<control type="group">
			<skinshortcuts>visibility</skinshortcuts>
			<animation effect="slide" start="0,0" end="-1620,0" delay="150" tween="cubic" time="350" condition="[!String.IsEmpty(Container(9000).ListItem.Property(widgetShow.2))|Control.HasFocus(8021$SKINSHORTCUTS[id])|Skin.HasSetting(ShowFullWidgets)]+!Container(8021$SKINSHORTCUTS[id]).IsUpdating">Conditional</animation>
			<animation effect="slide"  end="0,-50" delay="150" tween="cubic" time="350" condition="Control.HasFocus(8021$SKINSHORTCUTS[id])+!Container(8021$SKINSHORTCUTS[id]).IsUpdating">Conditional</animation>

			<animation effect="slide" start="0,0" end="-270,0" delay="150" tween="cubic" time="350" condition="!Skin.HasSetting(ShowFullWidgets)+!Skin.HasSetting(HideUnfocusedWidgets)+!Control.HasFocus(8021$SKINSHORTCUTS[id])+ String.IsEmpty(Container(9000).ListItem.Property(widgetShowH.2)) + String.IsEmpty(Container(9000).ListItem.Property(widgetShow.2))">Conditional</animation>

			<control type="group">
				<visible>Integer.IsGreater(Container(8021$SKINSHORTCUTS[id]).NumItems,0)</visible>
				<include>FondWidget</include>

				<control type="label">
					<posx>-268</posx>
					<posy>-20</posy>
					<width>250</width>
					<height>25</height>
					<align>left</align>
					<scrollspeed>30</scrollspeed>
					<scroll>true</scroll>
					<angle>270</angle>
					<label>[B]$INFO[Container(9000).ListItem.Property(widgetName.2)][/B]</label>
					<visible>!Skin.HasSetting(ShowFullWidgets)+!Control.HasFocus(8021$SKINSHORTCUTS[id])+String.IsEmpty(Container(9000).ListItem.Property(widgetShow.2))</visible>
					<shadowcolor>ff000000</shadowcolor>
				</control>
				<control type="label">
					<posx>-348</posx>
					<posy>-70</posy>
					<width>1370</width>
					<height>30</height>
					<textcolor>black</textcolor>
					<align>center</align>
					<font>comic36</font>
					<scrollspeed>30</scrollspeed>
					<scroll>true</scroll>
					<label>[B] $INFO[Container(9000).ListItem.Property(widgetName.2)] [/B]$VAR[HWidgetLabel8021$SKINSHORTCUTS[id]]</label>
					<visible>Skin.HasSetting(ShowFullWidgets)|Control.HasFocus(8021$SKINSHORTCUTS[id])|!String.IsEmpty(Container(9000).ListItem.Property(widgetShow))</visible>
				</control>
				<control type="label">
					<posx>-344</posx>
					<posy>-68</posy>
					<width>1370</width>
					<height>30</height>
					<textcolor>yellow</textcolor>
					<align>center</align>
					<font>comic36</font>
					<scrollspeed>30</scrollspeed>
					<scroll>true</scroll>
					<label>[B] $INFO[Container(9000).ListItem.Property(widgetName.2)] [/B][COLOR=white]$VAR[HWidgetLabel8021$SKINSHORTCUTS[id]][/COLOR]</label>
					<visible>Skin.HasSetting(ShowFullWidgets)|Control.HasFocus(8021$SKINSHORTCUTS[id])|!String.IsEmpty(Container(9000).ListItem.Property(widgetShow))</visible>
				</control>
				<control type="group">
					<posx>-150</posx>
					<posy>260</posy>
					<visible>Control.HasFocus(8021$SKINSHORTCUTS[id])</visible>
					<include>FondWidgetInfo</include>
					<control type="group">
						<posy>5</posy>
						<!--
						<control type="image">
						<posx>920</posx>
						<width>40</width>
						<height>40</height>
						<aspectratio>keep</aspectratio>
						<texture>ArrowRightWD.png</texture>
						</control>
						-->
						<control type="image">
							<posx>-45</posx>
							<width>40</width>
							<height>40</height>
							<aspectratio>keep</aspectratio>
							<texture>ArrowLeftWD.png</texture>
							<visible>!String.IsEmpty(Container(9000).ListItem.Property(widget.2))+!Container(8011$SKINSHORTCUTS[id]).IsUpdating+Integer.IsGreater(Container(8011$SKINSHORTCUTS[id]).NumItems,0)</visible>
						</control>
					</control>
					<control type="fadelabel">
						<posx>10</posx>
						<posy>4</posy>
						<width>895</width>
						<height>60</height>
						<align>center</align>
						<aligny>center</aligny>
						<scroll>true</scroll>
						<scrollspeed>30</scrollspeed>
						<font>METF_HomeMenu</font>
						<textcolor>yellow</textcolor>
						<label>$VAR[GlobalWidgetLabel8021$SKINSHORTCUTS[id]]</label>
						<!-- <visible>!String.IsEqual(Container(9000).ListItem.Property(widget.2),NAired)</visible> -->
					</control>
					<!--
					<control type="fadelabel">
						<posx>10</posx>
						<width>895</width>
						<height>60</height>
						<align>center</align>
						<aligny>center</aligny>
						<textcolor>yellow</textcolor>
						<font>METF_HomeMenu</font>
						<scrollspeed>30</scrollspeed>
						<scroll>true</scroll>
						<label>[I][B]$INFO[Container(8021$SKINSHORTCUTS[id]).ListItem.TVShowTitle][CR][COLOR=NowPlayingTitle]($INFO[Container(8021$SKINSHORTCUTS[id]).ListItem.Property(NextDay)])[/COLOR] - S$INFO[Container(8021$SKINSHORTCUTS[id]).ListItem.Property(NextSeasonNumber)]E$INFO[Container(8021$SKINSHORTCUTS[id]).ListItem.Property(NextEpisodeNumber)] : $INFO[Container(8021$SKINSHORTCUTS[id]).ListItem.Property(NextTitle)][/B][/I]</label>
						<visible>String.IsEqual(Container(9000).ListItem.Property(widget.2),NAired)</visible>
						<shadowcolor>ff000000</shadowcolor>
					</control>
					-->
				</control>
			</control>
			<!-- Widget -->
			<control type="group">
				<top>$SKINSHORTCUTS[top]</top>
				<control type="group">
					<posx>-270</posx>
					<posy>-10</posy>
					<control type="image">
							<posy>-8</posy>
							<width>220</width>
							<height>260</height>
						<aspectratio align="center" aligny="center">keep</aspectratio>
						
						<aspectratio scalediffuse="true" align="center" aligny="center">keep</aspectratio>
						<bordersize>2</bordersize>
								<texture diffuse="showcase_matte.png">$VAR[HomeWidgetPosterVarList8021$SKINSHORTCUTS[id]]</texture>
					</control>


					<control type="image">
						<posx>830</posx>
						<width>350</width>
						<height>300</height>
						<aspectratio align="center" aligny="center">keep</aspectratio>
						<texture  diffuse="frames/EpisodeMatte.png">$VAR[HomeWidgetArtList8021$SKINSHORTCUTS[id]]</texture>
					</control>
				</control>
				<control type="list" id="8021$SKINSHORTCUTS[id]">
					<posx>-70</posx>
					<posy>0</posy>
					<width>630</width>
					<height>240</height>
					<onright>9000</onright>
					<onunfocus>SetProperty(WidgetActifFanart,,Home)</onunfocus>
					<onleft condition="Integer.IsGreater(Container(8011$SKINSHORTCUTS[id]).NumItems,0)">9022</onleft>
					<onleft>9000</onleft>
					<onback>9000</onback>
					<autoscroll delay="8000" repeat="10000" time="10000" >Skin.HasSetting(AutoRotateWidget)+!Control.HasFocus(8021$SKINSHORTCUTS[id])</autoscroll>
					<viewtype>list</viewtype>
					<orientation>vertical</orientation>
					<top>0</top>
					<left>0</left>
					<width>1200</width>
					<height>255</height>
					<orientation>vertical</orientation>
					<preloaditems>2</preloaditems>
					<scrolltime >300</scrolltime>
					<itemlayout width="620" height="30">
						<control type="label">
							<posx>10</posx>
							<posy>-6</posy>
							<width>620</width>
							<height>28</height>
							<align>left</align>
							<aligny>center</aligny>
							<scrollout>false</scrollout>
							<!-- <pauseatend>600</pauseatend>-->
							<scrollspeed>20</scrollspeed>
							<font>METF_RecentlyAddedListText</font>
							<textcolor>yellow</textcolor>
							<label>$VAR[GlobalWidgetLabel2]</label>
						</control>
					</itemlayout>
					<focusedlayout width="550" height="30">
						<!-- Focus Bar -->
						<control type="button">
							<onfocus condition="Control.HasFocus(8021$SKINSHORTCUTS[id])">SetProperty(WidgetActifFanart,$INFO[Container(8021$SKINSHORTCUTS[id]).ListItem.Art(fanart)],Home)</onfocus>
						</control>

						<control type="image">
							<posx>0</posx>
							<posy>-6</posy>
							<width>620</width>
							<height>28</height>
							<aligny>center</aligny>
							<texture>FocusLine.png</texture>
							<colordiffuse>FocusBar</colordiffuse>
							<visible>Control.HasFocus(8021$SKINSHORTCUTS[id])</visible>
						</control>

						<control type="label" >
							<posx>10</posx>
							<posy>-6</posy>
							<width>620</width>
							<height>28</height>
							<align>left</align>
							<aligny>center</aligny>
							<scrollout>false</scrollout>
							<pauseatend>600</pauseatend>
							<scrollspeed>20</scrollspeed>
							<font>METF_RecentlyAddedListText</font>
							<textcolor>white</textcolor>
							<label>[B]$VAR[GlobalWidgetLabel2][/B]</label>

						</control>

					</focusedlayout>

					<content target="$SKINSHORTCUTS[target]" sortby="$SKINSHORTCUTS[sortby]" sortorder="$SKINSHORTCUTS[sort]">$SKINSHORTCUTS[content]</content>
				</control>
			</control>
			
		</control>
	</controls>
</other>


<!-- Widget Panneau -->
<other include="widget2">
	<!-- Test style et existence -->
	<condition tag="property" attribute="name|widgetStyle.2">Panel</condition>
	<condition tag="property" attribute="name|widget.2" />
	<match>all</match>
	<!-- Retrieve the widget properties -->
	<property name="id" tag="mainmenuid" />
	<property name="widget" tag="property" attribute="name|widget.2" />
	<property name="widgettype" tag="property" attribute="name|widgetType.2" />
	<property name="content" tag="property" attribute="name|widgetPath.2" />
	<property name="target" tag="property" attribute="name|widgetTarget.2" />
	<property name="label" tag="property" attribute="name|widgetName.2" />
	<property name="sortby" tag="property" attribute="name|widgetSort.2" />
	<property name="sort" tag="property" attribute="name|widgetSortOrder.2" />
	

	<property name="top">0</property>

	<controls>
		<control type="group">
			<skinshortcuts>visibility</skinshortcuts>
			


			<animation effect="slide" start="0,0" end="-1620,0" delay="150" tween="cubic" time="350" condition="[!String.IsEmpty(Container(9000).ListItem.Property(widgetShow.2))|Control.HasFocus(8021$SKINSHORTCUTS[id])|Skin.HasSetting(ShowFullWidgets)]+!Container(8021$SKINSHORTCUTS[id]).IsUpdating">Conditional</animation>
			<animation effect="slide"  end="0,-50" delay="150" tween="cubic" time="350" condition="Control.HasFocus(8021$SKINSHORTCUTS[id])+!Container(8021$SKINSHORTCUTS[id]).IsUpdating">Conditional</animation>
			<animation effect="slide" start="0,0" end="-270,0" delay="150" tween="cubic" time="350" condition="!Skin.HasSetting(ShowFullWidgets)+!Skin.HasSetting(HideUnfocusedWidgets)+!Control.HasFocus(8021$SKINSHORTCUTS[id])+ String.IsEmpty(Container(9000).ListItem.Property(widgetShowH.2)) + String.IsEmpty(Container(9000).ListItem.Property(widgetShow.2))">Conditional</animation>

			<control type="group">
				<visible>Integer.IsGreater(Container(8021$SKINSHORTCUTS[id]).NumItems,0)</visible>
				<include>FondWidget</include>
				<control type="label">
					<posx>-268</posx>
					<posy>-20</posy>
					<width>250</width>
					<height>25</height>
					<align>left</align>
					<scrollspeed>30</scrollspeed>
					<scroll>true</scroll>
					<angle>270</angle>
					<label>[B]$INFO[Container(9000).ListItem.Property(widgetName.2)][/B]</label>
					<visible>!Skin.HasSetting(ShowFullWidgets)+!Control.HasFocus(8021$SKINSHORTCUTS[id])+String.IsEmpty(Container(9000).ListItem.Property(widgetShow.2))</visible>
					<shadowcolor>ff000000</shadowcolor>
				</control>
				<control type="label">
					<posx>-348</posx>
					<posy>-70</posy>
					<width>1370</width>
					<height>30</height>
					<textcolor>black</textcolor>
					<align>center</align>
					<font>comic36</font>
					<scrollspeed>30</scrollspeed>
					<scroll>true</scroll>
					<label>[B] $INFO[Container(9000).ListItem.Property(widgetName.2)] [/B]$VAR[HWidgetLabel8021$SKINSHORTCUTS[id]]</label>
					<visible>Skin.HasSetting(ShowFullWidgets)|Control.HasFocus(8021$SKINSHORTCUTS[id])|!String.IsEmpty(Container(9000).ListItem.Property(widgetShow))</visible>
				</control>
				<control type="label">
					<posx>-344</posx>
					<posy>-68</posy>
					<width>1370</width>
					<height>30</height>
					<textcolor>yellow</textcolor>
					<align>center</align>
					<font>comic36</font>
					<scrollspeed>30</scrollspeed>
					<scroll>true</scroll>
					<label>[B] $INFO[Container(9000).ListItem.Property(widgetName.2)] [/B][COLOR=white]$VAR[HWidgetLabel8021$SKINSHORTCUTS[id]][/COLOR]</label>
					<visible>Skin.HasSetting(ShowFullWidgets)|Control.HasFocus(8021$SKINSHORTCUTS[id])|!String.IsEmpty(Container(9000).ListItem.Property(widgetShow))</visible>
				</control>

				<control type="group">
					<posx>-150</posx>
					<posy>260</posy>
					<visible>Control.HasFocus(8021$SKINSHORTCUTS[id])</visible>
					<include>FondWidgetInfo</include>
					<control type="group">
						<posy>5</posy>
						
						<control type="image">
							<posx>-45</posx>
							<width>40</width>
							<height>40</height>
							<aspectratio>keep</aspectratio>
							<texture>ArrowDownWD.png</texture>
							<visible>!String.IsEmpty(Container(9000).ListItem.Property(widget))+!Container(8011$SKINSHORTCUTS[id]).IsUpdating+Integer.IsGreater(Container(8011$SKINSHORTCUTS[id]).NumItems,0)</visible>
						</control>
					</control>
					<control type="fadelabel">
						<posx>10</posx>
						<posy>4</posy>
						<width>895</width>
						<height>60</height>
						<align>center</align>
						<aligny>center</aligny>
						<scroll>true</scroll>
						<scrollspeed>30</scrollspeed>
						<font>METF_HomeMenu</font>
						<textcolor>yellow</textcolor>
						<label>$VAR[GlobalWidgetLabel8021$SKINSHORTCUTS[id]]</label>
						<!-- <visible>!String.IsEqual(Container(9000).ListItem.Property(widget.2),NAired)</visible> -->
					</control>
					<!--
					<control type="fadelabel">
						<posx>10</posx>
						<width>895</width>
						<height>60</height>
						<align>center</align>
						<aligny>center</aligny>
						<textcolor>yellow</textcolor>
						<font>METF_HomeMenu</font>
						<scrollspeed>30</scrollspeed>
						<scroll>true</scroll>
						<label>[I][B]$INFO[Container(8021$SKINSHORTCUTS[id]).ListItem.TVShowTitle][CR][COLOR=NowPlayingTitle]($INFO[Container(8021$SKINSHORTCUTS[id]).ListItem.Property(NextDay)])[/COLOR] - S$INFO[Container(8021$SKINSHORTCUTS[id]).ListItem.Property(NextSeasonNumber)]E$INFO[Container(8021$SKINSHORTCUTS[id]).ListItem.Property(NextEpisodeNumber)] : $INFO[Container(8021$SKINSHORTCUTS[id]).ListItem.Property(NextTitle)][/B][/I]</label>
						<visible>String.IsEqual(Container(9000).ListItem.Property(widget.2),NAired)</visible>
						<shadowcolor>ff000000</shadowcolor>
					</control>
					-->
				</control>
			</control>
			<!-- Widget -->
			<control type="group">
				
				<top>$SKINSHORTCUTS[top]</top>
				<control type="group">
					<posx>-265</posx>
					<posy>-10</posy>
					<control type="image">
							<posy>-8</posy>
							<width>220</width>
							<height>260</height>
						<aspectratio scalediffuse="true"  align="center" aligny="center">keep</aspectratio>
								<bordersize>2</bordersize>
								<texture diffuse="showcase_matte.png">$VAR[HomeWidgetPosterVarList8021$SKINSHORTCUTS[id]]</texture>
						<visible>[!Control.HasFocus(8021$SKINSHORTCUTS[id])+!Skin.HasSetting(ShowFullWidgets)]+String.IsEmpty(Container(9000).ListItem.Property(widgetShow.2))</visible>
					</control>
				</control>
				<control type="list" id="8021$SKINSHORTCUTS[id]">
					<top>-5</top>
					<left>-265</left>
					<width>1200</width>
					<height>255</height>
					<onunfocus>SetProperty(WidgetActifFanart,,Home)</onunfocus>
					<ondown condition="Integer.IsGreater(Container(8011$SKINSHORTCUTS[id]).NumItems,0)">9022</ondown>
					<ondown>9000</ondown>
					<onup>9000</onup>
					<onback>9000</onback>
					<orientation>horizontal</orientation>
					<preloaditems>2</preloaditems>

					<autoscroll delay="8000" repeat="10000" time="10000"  >Skin.HasSetting(AutoRotateWidget)+!Control.HasFocus(8021$SKINSHORTCUTS[id])</autoscroll>
					<itemlayout width="203" height="255">
						<control type="image">
							<width>180</width>
							<height>240</height>
							<aspectratio scalediffuse="true"  align="center" aligny="center">keep</aspectratio>
							<bordersize>2</bordersize>
							<texture diffuse="showcase_matte.png">$VAR[HomeWidgetPosterVar]</texture>
							<animation type="Conditional" reversible="false" condition="System.IdleTime(1)+Control.HasFocus(8021$SKINSHORTCUTS[id])">
									<!--<effect type="rotatey" center="100,0"  start="-180" end="-360" time="200" delay="100"   />-->
									<effect type="zoom" center="90,120" start="100" end="80" time="500" tween="bounce" easy="out"  />
									
								</animation>
							<visible>!String.IsEmpty(Container(9000).ListItem.Property(widgetShow.2))|Control.HasFocus(8021$SKINSHORTCUTS[id])|Skin.HasSetting(ShowFullWidgets)</visible>
						</control>
					</itemlayout>

					<focusedlayout width="203" height="255">
						<control type="button">
							<onfocus condition="Control.HasFocus(8021$SKINSHORTCUTS[id])">SetProperty(WidgetActifFanart,$INFO[Container(8021$SKINSHORTCUTS[id]).ListItem.Art(fanart)],Home)</onfocus>
						</control>
						<control type="image">
							<width>180</width>
								<height>240</height>
								<aspectratio scalediffuse="true"  align="center" aligny="center">keep</aspectratio>
								<bordersize>2</bordersize>
								<texture diffuse="showcase_matte.png">$VAR[HomeWidgetPosterVar]</texture>
								<visible>!Control.HasFocus(8021$SKINSHORTCUTS[id])+[!String.IsEmpty(Container(9000).ListItem.Property(widgetShow.2))|Skin.HasSetting(ShowFullWidgets)]</visible>
								
							
						</control>
						<control type="image">
							<width>180</width>
							<height>240</height>
							<aspectratio scalediffuse="true" align="center" aligny="center">keep</aspectratio>
							<texture>$VAR[HomeWidgetPosterVar]</texture>
							<bordersize>8</bordersize>
							<bordertexture border="8">landscape.png</bordertexture>
								<animation type="Focus" reversible="false">
									<!--<effect type="rotatey" center="100,0"  start="-180" end="-360" time="200" delay="100"   />-->
									<effect type="zoom" center="90,120" start="98" end="110" time="500" tween="bounce" easy="out"  />
									
								</animation>
							<visible>Control.HasFocus(8021$SKINSHORTCUTS[id])</visible>

						</control>
					</focusedlayout>

					<content target="$SKINSHORTCUTS[target]" sortby="$SKINSHORTCUTS[sortby]" sortorder="$SKINSHORTCUTS[sort]">$SKINSHORTCUTS[content]</content>
				</control>
			</control>
			
		</control>
	</controls>
</other>



<!--  VARS -->
<other include="WidgetVars">
	<!--
	<condition tag="property" attribute="name|widgetStyle">List</condition>
	<condition tag="property" attribute="name|widgetStyle">Panel</condition>
	<match>any</match>
	-->
	<property name="id" tag="mainmenuid" />

	<variables>
		<variable name="HWidgetLabel8011$SKINSHORTCUTS[id]">
			<value condition="Control.HasFocus(8011$SKINSHORTCUTS[id])">[I] ($INFO[Container(8011$SKINSHORTCUTS[id]).CurrentItem]/$INFO[Container(8011$SKINSHORTCUTS[id]).NumItems])[/I]</value>

		</variable>
	<variable name="HWidgetLabel8021$SKINSHORTCUTS[id]">
			<value condition="Control.HasFocus(8021$SKINSHORTCUTS[id])">[I] ($INFO[Container(8021$SKINSHORTCUTS[id]).CurrentItem]/$INFO[Container(8021$SKINSHORTCUTS[id]).NumItems])[/I]</value>


		</variable>
		<variable name="GlobalWidgetLabel8011$SKINSHORTCUTS[id]">
			<value condition="String.Contains(Container(9000).ListItem.Property(widget),RecentlyAddedMovies)
				|String.Contains(Container(9000).ListItem.Property(widget),RecommendedMovies)
			|String.Contains(Container(9000).ListItem.Property(widget),RandomMovies)">$INFO[Container(8011$SKINSHORTCUTS[id]).ListItem.Title]$INFO[Container(8011$SKINSHORTCUTS[id]).ListItem.Year, (,)]</value>

			<value condition="String.Contains(Container(9000).ListItem.Property(widget),RecentlyAddedEpisodes)|String.Contains(Container(9000).ListItem.Property(widget),RandomEpisodes)|String.Contains(Container(9000).ListItem.Property(widget),RecommendedEpisodes)">$INFO[Container(8011$SKINSHORTCUTS[id]).ListItem.TVShowTitle] - $INFO[Container(8011$SKINSHORTCUTS[id]).ListItem.Season,S,E]$INFO[Container(8011$SKINSHORTCUTS[id]).ListItem.Episode,,: ]$INFO[Container(8011$SKINSHORTCUTS[id]).ListItem.Title]</value>

			<value condition="String.Contains(Container(9000).ListItem.Property(widget),RecentlyAddedAlbums)|String.Contains(Container(9000).ListItem.Property(widget),RandomAlbums)|String.Contains(Container(9000).ListItem.Property(widget),RecommendedAlbums)|String.Contains(Container(9000).ListItem.Property(widget),RandomSongs)">$INFO[Container(8011$SKINSHORTCUTS[id]).ListItem.Artist] - $INFO[Container(8011$SKINSHORTCUTS[id]).ListItem.Title]$INFO[Container(8011$SKINSHORTCUTS[id]).ListItem.Year, (,)]</value>

			<value condition="String.Contains(Container(9000).ListItem.Property(widget),NAired)|String.Contains(Container(9000).ListItem.Property(widgetpath),nextaired)">$INFO[Container(8011$SKINSHORTCUTS[id]).ListItem.Label] : ([COLOR=white][B]$INFO[Container(8011$SKINSHORTCUTS[id]).ListItem.Property(airday)] $INFO[Container(8011$SKINSHORTCUTS[id]).ListItem.Property(airdate)][/B][/COLOR])</value>

			<value condition="String.Contains(Container(9000).ListItem.Property(widget),Playlist) + String.IsEmpty(Container(8000).ListItem.TVShowTitle)">$INFO[Container(8011$SKINSHORTCUTS[id]).ListItem.Title]$INFO[Container(8011$SKINSHORTCUTS[id]).ListItem.Year, (,)]</value>
			<value condition="String.Contains(Container(9000).ListItem.Property(widget),Playlist) + !String.Contains(ListItem.Title,ListItem.TVShowTitle) + !String.IsEmpty(Container(8000).ListItem.TVShowTitle)">$INFO[Container(8011$SKINSHORTCUTS[id]).ListItem.TVShowTitle] - $INFO[Container(8011$SKINSHORTCUTS[id]).ListItem.Season,S,]$INFO[Container(8011$SKINSHORTCUTS[id]).ListItem.Episode,E,. ]$INFO[Container(8011$SKINSHORTCUTS[id]).ListItem.Title]</value>
			<value>$INFO[Container(8011$SKINSHORTCUTS[id]).ListItem.Label]</value>
		</variable>

		<variable name="HomeWidgetPosterVarList8011$SKINSHORTCUTS[id]">

			<value condition="!String.IsEmpty(Container(8011$SKINSHORTCUTS[id]).ListItem.Art(poster))">$INFO[Container(8011$SKINSHORTCUTS[id]).ListItem.Art(poster)]</value>
			<value condition="!String.IsEmpty(Container(8011$SKINSHORTCUTS[id]).ListItem.Art(tvshow.poster))">$INFO[Container(8011$SKINSHORTCUTS[id]).ListItem.Art(tvshow.poster)]</value>
			<value condition="!String.IsEmpty(Container(8011$SKINSHORTCUTS[id]).ListItem.Icon)">$INFO[Container(8011$SKINSHORTCUTS[id]).ListItem.Icon]</value>
			<value condition="!String.IsEmpty(Container(8011$SKINSHORTCUTS[id]).ListItem.Art(thumb))">$INFO[Container(8011$SKINSHORTCUTS[id]).ListItem.Art(thumb)]</value>
			<value condition="!String.IsEmpty(Container(8011$SKINSHORTCUTS[id]).ListItem.Art(fanart))">$INFO[Container(8011$SKINSHORTCUTS[id]).ListItem.Art(fanart)]</value>

		</variable>
		<variable name="HomeWidgetArtList8011$SKINSHORTCUTS[id]">

			<value condition="!String.IsEmpty(Container(8011$SKINSHORTCUTS[id]).ListItem.Art(clearart))">$INFO[Container(8011$SKINSHORTCUTS[id]).ListItem.Art(clearart)]</value>
			<value condition="!String.IsEmpty(Container(8011$SKINSHORTCUTS[id]).ListItem.Art(clearlogo))">$INFO[Container(8011$SKINSHORTCUTS[id]).ListItem.Art(clearlogo)]</value>
		</variable>

		<variable name="GlobalWidgetLabel8021$SKINSHORTCUTS[id]">
			<value condition="String.Contains(Container(9000).ListItem.Property(widget.2),RecentlyAddedMovies)|String.Contains(Container(9000).ListItem.Property(widget.2),RecommendedMovies)|String.Contains(Container(9000).ListItem.Property(widget.2),RandomMovies)">$INFO[Container(8021$SKINSHORTCUTS[id]).ListItem.Title]$INFO[Container(8021$SKINSHORTCUTS[id]).ListItem.Year, (,)]</value>

			<value condition="String.Contains(Container(9000).ListItem.Property(widget.2),RecentlyAddedEpisodes)|String.Contains(Container(9000).ListItem.Property(widget.2),RandomEpisodes)|String.Contains(Container(9000).ListItem.Property(widget.2),RecommendedEpisodes)">$INFO[Container(8021$SKINSHORTCUTS[id]).ListItem.TVShowTitle] - $INFO[Container(8021$SKINSHORTCUTS[id]).ListItem.Season,S,E]$INFO[Container(8021$SKINSHORTCUTS[id]).ListItem.Episode,,: ]$INFO[Container(8021$SKINSHORTCUTS[id]).ListItem.Title]</value>

			<value condition="String.Contains(Container(9000).ListItem.Property(widget.2),RecentlyAddedAlbums)|String.Contains(Container(9000).ListItem.Property(widget.2),RandomAlbums)|String.Contains(Container(9000).ListItem.Property(widget.2),RecommendedAlbums)|String.Contains(Container(9000).ListItem.Property(widget.2),RandomSongs)">$INFO[Container(8021$SKINSHORTCUTS[id]).ListItem.Artist] - $INFO[Container(8021$SKINSHORTCUTS[id]).ListItem.Title]$INFO[Container(8021$SKINSHORTCUTS[id]).ListItem.Year, (,)]</value>

			<value condition="String.Contains(Container(9000).ListItem.Property(widget.2),NAired)|String.Contains(Container(9000).ListItem.Property(widgetpath.2),nextaired)">$INFO[Container(8021$SKINSHORTCUTS[id]).ListItem.Label] : ([COLOR=white][B]$INFO[Container(8021$SKINSHORTCUTS[id]).ListItem.Property(airday)] $INFO[Container(8021$SKINSHORTCUTS[id]).ListItem.Property(airdate)][/B][/COLOR])</value>

			<value condition="String.Contains(Container(9000).ListItem.Property(widget.2),Playlist) + String.IsEmpty(Container(8000).ListItem.TVShowTitle)">$INFO[Container(8021$SKINSHORTCUTS[id]).ListItem.Title]$INFO[Container(8021$SKINSHORTCUTS[id]).ListItem.Year, (,)]</value>
			<value condition="String.Contains(Container(9000).ListItem.Property(widget.2),Playlist) + !String.Contains(ListItem.Title,ListItem.TVShowTitle) + !String.IsEmpty(Container(8000).ListItem.TVShowTitle)">$INFO[Container(8021$SKINSHORTCUTS[id]).ListItem.TVShowTitle] - $INFO[Container(8021$SKINSHORTCUTS[id]).ListItem.Season,S,]$INFO[Container(8021$SKINSHORTCUTS[id]).ListItem.Episode,E,. ]$INFO[Container(8021$SKINSHORTCUTS[id]).ListItem.Title]</value>
			<value>$INFO[Container(8021$SKINSHORTCUTS[id]).ListItem.Label]</value>

		</variable>
		<variable name="HomeWidgetPosterVarList8021$SKINSHORTCUTS[id]">

			<value condition="!String.IsEmpty(Container(8021$SKINSHORTCUTS[id]).ListItem.Art(poster))">$INFO[Container(8021$SKINSHORTCUTS[id]).ListItem.Art(poster)]</value>
			<value condition="!String.IsEmpty(Container(8021$SKINSHORTCUTS[id]).ListItem.Art(tvshow.poster))">$INFO[Container(8021$SKINSHORTCUTS[id]).ListItem.Art(tvshow.poster)]</value>
			<value condition="!String.IsEmpty(Container(8021$SKINSHORTCUTS[id]).ListItem.Icon)">$INFO[Container(8021$SKINSHORTCUTS[id]).ListItem.Icon]</value>
			<value condition="!String.IsEmpty(Container(8021$SKINSHORTCUTS[id]).ListItem.Art(thumb))">$INFO[Container(8021$SKINSHORTCUTS[id]).ListItem.Art(thumb)]</value>
			<value condition="!String.IsEmpty(Container(8021$SKINSHORTCUTS[id]).ListItem.Art(fanart))">$INFO[Container(8021$SKINSHORTCUTS[id]).ListItem.Art(fanart)]</value>
		</variable>
		<variable name="HomeWidgetArtList8021$SKINSHORTCUTS[id]">
			<value condition="!String.IsEmpty(Container(8021$SKINSHORTCUTS[id]).ListItem.Art(clearart))">$INFO[Container(8021$SKINSHORTCUTS[id]).ListItem.Art(clearart)]</value>
			<value condition="!String.IsEmpty(Container(8021$SKINSHORTCUTS[id]).ListItem.Art(clearlogo))">$INFO[Container(8021$SKINSHORTCUTS[id]).ListItem.Art(clearlogo)]</value>
		</variable>
		<variable name="Wd1Visible">
			<value condition="Container(9000).HasFocus($SKINSHORTCUTS[id])+[Integer.IsGreater(Container(8011$SKINSHORTCUTS[id]).NumItems,0)|String.IsEqual(Container(9000).ListItem.Property(widget),WeatherForecast)|String.IsEqual(Container(9000).ListItem.Property(widget),SystemInfo)]">9022</value>
			<value></value>
		</variable>
		<variable name="Wd2Visible">
			<value condition="Container(9000).HasFocus($SKINSHORTCUTS[id])+[Integer.IsGreater(Container(8021$SKINSHORTCUTS[id]).NumItems,0)|String.IsEqual(Container(9000).ListItem.Property(widget.2),WeatherForecast)|String.IsEqual(Container(9000).ListItem.Property(widget.2),SystemInfo)]">9023</value>
			<value></value>
		</variable>
	</variables>
</other>

</template>