<?xml version="1.0" encoding="UTF-8"?>
<window id="500">
	<views>55,53,57</views>
	<defaultcontrol>55</defaultcontrol>
	<controls>
		<include>Global_Background</include>
		<include>Viewtype_Poster_Wrap</include>
		<include>Viewtype_Poster_Fixed</include>
		<include>Viewtype_List</include>
		<include>Global_ContextFilter</include>
		<include>Global_ScrollOffsetLabel</include>
		<control type="image">
			<description>background image</description>
			<posx>440</posx>
			<posy>80</posy>
			<width>400</width>
			<height>370</height>
			<texture>frames/Menu_Glass2b.png</texture>
			<colordiffuse>DialogBackgroundColor</colordiffuse>
			<visible allowhiddenfocus="true">ControlGroup(7000).HasFocus</visible>
		</control>
		<control type="grouplist" id="7000">
			<width>0</width>
			<height>0</height>
			<posx>0</posx>
			<posy>0</posy>
			<onup>7000</onup>
			<ondown>7000</ondown>
			<onleft>55</onleft>
			<onright>55</onright>
			<itemgap>0</itemgap>
			<visible allowhiddenfocus="true">false</visible>
			<orientation>vertical</orientation>
			<control type="button" id="27">
				<description>viewmode</description>
				<onclick>Container.NextViewMode</onclick>
			</control>
			<control type="radiobutton" id="20">
				<description>shuffle</description>
			</control>
			<control type="button" id="26">
				<description>repeat</description>
			</control>
			<control type="button" id="21">
				<description>save</description>
			</control>
			<control type="button" id="22">
				<description>clear</description>
				<onclick>ReplaceWindow(music)</onclick>
			</control>
		</control>

		<control type="grouplist">
			<width>400</width>
			<height>730</height>
			<posx>470</posx>
			<posy>120</posy>
			<onup>55</onup>
			<ondown>55</ondown>
			<itemgap>5</itemgap>
			<visible allowhiddenfocus="true">ControlGroup(7000).HasFocus</visible>
			<orientation>vertical</orientation>
			<!-- Fake -->
			<control type="button" id="40">
				<description>viewmode</description>
				<label>$LOCALIZE[31183]: $INFO[Container.ViewMode]</label>
				<width>340</width>
				<height>38</height>
				<font>METF_DialogLarge</font>
				<align>left</align>
				<aligny>center</aligny>
				<textcolor>TextNF</textcolor>
				<textoffsetx>20</textoffsetx>
				<visible>!ControlGroup(7000).HasFocus(27)</visible>
			</control>
			<control type="button" id="40">
				<description>viewmode</description>
				<label>$LOCALIZE[31183]: $INFO[Container.ViewMode]</label>
				<width>340</width>
				<height>38</height>
				<font>METF_DialogLarge</font>
				<align>left</align>
				<aligny>center</aligny>
				<textcolor>DialogTextFO</textcolor>
				<textoffsetx>20</textoffsetx>
				<texturenofocus border="1">ButtonFO2Wide.png</texturenofocus>
				<visible>ControlGroup(7000).HasFocus(27)</visible>
			</control>
			<control type="button" id="7041">
				<description>shuffle, non-focus</description>
				<label>$LOCALIZE[191] $LOCALIZE[559]</label>
				<width>340</width>
				<height>38</height>
				<font>METF_DialogLarge</font>
				<align>left</align>
				<aligny>center</aligny>
				<textcolor>TextNF</textcolor>
				<textoffsetx>20</textoffsetx>
				<focusedcolor>DialogTextFO</focusedcolor>
				<texturefocus border="1">ButtonFO2Wide.png</texturefocus>
				<visible>!ControlGroup(7000).HasFocus(20)</visible>
			</control>
			<control type="button" id="7041">
				<description>shuffle, focus</description>
				<label>$LOCALIZE[191] $LOCALIZE[559]</label>
				<width>340</width>
				<height>38</height>
				<font>METF_DialogLarge</font>
				<align>left</align>
				<aligny>center</aligny>
				<textcolor>DialogTextFO</textcolor>
				<textoffsetx>20</textoffsetx>
				<focusedcolor>DialogTextFO</focusedcolor>
				<texturefocus border="1">ButtonFO2Wide.png</texturefocus>
				<texturenofocus border="1">ButtonFO2Wide.png</texturenofocus>
				<visible>ControlGroup(7000).HasFocus(20)</visible>
			</control>
			<control type="button" id="7043">
				<description>repeat</description>
				<label>$LOCALIZE[179] $INFO[Control.GetLabel(26)]</label>
				<width>340</width>
				<height>38</height>
				<font>METF_DialogLarge</font>
				<align>left</align>
				<aligny>center</aligny>
				<textcolor>TextNF</textcolor>
				<textoffsetx>20</textoffsetx>
				<focusedcolor>DialogTextFO</focusedcolor>
				<texturefocus border="1">ButtonFO2Wide.png</texturefocus>
				<visible>!ControlGroup(7000).HasFocus(26)</visible>
			</control>
			<control type="button" id="7043">
				<description>repeat</description>
				<label>$LOCALIZE[179] $INFO[Control.GetLabel(26)]</label>
				<width>340</width>
				<height>38</height>
				<font>METF_DialogLarge</font>
				<align>left</align>
				<aligny>center</aligny>
				<textcolor>DialogTextFO</textcolor>
				<textoffsetx>20</textoffsetx>
				<focusedcolor>DialogTextFO</focusedcolor>
				<texturefocus border="1">ButtonFO2Wide.png</texturefocus>
				<texturenofocus border="1">ButtonFO2Wide.png</texturenofocus>
				<visible>ControlGroup(7000).HasFocus(26)</visible>
			</control>
			<control type="button" id="7044">
				<description>save</description>
				<label>$LOCALIZE[190] $LOCALIZE[559]</label>
				<width>340</width>
				<height>38</height>
				<font>METF_DialogLarge</font>
				<align>left</align>
				<aligny>center</aligny>
				<textcolor>TextNF</textcolor>
				<textoffsetx>20</textoffsetx>
				<focusedcolor>DialogTextFO</focusedcolor>
				<texturefocus border="1">ButtonFO2Wide.png</texturefocus>
				<visible>!ControlGroup(7000).HasFocus(21)</visible>
			</control>
			<control type="button" id="7044">
				<description>save</description>
				<label>$LOCALIZE[190] $LOCALIZE[559]</label>
				<width>340</width>
				<height>38</height>
				<font>METF_DialogLarge</font>
				<align>left</align>
				<aligny>center</aligny>
				<textcolor>DialogTextFO</textcolor>
				<textoffsetx>20</textoffsetx>
				<focusedcolor>DialogTextFO</focusedcolor>
				<texturefocus border="1">ButtonFO2Wide.png</texturefocus>
				<texturenofocus border="1">ButtonFO2Wide.png</texturenofocus>
				<visible>ControlGroup(7000).HasFocus(21)</visible>
			</control>
			<control type="button" id="7045">
				<description>clear</description>
				<label>$LOCALIZE[192] $LOCALIZE[559]</label>
				<width>340</width>
				<height>38</height>
				<font>METF_DialogLarge</font>
				<align>left</align>
				<aligny>center</aligny>
				<textcolor>TextNF</textcolor>
				<textoffsetx>20</textoffsetx>
				<focusedcolor>DialogTextFO</focusedcolor>
				<texturefocus border="1">ButtonFO2Wide.png</texturefocus>
				<visible>!ControlGroup(7000).HasFocus(22)</visible>
			</control>
			<control type="button" id="7045">
				<description>clear</description>
				<label>$LOCALIZE[192] $LOCALIZE[559]</label>
				<width>340</width>
				<height>38</height>
				<font>METF_DialogLarge</font>
				<align>left</align>
				<aligny>center</aligny>
				<textcolor>DialogTextFO</textcolor>
				<textoffsetx>20</textoffsetx>
				<focusedcolor>DialogTextFO</focusedcolor>
				<texturefocus border="1">ButtonFO2Wide.png</texturefocus>
				<texturenofocus border="1">ButtonFO2Wide.png</texturenofocus>
				<visible>ControlGroup(7000).HasFocus(22)</visible>
			</control>
		</control>
		<control type="image">
			<description>shuffle button</description>
			<posx>775</posx>
			<posy>168</posy>
			<width>28</width>
			<height>28</height>
			<texture>keyboard/RadioButtonFO.png</texture>
			<visible>ControlGroup(7000).HasFocus + SubString(Control.GetLabel(20),*)</visible>
		</control>
		<control type="image">
			<description>shuffle button</description>
			<posx>775</posx>
			<posy>168</posy>
			<width>28</width>
			<height>28</height>
			<texture>keyboard/RadioButtonNF.png</texture>
			<visible>ControlGroup(7000).HasFocus + !SubString(Control.GetLabel(20),*)</visible>
		</control>
		<!-- <include>Global_Heading</include> -->
		<include>Global_Weather</include>
		<include>Global_Time</include>
		<include>Global_MediaOverlay</include>
		<include condition="Skin.String(DebugGrid)">Object_DebugGrid</include>
	</controls>
</window>
