<?xml version="1.0" encoding="UTF-8"?>
<window id="2006">
	<onload condition="System.HasAddon(script.artistslideshow)">RunScript(script.artistslideshow, daemon=True)</onload>
	<defaultcontrol>-</defaultcontrol>
	<controls>
	  
	  <include>MusiqueBackGround</include>
		<control type="visualisation" id="2">
			<description>visualisation</description>
			<posx>0</posx>
			<posy>0</posy>
			<width>1920</width>
			<height>1080</height>
			<include>Animation_BackdropFade</include>
		</control>
		
		


		<control type="group">
			<posy>360</posy>
			<!-- <visible>Player.ShowInfo + !Window.IsVisible(musicosd)</visible> -->
			<visible>!Window.IsVisible(musicosd)+[Skin.HasSetting(MusicSongInfoOverlay)|Player.ShowInfo]</visible>
			<animation type="Visible">
				<effect type="fade" time="200" start="0" end="100" />
				<effect type="slide" time="600" start="0,151" end="0,0" easing="out" tween="cubic" />
			</animation>
			<animation type="Hidden">
				<effect type="fade" time="200" start="100" end="0" />
				<effect type="slide" time="600" start="0,0" end="0,151" easing="out" tween="cubic" />
			</animation>
			<control type="image">
				<posx>0</posx>
				<posy>460</posy>
				<width>1920</width>
				<height>260</height>
				<texture>osd/OSDdialogback.png</texture>
				<colordiffuse>OSDBackgroundColor</colordiffuse>

			</control>

			<control type="group">
				<posx>-20</posx>
				<posy>555</posy>
				<animation effect="slide" start="-280" end="30" time="600" tween="cubic" easing="out" delay="400">WindowOpen</animation>
				<animation effect="slide" start="30" end="-280" time="600" tween="cubic" easing="out" delay="800">WindowClose</animation>

				<!--<visible>Skin.HasSetting(MediaOverlay)</visible> -->
				<control type="image">
					<width>180</width>
					<height>180</height>
					<posx>124</posx>
					<posy>-70</posy>
					<texture>cd.png</texture>
					<aspectratio align="bottom">keep</aspectratio>
					<visible>Player.HasAudio</visible>
					
				</control>
				<control type="image" id="7026">
					<width>180</width>
					<height>180</height>
					<posx>64</posx>
					<posy>-70</posy>
					<include>Animation_SpinningCD</include>
				</control>
				<control type="image">
					<description>cover image</description>
					<posx>-50</posx>
					<posy>-80</posy>
					<width>340</width>
					<height>200</height>
					<fadetime>200</fadetime>
					<texture background="true">$VAR[CoverPlayer]</texture>
					<aspectratio aligny="bottom">keep</aspectratio>
					<bordertexture border="8">thumb_border.png</bordertexture>
					<bordersize>8</bordersize>
				</control>
			</control>
			<control type="image">
				<width>475</width>
				<height>100</height>
				<posx>410</posx>
				<posy>470</posy>
				<aligny>top</aligny>
				<align>center</align>
				<texture diffuse="shine.png" background="true">$INFO[Window(Home).Property(ArtistBannerPlayer)]</texture>
				<aspectratio>keep</aspectratio>
				<visible>!String.IsEmpty(Window(Home).Property(ArtistBannerPlayer))</visible>
			
			</control>
			<control type="label">
				<posx>324</posx>
				<posy>485</posy><!-- -143 -->
				<width>750</width>
				<height>25</height>
				<align>center</align>
				<scroll>true</scroll>
				<font>METF_MusicVizTitle</font>
				<label>[COLOR=NowPlayingTitle]$INFO[MusicPlayer.Artist][/COLOR]</label>
				<visible>String.IsEmpty(Window(Home).Property(ArtistThumbPlayer))|String.IsEmpty(Window(Home).Property(ArtistBannerPlayer))</visible>
			</control>

			<control type="fadelabel">
				<posx>330</posx>
				<posy>575</posy> <!-- -103 -->
				<width>740</width>
				<height>24</height>
				<align>left</align>
				<aligny>center</aligny>
				<font>METF_TitleTextLarge</font>
				<label>$INFO[MusicPlayer.Album]</label>
				<textcolor>80C2C4C3</textcolor>
			</control>

			<!---------- ----------------------->
			<control type="label" id="1555">
				<posx>324</posx>
				<posy>380</posy>
				<width>650</width>
				<height>24</height>
				<align>center</align>
				<aligny>center</aligny>
				<font>METF_TitleTextLarge</font>
				<label></label>
				<visible>String.Contains(Control.GetLabel(14),0)|Container(15).HasNext| [Integer.IsGreater(MusicPlayer.Time,1) + !Integer.IsGreater(MusicPlayer.Time,11)]</visible>
			</control>

			<!--- --------------------------------------------->

			<!--	Biography	-->
			<control type="group">
				<control type="scrollbar" id="14">
					<description>My first scroll bar control</description>
					<left>80</left>
					<top>60</top>
					<width>250</width>
					<height>30</height>
					<visible>true</visible>
					<texturesliderbackground>slider/slider_back.png</texturesliderbackground>
					<texturesliderbar>slider/slider_button_focus.png</texturesliderbar>
					<texturesliderbarfocus>slider/slider_button_focus.png</texturesliderbarfocus>
					<textureslidernib>slider/SliderNibNF.png</textureslidernib>
					<textureslidernibfocus>slider/SliderNibFO.png</textureslidernibfocus>
					<pulseonselect></pulseonselect>
					<orientation>vertical</orientation>
					<showonepage>true</showonepage>
					<onup>2</onup>
					<ondown>3</ondown>
					<onleft>1</onleft>
					<onright>1</onright>
				</control>

				<visible>Skin.HasSetting(ShowArtistBio)+!String.IsEmpty(Window(Home).Property(ArtistBioPlayer))</visible>
				<!--+[[Integer.IsGreater(MusicPlayer.Time,1) + !Integer.IsGreater(MusicPlayer.Time,130)] | [Integer.IsGreater(MusicPlayer.Time,300)]]</visible> -->

				<posx>1364</posx>
				<posy>-350</posy>
				<width>475</width>
				<height>800</height>
				<include>Animation_SlideUpFadeOutV</include>

				<control type="group">
					<control type="image">
						<posy>-50</posy>
						<posx>-100</posx>
						<width>680</width>
						<height>900</height>

						<texture diffuse="shine.png">frames/ClassicFrame_background.png</texture>
						<colordiffuse>A0101010</colordiffuse>
					</control>
					<control type="textbox" id="15" >
						<pagecontrol>14</pagecontrol>
						<posx>-4</posx>
						<posy>-4</posy>
						<aligny>top</aligny>
						<align>center</align>
						<font>METF_SettingsHeading</font>
						<autoscroll delay="8000" time="1500" repeat="100">Skin.HasSetting(AutoScroll)+[Control.IsVisible(1555)| [Integer.IsGreater(MusicPlayer.Time,1) + !Integer.IsGreater(MusicPlayer.Time,20)]]</autoscroll>
						<label>$INFO[Window(Home).Property(ArtistBioPlayer)]</label>
						<shadowcolor>FF000000</shadowcolor>
						<textcolor>white</textcolor>
					</control>
				</control>
				<animation effect="slide" start="0,0" end="0,-1200" time="2000" delay="8000" tween="cubic" easing="out" condition="!Control.IsVisible(1555)">Conditional</animation>

			</control>

			<control type="image">
				<width>475</width>
				<height>230</height>
				<posx>1000</posx>
				<posy>480</posy>
				<aligny>top</aligny>
				<align>left</align>
				<texture diffuse="shine.png" background="true">$INFO[Window(Home).Property(ArtistThumbPlayer)]</texture>
				<aspectratio>keep</aspectratio>
				<visible>!String.IsEmpty(Window(Home).Property(ArtistThumbPlayer))</visible>
			</control>

			<control type="fadelabel">
				<posx>330</posx>
				<posy>612</posy>
				<width>650</width><!-- 1280 -->
				<height>30</height>
				<scrollout>false</scrollout>
				<pauseatend>3800</pauseatend>
				<scrollspeed>40</scrollspeed>
				<align>center</align>
				<font>lcdtime</font>
				<label>[COLOR=white]$INFO[MusicPlayer.Title][/COLOR]</label>
			</control>

			<control type="fadelabel">
				<posx>332</posx>
				<posy>661</posy>
				<width>150</width>
				<height>8</height>
				<align>right</align>
				<aligny>center</aligny>
				<info>MusicPlayer.Time</info>
				<font>led24</font>
				<textcolor>NowPlayingTitle</textcolor>

			</control>
			<control type="progress" id="23">
				<description>Progressbar</description>
				<posx>495</posx>
				<posy>655</posy>
				<width>420</width>
				<height>25</height>
				<align>center</align>
				<info>Player.Progress</info>
				<reveal>true</reveal>
				<texturebg>osd/osd_progress_back.png</texturebg>
				<lefttexture>osd/osd_progress_left.png</lefttexture>
				<midtexture>osd/osd_progress_mid.png</midtexture>
				<righttexture>osd/osd_progress_right.png</righttexture>
				<colordiffuse>OSDProgressBar</colordiffuse>
				<overlaytexture>-</overlaytexture>

			</control>
			<control type="fadelabel">
				<posx>925</posx>
				<posy>661</posy>
				<width>150</width>
				<height>8</height>
				<align>left</align>
				<aligny>center</aligny>
				<info>MusicPlayer.Duration</info>
				<font>led24</font>
				<textcolor>NowPlayingTitle</textcolor>

			</control>

			<control type="group">
				<control type="image">
					<posx>10</posx>
					<posy>680</posy>
					<description>Codec Image</description>
					<width>67</width>  <!-- 160x80 -->
					<height>30</height>
					<aspectratio>keep</aspectratio>
					<texture>$INFO[MusicPlayer.Codec,flags/AudioCodec/,.png]</texture>
				</control>
				<control type="image">
					<posx>5</posx>
					<posy>675</posy>
					<width>77</width>
					<height>40</height>
					<colordiffuse>MediaFlagBoxDiffuse</colordiffuse>
					<texture>flags/flag_frame.png</texture>
				</control>
				<control type="image">
					<posx>85</posx>
					<posy>680</posy>
					<width>60</width>
					<height>30</height>
					<aspectratio>keep</aspectratio>
					<texture fallback="flags/AudioChannels/DefaultChannels.png">$INFO[MusicPlayer.Channels,flags/AudioChannels/,ch.png]</texture>
				</control>
				<control type="image">
					<posx>75</posx>
					<posy>675</posy>
					<width>80</width>
					<height>40</height>
					<colordiffuse>MediaFlagBoxDiffuse</colordiffuse>
					<texture>flags/flag_frame.png</texture>
				</control>
				<control type="image">
					<posx>158</posx>
					<posy>680</posy>
					<width>60</width>
					<height>30</height>
					<aspectratio>keep</aspectratio>
					<texture>$INFO[MusicPlayer.Property(Album_Label),flags/RecordLabels/,.png]</texture>
				</control>
				<control type="image">
					<posx>148</posx>
					<posy>675</posy>
					<width>80</width>
					<height>40</height>
					<colordiffuse>MediaFlagBoxDiffuse</colordiffuse>
					<texture>flags/flag_frame.png</texture>
				</control>
				<control type="image">
					<posx>233</posx>
					<posy>685</posy>
					<width>88</width>
					<height>22</height>
					<colordiffuse>OSDProgressBar</colordiffuse>
					<texture>flags/LeftRating/$INFO[Player.StarRating]</texture>
				</control>
				<control type="image">
					<posx>218</posx>
					<posy>675</posy>
					<width>118</width>
					<height>40</height>
					<texture>flags/flag_frame.png</texture>
					<colordiffuse>MediaFlagBoxDiffuse</colordiffuse>
				</control>

			</control>
			<!--<include>Global_Weather</include>-->
			<!--<include>Global_Time</include>-->
			<include>NextTracksPlaylist_Content</include>
		</control>
		<!-- --
		<control type="label">
				<posx>10</posx>
				<posy>10</posy>
				<width>1600</width>
				<label>ArtisteBanner=$INFO[Window(Home).Property(ArtistBannerPlayer)][CR]ArtistLogo=$INFO[Window(Home).Property(ArtistLogoPlayer)][CR]AlbumCD=$INFO[Window(Home).Property(AlbumCdPlayer)][CR]**AlbumCover=$VAR[CoverPlayer][CR]ICON=$INFO[ListItem.Icon][CR]DiscSpinning:$VAR[discartSpinning][CR]Slideshow:$INFO[Window(Visualisation).Property(ArtistSlideshow)][CR]PlayerFanart:$INFO[Player.Art(fanart)][CR]2996ICON:$INFO[Container(2996).ListItem.Icon]</label>
			</control>-->
		
	</controls>
</window>
