<?xml version="1.0" encoding="UTF-8"?>
<window id="610">
	<defaultcontrol always="true">11</defaultcontrol>
	<coordinates>
		<system>1</system>
		<posx>770</posx>
		<posy>50</posy>
	</coordinates>

	<controls>
		<control type="image">
			<description>background image</description>
			<posx>0</posx>
			<posy>0</posy>
			<width>520</width>
			<height>505</height>
			<texture>frames/Menu_Glass2b.png</texture>
			<colordiffuse>DialogBackgroundColor</colordiffuse>
		</control>

		<control type="label">
			<description>heading label</description>
			<posx>40</posx>
			<posy>40</posy>
			<width>440</width>
			<height>40</height>
			<align>center</align>
			<aligny>center</aligny>
			<font>METF_SettingsHeading</font>
			<textcolor>DialogTextFO</textcolor>
			<label>$LOCALIZE[19222] - $INFO[VideoPlayer.ChannelName]</label>
		</control>

		<control type="label">
			<description>Current date label</description>
			<posx>40</posx>
			<posy>80</posy>
			<width>440</width>
			<height>30</height>
			<align>center</align>
			<aligny>center</aligny>
			<font>METF_PVRChannelList</font>
			<label>$INFO[Container(11).ListItem.StartDate]</label>
		</control>

		<control type="list" id="11">
			<posx>40</posx>
			<posy>120</posy>
			<width>410</width>
			<height>355</height>
			<onleft>60</onleft>
			<onright>60</onright>
			<onup>11</onup>
			<ondown>11</ondown>
			<pagecontrol>60</pagecontrol>
			<scrolltime>200</scrolltime>
			<itemlayout height="29" width="410">
				<control type="label">
					<posx>0</posx>
					<posy>0</posy>
					<width>85</width>
					<height>30</height>
					<align>right</align>
					<aligny>center</aligny>
					<font>METF_PVRChannelList</font>
					<info>ListItem.StartTime</info>
				</control>
				<control type="label">
					<posx>100</posx>
					<posy>0</posy>
					<width>320</width>
					<height>30</height>
					<align>left</align>
					<aligny>center</aligny>
					<font>METF_PVRChannelList</font>
					<info>ListItem.Label</info>
				</control>
			</itemlayout>
			<focusedlayout height="29" width="410">
				<control type="image">
					<description>Channel focus selection</description>
					<posx>0</posx>
					<posy>2</posy>
					<width>415</width>
					<height>29</height>
					<texture>ButtonFo.png</texture>
				</control>
				<control type="label">
					<posx>0</posx>
					<posy>0</posy>
					<width>85</width>
					<height>30</height>
					<align>right</align>
					<aligny>center</aligny>
					<font>METF_PVRChannelList</font>
					<info>ListItem.StartTime</info>
				</control>
				<control type="label">
					<posx>100</posx>
					<posy>0</posy>
					<width>320</width>
					<height>30</height>
					<align>left</align>
					<aligny>center</aligny>
					<font>METF_PVRChannelList</font>
					<info>ListItem.Label</info>
				</control>
			</focusedlayout>
		</control>
		<control type="scrollbar" id="60">
			<description>Channel scrollbar</description>
			<posx>455</posx>
			<posy>120</posy>
			<width>25</width>
			<height>360</height>
			<texturesliderbackground>-</texturesliderbackground>
			<textureslidernibfocus>ScrollBarV_Nib_Focus.png</textureslidernibfocus>
			<onleft>11</onleft>
			<onright>11</onright>
			<showonepage>false</showonepage>
			<orientation>vertical</orientation>
		</control>
	</controls>
</window>
