<?xml version="1.0" encoding="UTF-8"?>
<window>
	<defaultcontrol always="true">570</defaultcontrol>
	<views>570</views>
	<controls>
		<include>Global_Background</include>
		<include>Global_ContextFilter</include>
		<control type="group">
			<visible>Control.IsVisible(570)</visible>
			<include>Animation_OpenCloseFade</include>
			<include>Animation_FadedByMenu</include>
			<include>Animation_HiddenByInfo</include>
			<control type="list" id="570">
				<left>95</left>
				<top>78</top>
				<width>1080</width>
				<height>425</height>
				<include condition="!Skin.HasSetting(ViewLockdown)">OnLeft7000</include>
				<onright>998</onright>
				<onup>570</onup>
				<ondown>570</ondown>
				<viewtype label="535">list</viewtype>
				<pagecontrol>998</pagecontrol>
				<scrolltime>200</scrolltime>
				<itemlayout height="85" width="1080">
					<control type="image">
						<left>0</left>
						<top>0</top>
						<width>1080</width>
						<height>80</height>
						<texture border="5">ButtonNF.png</texture>
					</control>
					<control type="image">
						<left>2</left>
						<top>2</top>
						<width>80</width>
						<height>76</height>
						<texture>$INFO[Listitem.Icon]</texture>
						<aspectratio>keep</aspectratio>
						<bordertexture border="3">black-back2.png</bordertexture>
						<bordersize>2</bordersize>
					</control>
					<control type="label">
						<left>90</left>
						<top>0</top>
						<width>870</width>
						<height>30</height>
						<font>METF_DialogDetails</font>
						<textcolor>SettingsDetail</textcolor>
						<selectedcolor>DialogTextFO</selectedcolor>
						<align>left</align>
						<aligny>center</aligny>
						<label>[B]$INFO[ListItem.Label][/B]</label>
					</control>
					<control type="textbox">
						<left>90</left>
						<top>32</top>
						<width>870</width>
						<height>48</height>
						<font>METF_DialogDetails</font>
						<textcolor>SettingsDetail</textcolor>
						<selectedcolor>DialogTextFO</selectedcolor>
						<align>left</align>
						<label>$INFO[ListItem.Property(Event.Description)]</label>
					</control>
					<control type="label">
						<left>90</left>
						<top>0</top>
						<width>970</width>
						<height>30</height>
						<font>METF_DialogDetails</font>
						<textcolor>SettingsDetail</textcolor>
						<selectedcolor>DialogTextFO</selectedcolor>
						<align>right</align>
						<aligny>center</aligny>
						<label>$INFO[ListItem.Label2]</label>
					</control>
				</itemlayout>
				<focusedlayout height="85" width="1080">
					<control type="image">
						<left>0</left>
						<top>0</top>
						<width>1080</width>
						<height>80</height>
						<texture border="5">ButtonNF.png</texture>
						<visible>!Control.HasFocus(570)</visible>
					</control>
					<control type="image">
						<left>0</left>
						<top>0</top>
						<width>1080</width>
						<height>80</height>
						<texture border="5">ButtonFo.png</texture>
						<visible>Control.HasFocus(570)</visible>
					</control>
					<control type="image">
						<left>2</left>
						<top>2</top>
						<width>80</width>
						<height>76</height>
						<texture>$INFO[Listitem.Icon]</texture>
						<aspectratio>keep</aspectratio>
						<bordertexture border="3">black-back2.png</bordertexture>
						<bordersize>2</bordersize>
					</control>
					<control type="label">
						<left>90</left>
						<top>0</top>
						<width>870</width>
						<height>30</height>
						<font>METF_DialogDetails</font>
						<textcolor>SettingsDetail</textcolor>
						<selectedcolor>DialogTextFO</selectedcolor>
						<align>left</align>
						<aligny>center</aligny>
						<label>[B]$INFO[ListItem.Label][/B]</label>
					</control>
					<control type="textbox">
						<left>90</left>
						<top>32</top>
						<width>870</width>
						<height>48</height>
						<font>METF_DialogDetails</font>
						<textcolor>SettingsDetail</textcolor>
						<selectedcolor>DialogTextFO</selectedcolor>
						<align>left</align>
						<label>$INFO[ListItem.Property(Event.Description)]</label>
					</control>
					<control type="label">
						<left>90</left>
						<top>0</top>
						<width>970</width>
						<height>30</height>
						<font>METF_DialogDetails</font>
						<textcolor>SettingsDetail</textcolor>
						<selectedcolor>DialogTextFO</selectedcolor>
						<align>right</align>
						<aligny>center</aligny>
						<label>$INFO[ListItem.Label2]</label>
					</control>
				</focusedlayout>
			</control>
			<control type="scrollbar" id="998">
				<include>Animation_OpenCloseFade</include>
				<include>Animation_FadedByMenu</include>
				<posx>1270</posx>
				<posy>128</posy>
				<width>22</width>
				<height>376</height>
				<visible allowhiddenfocus="true">Control.HasFocus(998) | Container.Scrolling</visible>
				<texturesliderbackground>-</texturesliderbackground>
				<textureslidernib>ScrollBarV_Nib_Focus.png</textureslidernib>
				<textureslidernibfocus>ScrollBarV_Nib_Focus.png</textureslidernibfocus>
				<onleft>570</onleft>
				<onright>noop</onright>
				<showonepage>true</showonepage>
				<orientation>vertical</orientation>
				<animation effect="fade" start="0" end="100" time="400" condition="Control.HasFocus(998) | Container.Scrolling">Conditional</animation>
			</control>
		</control>
		<control type="group">
			<posx>30</posx>
			<posy>10</posy>
			<control type="label">
				<label>$LOCALIZE[14111]</label>
				<include>Global_HeadingSectionVars</include>
			</control>
			<control type="label">
                                <label>$INFO[Container(570).NumItems,, $LOCALIZE[31277]]</label>
				<include>Global_HeadingDetailVars</include>
				<visible>!Integer.IsGreater(Container(570).NumItems,1)</visible>
			</control>
			<control type="label">
                                <label>$INFO[Container(570).NumItems,, $LOCALIZE[31281]]</label>
				<include>Global_HeadingDetailVars</include>
				<visible>Integer.IsGreater(Container(570).NumItems,1)</visible>
			</control>
		</control>
		<!-- Navigation Menu -->
		<control type="group">
			<include>Animation_NavMenu</include>
			<include>NavMenuBackground</include>
			<control type="grouplist" id="7000">
				<posx>470</posx>
				<posy>120</posy>
				<width>340</width>
				<height>548</height>
				<itemgap>2</itemgap>
				<onleft>570</onleft>
				<onright>570</onright>
				<onup>7000</onup>
				<ondown>7000</ondown>
				<orientation>vertical</orientation>
				<visible allowhiddenfocus="true">ControlGroup(7000).HasFocus</visible>
				<control type="togglebutton" id="4">
					<description>Ascending/Descending</description>
					<width>340</width>
					<height>40</height>
					<align>left</align>
					<label>584</label>
					<altlabel>585</altlabel>
					<textoffsetx>20</textoffsetx>
					<font>METF_DialogLarge</font>
					<textcolor>TextNF</textcolor>
					<focusedcolor>DialogTextFO</focusedcolor>
					<disabledcolor>TextDisabled</disabledcolor>
					<texturefocus>ButtonFO2Wide.png</texturefocus>
					<texturenofocus>-</texturenofocus>
					<alttexturenofocus border="2">-</alttexturenofocus>
					<alttexturefocus border="5">ButtonFO2.png</alttexturefocus>
					<aligny>center</aligny>
					<pulseonselect>false</pulseonselect>
				</control>
				<control type="button" id="21">
					<description>Level button</description>
					<width>340</width>
					<height>40</height>
					<align>left</align>
					<aligny>center</aligny>
					<font>METF_DialogLarge</font>
					<label>-</label>
					<textoffsetx>20</textoffsetx>
					<textcolor>TextNF</textcolor>
					<focusedcolor>DialogTextFO</focusedcolor>
					<disabledcolor>TextDisabled</disabledcolor>
					<texturefocus>ButtonFO2Wide.png</texturefocus>
					<texturenofocus>-</texturenofocus>
					<pulseonselect>false</pulseonselect>
				</control>
				<control type="radiobutton" id="22">
					<description>Only show current level</description>
					<width>340</width>
					<align>left</align>
					<aligny>center</aligny>
					<font>METF_DialogLarge</font>
					<label>-</label>
					<textoffsetx>20</textoffsetx>
					<textcolor>TextNF</textcolor>
					<focusedcolor>DialogTextFO</focusedcolor>
					<disabledcolor>TextDisabled</disabledcolor>
					<texturefocus>ButtonFO2Wide.png</texturefocus>
					<texturenofocus>-</texturenofocus>
				</control>
				<control type="button" id="20">
					<description>Clear button</description>
					<width>340</width>
					<height>40</height>
					<align>left</align>
					<aligny>center</aligny>
					<font>METF_DialogLarge</font>
					<label>192</label>
					<textoffsetx>20</textoffsetx>
					<textcolor>TextNF</textcolor>
					<focusedcolor>DialogTextFO</focusedcolor>
					<disabledcolor>TextDisabled</disabledcolor>
					<texturefocus>ButtonFO2Wide.png</texturefocus>
					<texturenofocus>-</texturenofocus>
					<pulseonselect>false</pulseonselect>
				</control>
			</control>
		</control>
		<!--<include>Global_Weather</include>-->
		<!--<include>Global_Time</include>-->
		<include>Global_MediaOverlay</include>
		<include condition="Skin.HasSetting(DebugGrid)">Object_DebugGrid</include>
	</controls>
</window>
