<?xml version="1.0" encoding="UTF-8"?>
<window id="40">
	<views>55,905,58,559</views>
	<defaultcontrol always="true">55</defaultcontrol>
	<controls>
		<include>Global_Background</include>
		<include>Global_Background_Fanart</include>
		<include>Viewtype_List</include>
		<include>Viewtype_LowList</include>
		<include>Viewtype_Gallery_Square</include>
		<include>Viewtype_Panel_Square</include>
		<include>Global_ContextFilter</include>
		<include>Global_AddonInfo</include>
		<include>Global_ScrollOffsetLabel</include>
		<!-- Navigation Menu -->
		<control type="group">
			<include>Animation_NavMenu</include>
			<include>NavMenuBackground</include>
			<control type="grouplist" id="7000">
				<posx>470</posx>
				<posy>120</posy>
				<width>340</width>
				<height>548</height>
				<itemgap>2</itemgap>
				<onleft>55</onleft>
				<onright>55</onright>
				<onup>7000</onup>
				<ondown>7000</ondown>
				<orientation>vertical</orientation>
				<visible allowhiddenfocus="true">ControlGroup(7000).HasFocus</visible>
				<control type="button" id="2">
					<description>View</description>
					<width>340</width>
					<height>40</height>
					<align>left</align>
					<aligny>center</aligny>
					<font>METF_DialogLarge</font>
					<label>-</label>
					<textoffsetx>20</textoffsetx>
					<textcolor>TextNF</textcolor>
					<focusedcolor>DialogTextFO</focusedcolor>
					<disabledcolor>TextDisabled</disabledcolor>
					<texturefocus>ButtonFO2Wide.png</texturefocus>
					<texturenofocus>-</texturenofocus>
					<pulseonselect>false</pulseonselect>
				</control>
				<control type="button" id="3">
					<description>Sort</description>
					<width>340</width>
					<height>40</height>
					<align>left</align>
					<aligny>center</aligny>
					<font>METF_DialogLarge</font>
					<label>-</label>
					<textoffsetx>20</textoffsetx>
					<textcolor>TextNF</textcolor>
					<focusedcolor>DialogTextFO</focusedcolor>
					<disabledcolor>TextDisabled</disabledcolor>
					<texturefocus>ButtonFO2Wide.png</texturefocus>
					<texturenofocus>-</texturenofocus>
					<pulseonselect>false</pulseonselect>
				</control>
				<control type="togglebutton" id="4">
					<description>Ascending/Descending</description>
					<width>340</width>
					<height>40</height>
					<align>left</align>
					<label>584</label>
					<altlabel>585</altlabel>
					<textoffsetx>20</textoffsetx>
					<font>METF_DialogLarge</font>
					<textcolor>TextNF</textcolor>
					<focusedcolor>DialogTextFO</focusedcolor>
					<disabledcolor>TextDisabled</disabledcolor>
					<texturefocus>ButtonFO2Wide.png</texturefocus>
					<texturenofocus>-</texturenofocus>
					<alttexturenofocus border="2">-</alttexturenofocus>
					<alttexturefocus border="5">ButtonFO2.png</alttexturefocus>
					<aligny>center</aligny>
					<pulseonselect>false</pulseonselect>
				</control>
				<control type="button" id="5">
					<description>Enable auto-updates</description>
					<width>340</width>
					<height>40</height>
					<align>left</align>
					<label>10004</label>
					<aligny>center</aligny>
					<font>METF_DialogLarge</font>
					<textoffsetx>20</textoffsetx>
					<textcolor>TextNF</textcolor>
					<focusedcolor>DialogTextFO</focusedcolor>
					<disabledcolor>TextDisabled</disabledcolor>
					<texturefocus>ButtonFO2Wide.png</texturefocus>
					<texturenofocus>-</texturenofocus>
				</control>
				<control type="radiobutton" id="7">
					<description>Hide foreign</description>
					<width>340</width>
					<align>left</align>
					<label>25001</label>
					<aligny>center</aligny>
					<font>METF_DialogLarge</font>
					<textoffsetx>20</textoffsetx>
					<textcolor>TextNF</textcolor>
					<focusedcolor>DialogTextFO</focusedcolor>
					<disabledcolor>TextDisabled</disabledcolor>
					<texturefocus>ButtonFO2Wide.png</texturefocus>
					<texturenofocus>-</texturenofocus>
				</control>
				<control type="radiobutton" id="8">
					<description>Hide broken</description>
					<width>340</width>
					<align>left</align>
					<label>24999</label>
					<aligny>center</aligny>
					<font>METF_DialogLarge</font>
					<textoffsetx>20</textoffsetx>
					<textcolor>TextNF</textcolor>
					<focusedcolor>DialogTextFO</focusedcolor>
					<disabledcolor>TextDisabled</disabledcolor>
					<texturefocus>ButtonFO2Wide.png</texturefocus>
					<texturenofocus>-</texturenofocus>
				</control>
				<control type="button" id="9">
					<description>Check for updates</description>
					<width>340</width>
					<height>40</height>
					<align>left</align>
					<label>24034</label>
					<aligny>center</aligny>
					<font>METF_DialogLarge</font>
					<textoffsetx>20</textoffsetx>
					<textcolor>TextNF</textcolor>
					<focusedcolor>DialogTextFO</focusedcolor>
					<disabledcolor>TextDisabled</disabledcolor>
					<texturefocus>ButtonFO2Wide.png</texturefocus>
					<texturenofocus>-</texturenofocus>
				</control>
				<include>Nav_NowPlaying</include>
			</control>
		</control>
		<!-- <include>Global_Heading</include> -->
		<!--<include>Global_Weather</include>-->
		<!--<include>Global_Time</include>-->
		<include>Global_MediaOverlay</include>
		<include condition="Skin.HasSetting(DebugGrid)">Object_DebugGrid</include>
	</controls>
</window>
