<?xml version="1.0" encoding="UTF-8"?>
<includes>
	<variable name="CoverflowItem7Image">
		<value condition="!IsEmpty(ListItem(7).Art(poster))">$INFO[ListItem(7).Art(poster)]</value>
		<value condition="String.Contains(Container.FolderPath,plugin)">$INFO[ListItem(7).Icon]</value>
		<value>DefaultThumb.png</value>
	</variable>
		<!--
			<animation effect="rotatey" center="180" start="25" end="-25" time="50" condition="true">Conditional</animation>
			-->
		<!--
			<animation effect="rotatey" center="180" start="-25" end="25" time="50" condition="true">Conditional</animation>
			-->
	<include name="leftpanel">
		<definition>
			<control type="group">
			
			<animation effect="rotatey" center="180" start="25" end="-25" time="50" condition="true">Conditional</animation>
				<control type="image">
					<left>49</left>
					<top>8</top>
					<width>260</width>
					<height>380</height>
					<align>center</align>
					<texture background="true" diffuse="showcase_matte.png">$INFO[ListItem($PARAM[id]).Art(poster)]</texture>
					<aspectratio scalediffuse="false">stretch</aspectratio>
				</control>
				<control type="image">
					<description>Glass overlay</description>
					<left>49</left>
					<top>8</top>
					<width>260</width>
					<height>380</height>
					<texture border="-17">showcase_shadow.png</texture>
				</control>
			</control>
		</definition>
	</include>
	<include name="rightpanel">
		<param name="left" default="49"/>
		<param name="top">8</param>
		<definition>
			<control type="group">
				
				<animation effect="rotatey" center="180" start="-25" end="25" time="50" condition="true">Conditional</animation>
				<control type="image">
					<left>49</left>
					<top>8</top>
					<width>260</width>
					<height>380</height>
					<align>center</align>
					<texture background="true" diffuse="showcase_matte.png">$INFO[ListItem($PARAM[id]).Art(poster)]</texture>
					<aspectratio scalediffuse="false">stretch</aspectratio>
				</control>
				<control type="image">
					<description>Glass overlay</description>
					<left>49</left>
					<top>8</top>
					<width>260</width>
					<height>380</height>
					<texture border="-17">showcase_shadow.png</texture>
				</control>
			</control>
		</definition>
	</include>
	
	<!--------------------------------------------------------------------------------------------------------------------------- -->
	
	
	<include name="Viewtype_Coverflow">
		<control type="group">
			<posx>0</posx>
			<posy>150</posy>
			<visible>Control.IsVisible(512)</visible>
			<include>Animation_OpenCloseFade</include>
			<include>Animation_FadedByMenu</include>
			<include>Animation_HiddenByInfo</include>
			
			<control type="group">
				
				<control type="fixedlist" id="512">
					
					<posx>770</posx>
					<posy>0</posy>
					<width>400</width>
					<height>450</height>
					<include condition="!Skin.HasSetting(ViewLockdown)">OnUp7000</include>

<onfocus condition="Skin.HasSetting(CacheFond)">SetProperty(ActeurDirection,up,Home)</onfocus>
<onfocus condition="!Skin.HasSetting(CacheFond)">SetProperty(ActeurDirection,down,Home)</onfocus>


					<ondown>60</ondown>
					<viewtype label="31809">wrap</viewtype>
					<pagecontrol>60</pagecontrol>
					<orientation>horizontal</orientation>
					<scrolltime>250</scrolltime>
					<focusposition>0</focusposition>
					<visible>!Skin.HasSetting(NoViewCoverflow)</visible>
					<visible>Container.Content(movies) | Container.Content(sets) | Container.Content(tvshows) | Container.Content(seasons)</visible>
					<itemlayout height="1" width="1">
						
					</itemlayout>
					<focusedlayout height="410" width="300">
						<control type="group">
						<!-- <animation effect="rotatey" center="900" start="-8" end="8" time="50" condition="true">Conditional</animation> -->
							<control type="image">
								<posx>49</posx>
								<posy>8</posy>
								<width>290</width>
								<height>410</height>
								<align>center</align>
								<texture background="true" diffuse="showcase_matte.png">$INFO[ListItem.Art(poster)]</texture>
								<aspectratio scalediffuse="false">stretch</aspectratio>
							</control>
							<control type="image">
								<description>Glass overlay</description>
								<posx>49</posx>
								<posy>8</posy>
								<width>290</width>
								<height>410</height>
								<texture border="-17">showcase_shadow.png</texture>
							</control>							
						</control>
					</focusedlayout>
				</control>
				<control type="grouplist" id="5120">
					<animation effect="rotatey" center="800" start="0" end="25" time="50" condition="true">Conditional</animation>
					<posx>-750</posx>
					<posy>30</posy>
					<width>1550</width>
					<height>450</height>
					<orientation>horizontal</orientation>
					<itemgap>400</itemgap>
					<include content="leftpanel">
						<param name="id" value="-5"/>
					</include>
					<include content="leftpanel">
						<param name="id" value="-4"/>
					</include>
					<include content="leftpanel">
						<param name="id" value="-3"/>
					</include>
					<include content="leftpanel">
						<param name="id" value="-2"/>
					</include>
					<include content="leftpanel">
						<param name="id" value="-1"/>
					</include>									
				</control>
				
				<control type="grouplist" id="5121">
					<animation effect="rotatey" center="1120" start="0" end="-25" time="50" condition="true">Conditional</animation>
					<posx>1120</posx>
					<posy>30</posy>
					<width>1500</width>
					<height>450</height>
					
					<orientation>horizontal</orientation>
					<itemgap>400</itemgap>
					<include content="rightpanel">
						<param name="id" value="1"/>
						
					</include>
					<include content="rightpanel">
						<param name="id" value="2"/>
						<param name="left">70</param>
					</include>
					<include content="rightpanel">
						<param name="id" value="3"/>
						<param name="left">109</param>
					</include>
					<include content="rightpanel">
						<param name="id" value="4"/>
						<param name="left">139</param>
					</include>
					<include content="rightpanel">
						<param name="id" value="5"/>
						<param name="left">169</param>
					</include>									
				</control>		
				
			</control>
			<include>ScrollBar_Horizontal</include>
		</control>
	</include>
</includes>
