<?xml version="1.0" encoding="UTF-8"?>
<window id="126">
	<defaultcontrol always="true">450</defaultcontrol>
	<include>Animation_OpenCloseFade</include>
	<coordinates>
		<system>1</system>
		<posx>0</posx>
		<posy>0</posy>
	</coordinates>
	<controls>
		<include>Global_Background</include>
		<control type="list" id="450">
			<posx>690</posx>
			<posy>46</posy>
			<height>768</height>
			<width>890</width>
			<onup>450</onup>
			<ondown>450</ondown>
			<onleft>7001</onleft>
			<onright>60</onright>
			<scrolltime>120</scrolltime>
			<viewtype label="">list</viewtype>
			<orientation>vertical</orientation>
			
			<pagecontrol>60</pagecontrol>
			<animation type="Conditional" condition="Window.IsActive(contextmenu)">
				<effect type="zoom" time="600" center="640,360" start="100" end="50" tween="cubic" easing="inout" />
				<effect type="fade" time="400" start="100" end="20" />
			</animation>
			<itemlayout width="0" height="30">
				<control type="label">
					<posx>20</posx>
					<posy>0</posy>
					<width>850</width>
					<height>30</height>
					<aligny>center</aligny>
					<font>METF_DialogLarge</font>
					<textcolor>TextNF</textcolor>
					<selectedcolor>TextFO</selectedcolor>
					<label>$INFO[ListItem.Label]</label>
					<scroll>false</scroll>
				</control>
			</itemlayout>
			<focusedlayout width="0" height="42">
				<control type="image">
					<posx>0</posx>
					<posy>0</posy>
					<width>890</width>
					<height>42</height>
					<aligny>center</aligny>
					<texture>ButtonFo.png</texture>
					<animation effect="fade" start="100" end="100" condition="!Control.HasFocus(450)">Conditional</animation>
				</control>
				<control type="label">
					<posx>20</posx>
					<posy>0</posy>
					<width>850</width>
					<height>42</height>
					<aligny>center</aligny>
					<scrollout>false</scrollout>
					<pauseatend>1800</pauseatend>
					<scrollspeed>40</scrollspeed>
					<scroll>true</scroll>
					<font>METF_DialogLargeBold</font>
					<textcolor>ButtonText</textcolor>
					<selectedcolor>TextFO</selectedcolor>
					<label>$INFO[ListItem.Label]$INFO[ListItem.Size,  |  ]</label>
				</control>
			</focusedlayout>
		</control>
		<control type="image">
			<posx>300</posx>
			<posy>74</posy>
			<width>360</width>
			<height>440</height>
			<fadetime>100</fadetime>
			<aspectratio align="right" aligny="center">keep</aspectratio>
			<texture>$INFO[ListItem.Icon]</texture>
			<bordertexture border="8">border.png</bordertexture>
			<bordersize>4</bordersize>
			<visible>!String.Contains(ListItem.Icon,default)</visible>
		</control>
		<control type="image">
			<posx>300</posx>
			<posy>74</posy>
			<width>360</width>
			<height>440</height>
			<fadetime>100</fadetime>
			<aspectratio align="right" aligny="center">keep</aspectratio>
			<texture>$INFO[ListItem.Icon]</texture>
			<visible>String.Contains(ListItem.Icon,default)</visible>
		</control>
		<!-- Buttons -->
		<control type="grouplist" id="7001">
			<posx>-110</posx>
			<posy>230</posy>
			<onleft>noop</onleft>
			<onright>450</onright>
			<onup>7001</onup>
			<ondown>7001</ondown>
			<control type="button" id="414">
				<description>Cancel</description>
				<posx>0</posx>
				<posy>95</posy>
				<include>SettingsLabelLeft</include>
				<label>222</label>
			</control>
			<control type="button" id="413">
				<description>Ok</description>
				<posx>0</posx>
				<posy>133</posy>
				<include>SettingsLabelLeft</include>
				<label>186</label>
			</control>
			<control type="button" id="415">
				<description>Create Folder</description>
				<posx>0</posx>
				<posy>171</posy>
				<include>SettingsLabelLeft</include>
				<label>119</label>
			</control>
		</control>
		<!-- Scroll Bar -->
		<control type="scrollbar" id="60">
			<include>Animation_FadedByMenu</include>
			<posx>1270</posx>
			<posy>60</posy>
			<width>18</width>
			<height>474</height>
			<visible allowhiddenfocus="true">Control.IsVisible(450) + Control.HasFocus(60)</visible>
			<texturesliderbackground>-</texturesliderbackground>
			<textureslidernibfocus>ScrollBarV_Nib_Focus.png</textureslidernibfocus>
			<onleft>450</onleft>
			<onright>noop</onright>
			<showonepage>true</showonepage>
			<orientation>vertical</orientation>
			<animation effect="fade" start="0" end="100" time="400" condition="Control.HasFocus(60)">Conditional</animation>
		</control>
		<!-- Heading -->
		<control type="group">
			<posx>30</posx>
			<posy>10</posy>
			<include>Animation_FadedByMenu</include>
			<include>Animation_SlideDownFadeOut</include>
			<control type="label" id="411">
				<label>-</label>
				<include>Global_HeadingSectionVars</include>
			</control>
			<control type="label">
				<label>$INFO[ListItem.path]</label>
				<include>Global_HeadingDetailVars</include>
			</control>
		</control>
		<include condition="Skin.HasSetting(DebugGrid)">Object_DebugGrid</include>
	</controls>
</window>
