<?xml version="1.0" encoding="UTF-8"?>
<window id="10150">
	<defaultcontrol>5</defaultcontrol>
	<include>Animation_OpenCloseFade</include>
	<coordinates>
		<system>1</system>
		<posx>0</posx>
		<posy>0</posy>
		<origin x="0" y="0" />
	</coordinates>
	<controls>
		<control type="group">
			<posy>-110</posy>
			<control type="label" id="2">
				<description>Header Label</description>
				<posx>460</posx>
				<posy>175</posy>
				<width>810</width>
				<height>38</height>
				<font>METF_TitleTextLarge</font>
				<textcolor>SettingsTitle</textcolor>
				<align>left</align>
				<aligny>center</aligny>
				<label>-</label>
			</control>
			<control type="button" id="7">
				<description>Default Button</description>
				<include>SettingsLabel</include>
			</control>
			<control type="radiobutton" id="8">
				<description>Default RadioButton</description>
				<include>SettingsLabel</include>
			</control>
			<control type="spincontrolex" id="9">
				<description>Default SpinControlex</description>
				<include>SettingsLabel</include>
			</control>
			<control type="sliderex" id="13">
				<description>Default Slider</description>
				<include>SettingsLabel</include>
				<sliderwidth>300</sliderwidth>
				<sliderheight>16</sliderheight>
				<texturesliderbar>osdsliderback.png</texturesliderbar>
				<textureslidernib>osdslidernib_2.png</textureslidernib>
				<textureslidernibfocus>osdslidernib.png</textureslidernibfocus>
			</control>
			<control type="label" id="14">
				<description>Default Label</description>
				<height>38</height>
				<align>left</align>
				<aligny>center</aligny>
				<font>METF_ContextValue</font>
				<textcolor>SettingsDetail</textcolor>
				<label>-</label>
			</control>
			<control type="grouplist" id="5">
				<description>Control Area</description>
				<posx>440</posx>
				<posy>240</posy>
				<width>840</width>
				<height>380</height>
				<itemgap>0</itemgap>
				<pagecontrol>60</pagecontrol>
				<onleft>28</onleft>
				<onright>60</onright>
				<onup>5</onup>
				<ondown>5</ondown>
			</control>
			<control type="scrollbar" id="60">
				<posx>1270</posx>
				<posy>60</posy>
				<width>18</width>
				<height>474</height>
				<visible allowhiddenfocus="true">Control.IsVisible(5) + Control.HasFocus(60)</visible>
				<texturesliderbackground>-</texturesliderbackground>
				<textureslidernibfocus>ScrollBarV_Nib_Focus.png</textureslidernibfocus>
				<onleft>5</onleft>
				<onright>noop</onright>
				<showonepage>true</showonepage>
				<orientation>vertical</orientation>
				<animation effect="fade" start="0" end="100" time="400" condition="Control.HasFocus(60)">Conditional</animation>
			</control>
			<control type="group" id="9000">
				<posx>0</posx>
				<posy>240</posy>
				<control type="button" id="50">
					<description>Defaults</description>
					<include>SettingsLabelLeft</include>
					<label>$LOCALIZE[409]</label>
					<onleft>5</onleft>
					<onright>5</onright>
					<onup>28</onup>
					<ondown>29</ondown>
				</control>
				<control type="button" id="29">
					<description>Cancel</description>
					<posy>38</posy>
					<include>SettingsLabelLeft</include>
					<label>$LOCALIZE[222]</label>
					<onleft>5</onleft>
					<onright>5</onright>
					<onup>50</onup>
					<ondown>28</ondown>
				</control>
				<control type="button" id="28">
					<description>Ok</description>
					<posy>76</posy>
					<include>SettingsLabelLeft</include>
					<label>$LOCALIZE[186]</label>
					<onleft>5</onleft>
					<onright>5</onright>
					<onup>29</onup>
					<ondown>50</ondown>
				</control>
			</control>
		</control>
	</controls>
</window>
