<?xml version="1.0" encoding="UTF-8"?>
<includes>
	<include name="vueexperimentale">
		<control type="group"> <!-- vue experimentale -->
			<!-- -->
			<include>Animation_FadedByMenu</include>
			<animation type="Conditional" condition="Control.HasFocus(5051)|Control.HasFocus(1998)" reversible="true">
				<effect type="fade" start="100" end="15" time="500"  />
			</animation>
			<posy>-990</posy> -->
			<visible>!Substring(ListItem.Label,..)</visible>
		<control type="group">
				<top>1040</top>
				<posx>400</posx>
				<align>center</align>
				<control type="image">
					<top>-5</top>
					<width>40</width>
					<height>40</height>
					<aspectratio>stretch</aspectratio>
					<texture>flags/explorer.png</texture>
				</control>
				<control type="fadelabel">
					<left>60</left>
					<width>935</width>
					<height>40</height>
					<align>left</align>
					<scroll>true</scroll>
					<scrollout>false</scrollout>
					<pauseatend>5000</pauseatend>
					<font>METF_PlotTextMedium</font>
					<textcolor>MPAADescription</textcolor>
					<label>$INFO[ListItem.FilenameAndPath]</label>
				</control>
				<visible> !IsEmpty(ListItem.FilenameAndPath) + !IsEmpty(ListItem.DBTYPE) +Skin.HasSetting(ShowFilePath)</visible>
			</control>
			<control type="group">
				<top>135</top>

				<include condition="!Skin.HasSetting(Hide_ExtraMediaFlags)">MediaInfoGroup2</include>
				<include>VisibleIfNotMovieSet</include>


			</control>
			<control type="group">
				<animation type="Conditional" condition="Control.HasFocus(1999)" reversible="false">
					<effect type="slide" end="-1550,850" time="0"  />
				</animation>
				<top>340</top>
				<left>50</left>
				<include>ClearLogoArt</include>
			</control>
			<control type="image">
			  <posy>990</posy>
			  <width>200</width>
			  <height>80</height>
			  <texture>flags/notation/note$INFO[ListItem.UserRating].png</texture>
			  <aspectratio>keep</aspectratio>
			</control>
			<control type="image">
				<posy>2030</posy>
				<width>1920</width>
				<height>20</height>
				<texture>black-back2.png</texture>
				<aspectratio>stretch</aspectratio>
				<visible>!IsEmpty(Control.GetLabel(2222))+!StringCompare(Control.GetLabel(2222), )+!Skin.HasSetting(Hide_Plot)+!Skin.HasSetting(ShowLargePlot)</visible>
			</control>
			
			<control type="fadelabel" >
				<resetonlabelchange>true</resetonlabelchange>
				<scrollspeed>50</scrollspeed>
				<pauseatend>3500</pauseatend>
				<posy>2030</posy>
				<width>1920</width>
				<height>20</height>
				<aligny>top</aligny>
				<align>center</align>
				<font>PlotFont</font>
				<textcolor>LowerText</textcolor>
				<label>$VAR[PlotBox_Text]</label>
				<scrollout>false</scrollout>
				<visible>!Skin.HasSetting(Hide_Plot)+!Skin.HasSetting(ShowLargePlot)</visible>
			</control>
			
						<control type="group">
			  <posy>1200</posy>
			   <include>SpecialPlotBox</include>
			   <visible>!Skin.HasSetting(Hide_Plot)+Skin.HasSetting(ShowLargePlot)</visible>
			</control>
			

			<!-- Title -->
			<control type="fadelabel">
				<posy>990</posy>
				<left>380</left>
				<width>1010</width>
				<height>50</height>
				<aligny>center</aligny>
				<align>center</align>
				<scrollout>false</scrollout>
				<pauseatend>400</pauseatend>
				<font>impact</font>
				<shadowcolor>FF000000</shadowcolor>
				<label>$VAR[ListItemInfoTitle]</label>
				<textcolor>white</textcolor>
				<visible>!Container.Content(episodes)</visible>
				<!--<label>$VAR[ListItemTitle]</label>-->
			</control>
			

			<control type="label">
				<posy>1035</posy>
				<left>380</left>
				<width>1010</width>
				<height>63</height>
				<align>center</align>
				<font>comic24</font>
				<textcolor>TextNF</textcolor>
				<label>[COLOR=MediaDetailsInfo]$LOCALIZE[31427] [COLOR=NowPlayingTitle]($INFO[Window(Home).Property(NextAired.NextDate)])[/COLOR] :[COLOR=white] $INFO[Window(Home).Property(NextAired.NextTitle)][I]$INFO[Window(Home).Property(NextAired.NextSeasonNumber), (S,]$INFO[Window(Home).Property(NextAired.NextEpisodeNumber),E,)][/I][/COLOR]</label>

				<visible>[Container.Content(tvshows)|Container.Content(episodes)]+!IsEmpty(Window(Home).Property(NextAired.NextDate))</visible>
			</control>


			<visible>!Window.IsVisible(movieinformation)</visible>
		</control>
		
	</include>


</includes>
