<?xml version="1.0" encoding="UTF-8"?>
<window>
  <defaultcontrol>1000</defaultcontrol>
  <onload>SetFocus(2099)</onload>
  <animation type="WindowOpen" reversible="false">
    <!-- <effect type="zoom" start="80" end="100" center="auto" easing="out" tween="back" time="300" /> -->
    <effect type="slide" end="540" easing="out" tween="back" time="300" />
    <effect type="fade" start="0" end="100" time="300" />
  </animation>
  <animation type="WindowClose" reversible="false">
    <!-- <effect type="zoom" start="100" end="80" center="auto" easing="in" tween="back" time="300" /> -->
    <effect type="slide" end="0" easing="out" tween="back" time="300" />
    <effect type="fade" start="100" end="0" time="300" />
  </animation>
  <coordinates>
    <system>1</system>
    <posx>0</posx>
    <posy>0</posy>
    <origin x="0" y="120" />
  </coordinates>

  <controls>
    <include>PlayListPerso</include>
    <control type="image" id="999">
      <description>background image</description>
      <posx>0</posx>
      <posy>0</posy>
      <width>550</width>
      <height>740</height>
      <texture>frames/Menu_Glass2b.png</texture>
      <colordiffuse>DialogBackgroundColor</colordiffuse>
    </control>
    <control type="grouplist" id="996">
      <description>grouplist for context buttons</description>
      <left>30</left>
      <top>35</top>
      <width>490</width>
      <height max="670">auto</height>
      <itemgap>2</itemgap>

      <!---->
      <control type="button" id="2001">
						<!-- Choix elements SAGAS -->
						<include>BoutonCommun</include>
						<label>[I]$LOCALIZE[31909][/I] >></label>
						<onclick>SetFocus(7002)</onclick>
						<onright>SetFocus(7002)</onright>
						<include>VisibleIfMovieSet</include>
					</control>
					<control type="button" id="2002">
						<!-- Choix elements GENRES -->
						<include>BoutonCommun</include>
						<label>[I]$LOCALIZE[31907][/I]  >></label>
						<onclick>SetFocus(7002)</onclick>
						<visible>Container.Content(genres)</visible>
					</control>
					<control type="button" id="2003">
						<!-- Choix elements REALISATEURS -->
						<include>BoutonCommun</include>
						<label>[I]$LOCALIZE[31933][/I]  >></label>
						<onclick>SetFocus(7002)</onclick>
						<visible>Container.Content(directors)|Container.Content(actors)</visible>
					</control>
					
					<control type="button" id="2009">
						<!-- Mise a jour SAGA/SERIES/ARTISTES/ALBUMS -->
						<include>BoutonCommun</include>
						<label>[I]$LOCALIZE[31925][/I]</label>

						<onclick>Close</onclick>
						<onclick>RunScript(script.iconmixtools,mettreajour=True)</onclick>
						<include>VisibleIfMovieSet</include>
					</control>
					<control type="button" id="2010">
						<!-- Mise a jour Serie -->
						<include>BoutonCommun</include>
						<label>[I]$LOCALIZE[31927][/I]</label>
						<onclick>Close</onclick>
						<onclick>RunScript(script.iconmixtools,mettreajour=True)</onclick>
						<visible>Container.Content(tvshows)+Skin.HasSetting(CheckSeries)+!Control.HasFocus(5051)+!Control.HasFocus(1998)</visible>
					</control>
					<control type="button" id="2011">
						<!-- Mise a jour SAGA -->
						<include>BoutonCommun</include>
						<label>[I]Mettre à jour[/I]</label>
						<onclick>Close</onclick>
						<onclick>RunScript(script.iconmixtools,mettreajour=True)</onclick>
						<visible>Container.Content(artists)|Container.Content(albums)</visible>
					</control>
					
      <control type="button" id="2099">

        <onleft>Dialog.Close(contextmenu)</onleft>
        <onright>Dialog.Close(contextmenu)</onright>
        <include>BoutonCommun</include>
        <label>$LOCALIZE[629]: $INFO[Container.Viewmode]</label>
        <onclick>RunScript(script.iconmixtools,setview=True)</onclick>
        <visible>!IsEmpty(Container.ViewMode)</visible>

      </control>
      <!-- SAGA 
      <control type="button" id="2100">
        
        <onleft>Dialog.Close(contextmenu)</onleft>
        <onright>Dialog.Close(contextmenu)</onright>
        <include>BoutonCommun</include>
        <label>[I]$LOCALIZE[31925][/I]</label>

        <onclick>Close</onclick>
        <onclick>RunScript(script.iconmixtools,mettreajour=True)</onclick>
        <include>VisibleIfMovieSet</include>
      </control>-->
      <!-- SERIES 
      <control type="button" id="2101">
        
        <onleft>Dialog.Close(contextmenu)</onleft>
        <onright>Dialog.Close(contextmenu)</onright>
        <include>BoutonCommun</include>
        <label>[I]$LOCALIZE[31927][/I]</label>
        <onclick>Close</onclick>
        <onclick>RunScript(script.iconmixtools,mettreajour=True)</onclick>
        <visible>Container.Content(tvshows)+Skin.HasSetting(CheckSeries)+!Control.HasFocus(5051)+!Control.HasFocus(1998)</visible>
      </control>-->
      <control type="button" id="2102">
        <!-- Accéder à la saga -->
        <onleft>Dialog.Close(contextmenu)</onleft>
        <onright>Dialog.Close(contextmenu)</onright>
        <include>BoutonCommun</include>
        <label>$LOCALIZE[31931]</label>
        <onclick>Dialog.Close(contextmenu)</onclick>
        <onclick>SetFocus(1999,0)</onclick>
        <visible>SubString(ListItem.DBTYPE,set)</visible>
      </control>
      <control type="button" id="2103">
        <!-- Accéder aux albums -->
        <onleft>Dialog.Close(contextmenu)</onleft>
        <onright>Dialog.Close(contextmenu)</onright>
        <include>BoutonCommun</include>
        <label>$LOCALIZE[31934]</label>
        <onclick>Dialog.Close(contextmenu)</onclick>
        <onclick>SetFocus(1999,0)</onclick>
        <visible>Window.IsVisible(10502)+Container.Content(artists)</visible>
      </control>
      <control type="button" id="2104">
        <!-- Accéder aux acteurs -->
        <onleft>Dialog.Close(contextmenu)</onleft>
        <onright>Dialog.Close(contextmenu)</onright>
        <include>BoutonCommun</include>
        <label>$LOCALIZE[31930]</label>
        <onclick>Dialog.Close(contextmenu)</onclick>
        <onclick>SetFocus(1998,0)</onclick>
        <visible>[SubString(ListItem.DBTYPE,movie)+!Skin.HasSetting(HideMovieCast)]|[!Skin.HasSetting(HideTvCast)+[SubString(ListItem.DBTYPE,episode)|SubString(ListItem.DBTYPE,tvshow)]]+Window.IsVisible(10025)</visible>

      </control>
      <control type="button" id="2105">
        <onleft>Dialog.Close(contextmenu)</onleft>
        <onright>Dialog.Close(contextmenu)</onright>
        <include>BoutonCommun</include>
        <label>653</label>
        <onclick condition="Window.IsVisible(10025)">UpdateLibrary(video)</onclick>
        <onclick condition="Window.IsVisible(10502)">UpdateLibrary(music)</onclick>
        <visible>![library.isscanningvideo]+![library.isscanningmusic]</visible>
        <visible>!IsEmpty(Container.Content)</visible>
      </control>
      <control type="button" id="2106">
        <onleft>Dialog.Close(contextmenu)</onleft>
        <onright>Dialog.Close(contextmenu)</onright>
        <include>BoutonCommun</include>
        <label>700</label>
        <onclick condition="Window.IsVisible(10025)">CleanLibrary(video)</onclick>
        <onclick condition="Window.IsVisible(10502)">CleanLibrary(music)</onclick>
        <visible>![library.isscanningvideo]+![library.isscanningmusic]</visible>
        <visible>!IsEmpty(Container.Content)</visible>
      </control>
      <control type="button" id="2107">
        <onleft>Dialog.Close(contextmenu)</onleft>
        <onright>7111</onright>
        <include>BoutonCommun</include>
        <label>31253</label>
        <onclick></onclick>
        <visible>StringCompare(ListItem.DBTYPE,movie)</visible>
      </control>
      
     
    </control>
    <control type="button" id="1000">
<!--
      <onleft>Dialog.Close(contextmenu)</onleft>
      <onright>Dialog.Close(contextmenu)</onright>
      -->
      <include>BoutonCommun</include>
    </control>
    <control type="group">
      <left>-400</left>
      <top>-400</top>
     <include>choixdetails</include> 
    </control>
  </controls>
</window>
