<?xml version="1.0" encoding="UTF-8"?>
<includes>
	<include name="Viewtype_Disc">
		<control type="group">
		<posy>178</posy>
			<visible>Control.IsVisible(586)</visible>
			<animation type="Conditional" condition="Control.HasFocus(1999)">
			<effect type="fade" time="200" start="100" end="50" />
		</animation>
			<include>Animation_OpenCloseFade</include>
			<include>Animation_HiddenByInfo</include>			
			<!-- Browser -->
			<control type="image">
				<posx>0</posx>
				<posy>415</posy>
				<width>1920</width>
				<height>230</height>
				<texture diffuse="shine.png">frames/ClassicFrame_Background.png</texture>
				<include>AnimationCacheNonSelect</include>
			
				<colordiffuse>90101010</colordiffuse>
			</control>
			<control type="fixedlist" id="586">
				<posx>10</posx>
				<posy>390</posy>
				<height>500</height>
				<width>2000</width>
				<align>center</align>
				<include condition="!Skin.HasSetting(ViewLockdown)">OnUp7000</include>
		<!--		<ondown>60</ondown>-->
				
				<ondown condition="!SubString(ListItem.DBTYPE,set)">60</ondown>
				<ondown condition="SubString(ListItem.DBTYPE,set)">1999</ondown>
				
				<onleft>586</onleft>
				<onright>586</onright>
				<viewtype label="31827">icon</viewtype>
				<orientation>horizontal</orientation>
				<focusposition>2</focusposition>
				<scrolltime>200</scrolltime>
				<preloaditems>2</preloaditems>
				<pagecontrol>60</pagecontrol>
				
				
				<visible>Window.IsActive(10025) + [Container.Content(movies) | Container.Content(tvshows)]</visible>
				<itemlayout width="400" height="194">
				<control type="group">
					<posy>40</posy>
					<control type="group">
					
					<control type="image" >						
						<posx>9</posx>						
						<width>200</width>
						<height>200</height>
						<aspectratio scalediffuse="true" aligny="center">keep</aspectratio>
						<texture background="true" diffuse="frames/cdart-mask.png">$INFO[ListItem.Art(discart)]</texture>		
						<fadetime>200</fadetime>
						<colordiffuse>C0FFFFFF</colordiffuse>
						<animation type="conditional" condition="Container.OnNext" >
						
						<effect type="rotatey" center="100,0"  end="360" time="800" reversible="false" />
						</animation>
					</control>
					<control type="image" >						
						<posx>9</posx>						
						<width>200</width>
						<height>200</height>
						<aspectratio scalediffuse="true" aligny="center">stretch</aspectratio>
						<texture background="true" diffuse="frames/cdart-mask.png">$INFO[ListItem.Art(poster)]</texture>		
						<fadetime>200</fadetime>
						<colordiffuse>C0FFFFFF</colordiffuse>
						<visible>IsEmpty(ListItem.Art(discart))</visible>
						<animation type="conditional" condition="Container(586).OnNext" >
						
						<effect type="rotatey" center="100,0"  end="360" time="800" reversible="false" />
						</animation>
					</control>
					</control>
				
				<!-- Watched Overlay for In-Progress Items -->
				<control type="group">
					<posx>160</posx>
					<posy>195</posy>
					<include>OverlayProgress</include>
				</control>
				<control type="group">
				<left>28</left>
				<posy>67</posy>
			<include>ShowTotalTvEp</include>		
			</control>
			<include>AnimationCacheNonSelect</include>
			</control>
			</itemlayout>
			<focusedlayout width="400" height="178">		
				<include>ActiveClearArt</include>		
				<control type="image" >						
						<posx>9</posx>						
						<width>200</width>
						<height>200</height>
						<aspectratio scalediffuse="true" aligny="center">keep</aspectratio>
						<texture background="true" diffuse="frames/cdart-mask.png">$INFO[ListItem.Art(discart)]</texture>		
						<fadetime>200</fadetime>
						<animation type="Focus" >
						<effect type="zoom" center="auto" start="100" end="140" time="400" tween="bounce" easing="out" />
						<effect type="rotatey" center="100,0"  end="360" time="1000" reversible="false" delay="1000" />
						</animation>
					</control>
					<control type="image" >						
						<posx>9</posx>						
						<width>200</width>
						<height>200</height>
						<aspectratio scalediffuse="true" aligny="center">stretch</aspectratio>
						<texture background="true" diffuse="frames/cdart-mask.png">$INFO[ListItem.Art(poster)]</texture>		
						<fadetime>200</fadetime>
						<animation type="Focus" >
						<effect type="zoom" center="auto" start="100" end="140" time="400" tween="bounce" easing="out" />
						<effect type="rotatey" center="100,0"  end="360" time="1000" reversible="false" delay="1000" />
						</animation>
						<visible>IsEmpty(ListItem.Art(discart))</visible>
					</control>
				
			
			<!-- Watched Overlay for In-Progress Items -->
			<control type="group">
					<posx>200</posx>
					<posy>230</posy>
					<include>OverlayProgress</include>
				</control>
		</focusedlayout>
	</control>
	<!-- Browser label and flags 
	
-->
	<include>ScrollBar_Horizontal</include>
</control>
</include>

<include name="Viewtype_DiscV">
	<control type="group">
		<visible>Control.IsVisible(587)</visible>
		<include>Animation_FadedByMenu</include>
			<include>Animation_OpenCloseFade</include>
			<include>Animation_HiddenByInfo</include>
			
		<!-- Browser -->
		<control type="image">
			<posx>2</posx>
			<posy>0</posy>
			<width>290</width>
			<height>820</height>
			<texture diffuse="shine.png">frames/ClassicFrame_Background.png</texture>
			<include>AnimationCacheNonSelect</include>
			
			<colordiffuse>90101010</colordiffuse>
		</control>
		<control type="list" id="587">
			<posx>55</posx>
			<posy>30</posy>
			<height>800</height>
			<width>1900</width>
			<include condition="!Skin.HasSetting(ViewLockdown)">OnLeft7000</include>
			<ondown>587</ondown>
			<onup>587</onup>
			<viewtype label="$LOCALIZE[31828]">icon</viewtype>
			<orientation>vertical</orientation>
			<focusposition>2</focusposition>
			<scrolltime>200</scrolltime>
			<preloaditems>2</preloaditems>
			<pagecontrol>60</pagecontrol>
			
			<visible>Window.IsActive(10025) + [Container.Content(movies) | Container.Content(tvshows)]</visible>
			<itemlayout width="294" height="200">
				<control type="group">
				<control type="image" >						
						<posx>9</posx>						
						<width>150</width>
						<height>150</height>
						<aspectratio scalediffuse="true" aligny="center">keep</aspectratio>
						<texture background="true" diffuse="frames/cdart-mask.png">$INFO[ListItem.Art(discart)]</texture>		
						<fadetime>200</fadetime>
						<animation type="Focus" >
						<effect type="zoom" center="auto" start="100" end="140" time="400" tween="bounce" easing="out" />
						<effect type="rotatey" center="100,0"  end="360" time="1000" reversible="false" delay="1000" />
						</animation>
					</control>
					<control type="image" >						
						<posx>9</posx>						
						<width>150</width>
						<height>150</height>
						<aspectratio scalediffuse="true" aligny="center">stretch</aspectratio>
						<texture background="true" diffuse="frames/cdart-mask.png">$INFO[ListItem.Art(poster)]</texture>		
						<fadetime>200</fadetime>
						<animation type="Focus" >
						
						</animation>
						<visible>IsEmpty(ListItem.Art(discart))</visible>
					</control>
				
				<!-- Watched Overlay for In-Progress Items -->
				<control type="group">
					<posx>190</posx>
					<posy>100</posy>
					<include>OverlayProgress</include>
				</control>
				<control type="group">
				<left>0</left>
				<top>10</top>
			<include>ShowTotalTvEp</include>		
			</control>
			<include>AnimationCacheNonSelect</include>
			</control>
			</itemlayout>
			<focusedlayout width="318" height="200">
				<include>ActiveClearArt</include>
				<control type="image" >						
						<posx>9</posx>						
						<width>150</width>
						<height>150</height>
						<aspectratio scalediffuse="true" aligny="center">keep</aspectratio>
						<texture background="true" diffuse="frames/cdart-mask.png">$INFO[ListItem.Art(discart)]</texture>		
						<fadetime>200</fadetime>
						<animation type="Focus" >
						<effect type="zoom" center="auto" start="100" end="140" time="400" tween="bounce" easing="out" />
						<effect type="rotatey" center="85,0"  end="360" time="1000" reversible="false" delay="1000" />
						</animation>
					</control>
					<control type="image" >						
						<posx>9</posx>						
						<width>150</width>
						<height>150</height>
						<aspectratio scalediffuse="true" aligny="center">stretch</aspectratio>
						<texture background="true" diffuse="frames/cdart-mask.png">$INFO[ListItem.Art(poster)]</texture>		
						<fadetime>200</fadetime>
						<animation type="Focus" >
						<effect type="zoom" center="auto" start="100" end="140" time="400" tween="bounce" easing="out" />
						<effect type="rotatey" center="85,0"  end="360" time="1000" reversible="false" delay="1000" />
						</animation>
						<visible>IsEmpty(ListItem.Art(discart))</visible>
					</control>
				
				<!-- Watched Overlay for In-Progress Items -->
				<control type="group">
					<posx>190</posx>
					<posy>100</posy>
					<include>OverlayProgress</include>
				</control>
			</focusedlayout>
		</control>
		<!-- Browser label and flags 
		
-->
		<include>ScrollBar_Horizontal</include>
	</control>
</include>
</includes>
