<?xml version="1.0" encoding="UTF-8"?>
<window id="139">
	<defaultcontrol>5</defaultcontrol>
	<coordinates>
		<system>1</system>
		<posx>0</posx>
		<posy>0</posy>
		<origin x="450" y="80" />
	</coordinates>
	<controls>
		<control type="group">
			<animation effect="slide" start="830,0" end="0,0" time="400" tween="quadratic" easing="out">WindowOpen</animation>
			<animation effect="slide" start="0,0" end="830,0" time="400" tween="quadratic" easing="out">WindowClose</animation>
			<control type="image">
				<posx>0</posx>
				<posy>0</posy>
				<width>830</width>
				<height>453</height>
				<texture background="true">black.png</texture>
				<aspectratio>scale</aspectratio>
				<colordiffuse>f0000000</colordiffuse>
				<bordertexture border="8,8,0,8">border.png</bordertexture>
				<bordersize>4,4,0,4</bordersize>
			</control>
			<control type="group">
				<animation effect="fade" start="0" end="100" time="100">WindowOpen</animation>
				<animation effect="fade" start="100" end="0" time="200">WindowClose</animation>
				<control type="label" id="1">
					<description>LabelHeading</description>
					<posx>10</posx>
					<posy>0</posy>
					<width>790</width>
					<height>38</height>
					<aligny>center</aligny>
					<font>METF_TitleTextLarge</font>
					<textcolor>SettingsTitle</textcolor>
					<align>left</align>
					<aligny>center</aligny>
					<scroll>true</scroll>
					<label>$LOCALIZE[13406]</label>
				</control>
				<control type="list" id="5">
					<posx>10</posx>
					<posy>92</posy>
					<width>790</width>
					<height>351</height>
					<onleft>PreviousMenu</onleft>
					<onright>PreviousMenu</onright>
					<onup>5</onup>
					<ondown>5</ondown>
					<viewtype>list</viewtype>
					<orientation>vertical</orientation>
					<scrolltime>200</scrolltime>
					<itemlayout height="27" width="790">
						<control type="label">
							<posx>10</posx>
							<posy>-2</posy>
							<width>780</width>
							<height>27</height>
							<font>METF_DialogMedium</font>
							<textcolor>TextNF</textcolor>
							<align>left</align>
							<aligny>center</aligny>
							<label>$INFO[ListItem.Label] - $INFO[ListItem.Label2]</label>
						</control>
					</itemlayout>
					<focusedlayout height="27" width="790">
						<control type="image">
							<posx>0</posx>
							<posy>0</posy>
							<width>790</width>
							<height>27</height>
							<aligny>center</aligny>
							<texture>FocusLine.png</texture>
							<colordiffuse>FocusBar</colordiffuse>
						</control>
						<control type="label">
							<posx>10</posx>
							<posy>-2</posy>
							<width>780</width>
							<height>27</height>
							<align>left</align>
							<aligny>center</aligny>
							<font>METF_DialogMedium</font>
							<selectedcolor>FocusBarText</selectedcolor>
							<label>$INFO[ListItem.Label] - $INFO[ListItem.Label2]</label>
						</control>
					</focusedlayout>
				</control>
			</control>
		</control>
	</controls>
</window>
