<?xml version="1.0" encoding="UTF-8"?>
<includes>


	<include name="posxVideoInfo">
		<value condition="!Window.IsVisible(movieinformation)">-10</value>
		<value>150</value>
	</include>
	<!-- Fanart Time Per Image -->
	<include name="FanartTimePerImage5">
		<timeperimage>5000</timeperimage>
	</include>
	<include name="FanartTimePerImage6">
		<timeperimage>6000</timeperimage>
	</include>
	<include name="FanartTimePerImage7">
		<timeperimage>7000</timeperimage>
	</include>
	<include name="FanartTimePerImage8">
		<timeperimage>8000</timeperimage>
	</include>
	<include name="FanartTimePerImage9">
		<timeperimage>9000</timeperimage>
	</include>
	<include name="FanartTimePerImage10">
		<timeperimage>10000</timeperimage>
	</include>
	<include name="FanartTimePerImage15">
		<timeperimage>15000</timeperimage>
	</include>
	<include name="FanartTimePerImage20">
		<timeperimage>20000</timeperimage>
	</include>
	<include name="FanartTimePerImage30">
		<timeperimage>30000</timeperimage>
	</include>
	<include name="FanartTimePerImage60">
		<timeperimage>60000</timeperimage>
	</include>
	<include name="FanartTimePerImage90">
		<timeperimage>90000</timeperimage>
	</include>
	<!-- Extrafanart Fadelabel Pause -->
	<include name="FadelabelPauseAtEnd5">
		<pauseatend>5000</pauseatend>
	</include>
	<include name="FadelabelPauseAtEnd6">
		<pauseatend>6000</pauseatend>
	</include>
	<include name="FadelabelPauseAtEnd7">
		<pauseatend>7000</pauseatend>
	</include>
	<include name="FadelabelPauseAtEnd8">
		<pauseatend>8000</pauseatend>
	</include>
	<include name="FadelabelPauseAtEnd9">
		<pauseatend>9000</pauseatend>
	</include>
	<include name="FadelabelPauseAtEnd10">
		<pauseatend>10000</pauseatend>
	</include>
	<include name="FadelabelPauseAtEnd15">
		<pauseatend>15000</pauseatend>
	</include>
	<include name="FadelabelPauseAtEnd20">
		<pauseatend>20000</pauseatend>
	</include>
	<include name="FadelabelPauseAtEnd30">
		<pauseatend>30000</pauseatend>
	</include>
	<include name="FadelabelPauseAtEnd60">
		<pauseatend>60000</pauseatend>
	</include>
	<include name="FadelabelPauseAtEnd90">
		<pauseatend>90000</pauseatend>
	</include>

	<variable name="contentdvinfo">
	  <value condition="System.HasAddon(script.iconmixtools)+Skin.HasSetting(SagaManquant)+SubString(ListItem.DBTYPE,set)">plugin://script.iconmixtools/?action=getsaga&id=$INFO[ListItem.setid]</value> -->
		<value condition="!IsEmpty(ListItem.setid)">videodb://movies/sets/$INFO[ListItem.setid]</value>	
	</variable>
	<variable name="contentsaga">
		<value condition="System.HasAddon(script.iconmixtools)+Skin.HasSetting(SagaManquant)+SubString(ListItem.DBTYPE,set)">plugin://script.iconmixtools/?action=getsaga&id=$INFO[ListItem.DBID]</value> -->
		<value condition="SubString(ListItem.DBTYPE,set)">videodb://movies/sets/$INFO[ListItem.DBID]</value>
		<value></value>
		</variable>
		<variable name="contentActeursDirecteurs">
			<value condition="[Container.Content(directors)|Container.Content(actors)]+!IsEmpty(ListItem.DBID)">$INFO[Container.FolderPath]$INFO[ListItem.DBID]</value>
			<value></value>
		</variable>
		<variable name="contentPanelActeurs">
			<value condition="[Container.Content(tvshows)|StringCompare(ListItem.DBTYPE,episode)|StringCompare(ListItem.DBTYPE,movie)]+System.HasAddon(script.iconmixtools)+!SubString(ListItem.Label,..)">plugin://script.iconmixtools/?action=getcast&casttype=$INFO[ListItem.DBTYPE]&id=$INFO[ListItem.DBID]</value>
			<value></value>
		</variable>
		<variable name="ActeursContent">
			<value condition="IntegerGreaterThan(Container(1998).NumItems,0)+!Container(1998).IsUpdating+!IsEmpty(Window(Home).Property(ActeurVideoLocal))">plugin://script.iconmixtools/?action=gettvfilmacteur&infotype=$INFO[ListItem.DBTYPE]&id=$VAR[Is1998]&local="oui"</value>
			<value condition="IntegerGreaterThan(Container(1998).NumItems,0)+!Container(1998).IsUpdating+IsEmpty(Window(Home).Property(ActeurVideoLocal))">plugin://script.iconmixtools/?action=gettvfilmacteur&infotype=$INFO[ListItem.DBTYPE]&id=$VAR[Is1998]</value>
			<value>-</value>
		</variable>

		<!--
		<value condition="Skin.HasSetting(SagaManquant)+StringCompare(ListItem.DBTYPE,set)">plugin://script.iconmixtools/?action=getsaga&id=$INFO[ListItem.DBID]</value>
		<value></value>
		-->
	
	<variable name="fanartdialogvideoinfo">
		<value condition="IsEmpty(Window(Home).Property(iconmixExtraFanart))+!SubString(Container.FolderPath,plugin) + [ Container.Content(movies) |Container.Content(episodes)] + !Skin.HasSetting(HideVideoFanart) + Skin.HasSetting(Enable_ExtraFanart)">$INFO[ListItem.Path,,/extrafanart/]</value>

	</variable>

	<variable name="ItemType">

		<value condition="[SubString(Container(1999).Content,artist)|[SubString(Container(1999).Content,genres)+Window.IsActive(10502)]]+IntegerGreaterThan(Container(1999).NumItems,1)"> [I]( $INFO[Container(1999).NumItems] $LOCALIZE[133] )[/I]</value>
		<value condition="[SubString(Container(1999).Content,artist)|[SubString(Container(1999).Content,genres)+Window.IsActive(10502)]]+!IntegerGreaterThan(Container(1999).NumItems,1)"> [I]( $INFO[Container(1999).NumItems] $LOCALIZE[557] )[/I]</value>

		<value condition="[SubString(Container(1999).Content,movie)|[SubString(Container(1999).Content,genres)+Window.IsActive(10025)]]+IntegerGreaterThan(Container(1999).NumItems,1)"> [I]( $INFO[Window(Home).Property(iconmixSaga),,/]$INFO[Container(1999).NumItems] $LOCALIZE[342] )[/I]</value>
		<value condition="[SubString(Container(1999).Content,movie)|[SubString(Container(1999).Content,genres)+Window.IsActive(10025)]]+!IntegerGreaterThan(Container(1999).NumItems,1)"> [I]( $INFO[Window(Home).Property(iconmixSaga),,/]$INFO[Container(1999).NumItems] $LOCALIZE[20338] )[/I]</value>

	</variable>

	<variable name="VideoNavDiscArt">
		<value condition="Skin.HasSetting(SagaDiscArt)">$LOCALIZE[31904]</value>
		<value condition="!Skin.HasSetting(SagaDiscArt)">$LOCALIZE[31903]</value>
	</variable>

	<variable name="PlayBrowseButton">

		<value condition="!SubString(ListItem.Filenameandpath,plugin://)">buttons/button_play.png</value>

		<value>buttons/button_Browse.png</value>
	</variable>

	<variable name="PlayBrowseButtonFO">

		<value condition="!SubString(ListItem.Filenameandpath,plugin://)">buttons/button_playFO.png</value>

		<value>buttons/button_BrowseFO.png</value>
	</variable>


	<variable name="HomeBackground">
		<!--	<value condition="StringCompare(Container(9000).ListItem.Property(labelID),weather) + Skin.HasSetting(DynamicWeather)">resource://resource.images.weatherfanart.prairie/$INFO[Window(Weather).Property(Current.FanartCode)].jpg</value>
		<value condition="StringCompare(Container(9000).ListItem.Property(labelID),weather) + Skin.HasSetting(DynamicWeather)">resource://resource.images.weatherfanart.single/$INFO[Window(Weather).Property(Current.FanartCode)].jpg</value>
		-->
		<value condition="StringCompare(Container(9000).ListItem.Property(labelID),weather) + Skin.HasSetting(DynamicWeather)">resource://resource.images.weatherfanart.multi/$INFO[Window(Weather).Property(Current.FanartCode)]/</value>
		<value condition="StringCompare(Container(9000).ListItem.Property(background),home\dvd\)">home_art/playdisc.jpg</value>
		<value condition="StringCompare(Container(9000).ListItem.Property(background),home\movies\)">home_art/movies.jpg</value>
		<value condition="StringCompare(Container(9000).ListItem.Property(background),home\tvshows\)">home_art/tvshows.jpg</value>
		<value condition="StringCompare(Container(9000).ListItem.Property(background),home\videos\)">home_art/videos.jpg</value>
		<value condition="StringCompare(Container(9000).ListItem.Property(background),home\trailers\)">home_art/trailers.jpg</value>
		<value condition="StringCompare(Container(9000).ListItem.Property(background),home\livetv\)">home_art/livetv.jpg</value>
		<value condition="StringCompare(Container(9000).ListItem.Property(background),home\music\)">home_art/music.jpg</value>
		<value condition="StringCompare(Container(9000).ListItem.Property(background),home\musicvideos\)">home_art/musicvideos.jpg</value>
		<value condition="StringCompare(Container(9000).ListItem.Property(background),home\radio\)">home_art/radio.jpg</value>
		<value condition="StringCompare(Container(9000).ListItem.Property(background),home\pictures\)">home_art/pictures.jpg</value>
		<value condition="StringCompare(Container(9000).ListItem.Property(background),home\programs\)">home_art/programs.jpg</value>
		<value condition="StringCompare(Container(9000).ListItem.Property(background),home\weather\)">home_art/weather.jpg</value>
		<value condition="StringCompare(Container(9000).ListItem.Property(background),home\favourites\)">home_art/favourites.jpg</value>
		<value condition="StringCompare(Container(9000).ListItem.Property(background),home\search\)">home_art/search.jpg</value>
		<value condition="StringCompare(Container(9000).ListItem.Property(background),home\settings\)">home_art/settings.jpg</value>
		<value condition="StringCompare(Container(9000).ListItem.Property(background),home\shutdown\)">home_art/shutdown.jpg</value>
		<value condition="!IsEmpty(Container(9000).ListItem.Property(background))">$INFO[Container(9000).ListItem.Property(background)]</value>
		<value condition="[Control.HasFocus(9000) + StringCompare(Container(9000).ListItem.Property(background),Container(9000).ListItem.Property(backgroundName))] + !IsEmpty(Container(9000).ListItem.Property(background))">$INFO[Container(9000).ListItem.Property(background)]</value>


	</variable>
	<variable name="HomeBackgroundSkinShortcuts">
		<value condition="StringCompare(Container(211).ListItem.Property(background),home\dvd\)">home_art/playdisc.jpg</value>
		<value condition="StringCompare(Container(211).ListItem.Property(background),home\movies\)">home_art/movies.jpg</value>
		<value condition="StringCompare(Container(211).ListItem.Property(background),home\tvshows\)">home_art/tvshows.jpg</value>
		<value condition="StringCompare(Container(211).ListItem.Property(background),home\videos\)">home_art/videos.jpg</value>
		<value condition="StringCompare(Container(211).ListItem.Property(background),home\trailers\)">home_art/trailers.jpg</value>
		<value condition="StringCompare(Container(211).ListItem.Property(background),home\livetv\)">home_art/livetv.jpg</value>
		<value condition="StringCompare(Container(211).ListItem.Property(background),home\music\)">home_art/music.jpg</value>
		<value condition="StringCompare(Container(211).ListItem.Property(background),home\musicvideos\)">home_art/musicvideos.jpg</value>
		<value condition="StringCompare(Container(211).ListItem.Property(background),home\radio\)">home_art/radio.jpg</value>
		<value condition="StringCompare(Container(211).ListItem.Property(background),home\pictures\)">home_art/pictures.jpg</value>
		<value condition="StringCompare(Container(211).ListItem.Property(background),home\programs\)">home_art/programs.jpg</value>
		<value condition="StringCompare(Container(211).ListItem.Property(background),home\weather\)">home_art/weather.jpg</value>
		<value condition="StringCompare(Container(211).ListItem.Property(background),home\favourites\)">home_art/favourites.jpg</value>
		<value condition="StringCompare(Container(211).ListItem.Property(background),home\search\)">home_art/search.jpg</value>
		<value condition="StringCompare(Container(211).ListItem.Property(background),home\settings\)">home_art/settings.jpg</value>
		<value condition="StringCompare(Container(211).ListItem.Property(background),home\shutdown\)">home_art/shutdown.jpg</value>
		<!--
		<value condition="SubString(Container(211).ListItem.Property(background),playlist)">*$LOCALIZE[559]-$INFO[Container(211).ListItem.Property(backgroundName)]</value>
		<value condition="SubString(Container(211).ListItem.Property(background),favorite)">+$LOCALIZE[10134]-$INFO[Container(211).ListItem.Property(backgroundName)]</value>
		-->
		<value>$INFO[Container(211).ListItem.Property(backgroundName)]</value>
	</variable>

	<variable name="pochettemusic">

		<value condition="!SubString(ListItem.Icon,Default)">$INFO[ListItem.Icon]</value>

		<value condition="!IsEmpty(ListItem.Property(ArtistThumb))">$INFO[ListItem.Property(ArtistThumb)]</value>
		<value condition="!IsEmpty(ListItem.Thumb)">$INFO[ListItem.Thumb]</value>
		<value>$INFO[ListItem.Art(fanart)]</value>
	</variable>



	<variable name="episodenum">
		<value condition="IntegerGreaterThan(ListItem.Episode,9)">$INFO[ListItem.Episode,E,: ]</value>
		<value condition="IntegerGreaterThan(ListItem.Episode,0)">$INFO[ListItem.Episode,E0,: ]</value>

	</variable>
	<variable name="Seasonnum">
		<value condition="IntegerGreaterThan(ListItem.Season,9)">$INFO[ListItem.Season,S,]</value>
		<value condition="IntegerGreaterThan(ListItem.Season,0)">$INFO[ListItem.Season,S0,]</value>
	</variable>


	<variable name="ListItemTitle">

		<value condition="Container.Content(artists) | Container.Content(albums) | Container.Content(songs)">$INFO[ListItem.Label]</value>
		<value condition="Container.Content(episodes)|[SubString(Container.FolderPath,plugin)+IsEmpty(Container.Content)+!IsEmpty(ListItem.Title)]">$VAR[Seasonnum]$VAR[episodenum]$INFO[ListItem.Title]</value>

		<value condition="Container.Content(tvshows)+!IsEmpty(ListItem.TVShowTitle)">$INFO[ListItem.TVShowTitle]</value>
		<value condition="!IsEmpty(ListItem.Label)+StringCompare(ListItem.DBTYPE,set)">[I]$INFO[ListItem.Label][/I]</value>
		<value condition="!IsEmpty(ListItem.Label)">$INFO[ListItem.Label]</value>
		<value condition="!IsEmpty(ListItem.Title)">$INFO[ListItem.Title]</value>
		<value></value>
	</variable>

	<variable name="TvFilm1999">
		<value condition="IntegerGreaterThan(Container(1999).NumItems,1)+StringCompare(Container(1999).ListItem.DBTYPE,movie)">$LOCALIZE[342]</value>
		<value condition="!IntegerGreaterThan(Container(1999).NumItems,1)+StringCompare(Container(1999).ListItem.DBTYPE,movie)">$LOCALIZE[20338]</value>
    <value condition="IntegerGreaterThan(Container(1999).NumItems,1)+StringCompare(Container(1999).ListItem.DBTYPE,tvshow)">$LOCALIZE[20343]</value>
		<value condition="!IntegerGreaterThan(Container(1999).NumItems,1)+StringCompare(Container(1999).ListItem.DBTYPE,tvshow)">$LOCALIZE[20364]</value>

	</variable>
	<variable name="ListItemInfoTitle">

		<!-- <value condition="Control.HasFocus(2999)+StringCompare(Container(1999).ListItem.Label2,manquant)+!IsEmpty(Container(1999).ListItem.Label)">[I]$INFO[Container(1999).ListItem.Label] $INFO[Container(1999).ListItem.Writer,( , )][/I]</value> 
		<value condition="Control.HasFocus(2999)+!IsEmpty(Container(1999).ListItem.Label)+!IsEmpty(Container(1999).ListItem.Year)">$INFO[Container(1999).ListItem.Label] [I]$INFO[Container(1999).ListItem.Year,( , )][/I]</value>
-->
		<value condition="Control.HasFocus(2999)+!IsEmpty(Container(1999).ListItem.Label)+!IsEmpty(Container(1999).ListItem.Year)">$INFO[Container(1999).ListItem.Label]</value>

		<value condition="[[StringCompare(Container.Content,genres) +Window.IsActive(10502)]]+IntegerGreaterThan(Container(1999).NumItems,1)">$INFO[ListItem.Label] [COLOR=yellow][I]( $INFO[Container(1999).NumItems] $LOCALIZE[133] )[/I][/COLOR]</value>
		<value condition="[[StringCompare(Container.Content,genres) +Window.IsActive(10502)]]+!IntegerGreaterThan(Container(1999).NumItems,1)">$INFO[ListItem.Label] [COLOR=yellow][I]( $INFO[Container(1999).NumItems] $LOCALIZE[557] )[/I][/COLOR]</value>
		<value condition="StringCompare(ListItem.DBTYPE,set) +IntegerGreaterThan(Container(1999).NumItems,0)+StringCompare(Window(Home).Property(iconmixSaga),complet)">$INFO[ListItem.Label] [COLOR=yellow][I]( $LOCALIZE[31898] )[/I][/COLOR]</value>

		<value condition="StringCompare(ListItem.DBTYPE,set) +IntegerGreaterThan(Container(1999).NumItems,1)">$INFO[ListItem.Label] [COLOR=yellow][I]( $INFO[Window(Home).Property(iconmixSaga),,/]$INFO[Container(1999).NumItems] $LOCALIZE[342] )[/I][/COLOR]</value>
		<value condition="StringCompare(ListItem.DBTYPE,set) +!IntegerGreaterThan(Container(1999).NumItems,1)">$INFO[ListItem.Label] [COLOR=yellow][I]( $INFO[Window(Home).Property(iconmixSaga),,/]$INFO[Container(1999).NumItems] $LOCALIZE[20338] )[/I][/COLOR]</value>
		<value condition="[StringCompare(ListItem.DBTYPE,genre) +Window.IsActive(10025)]">$INFO[ListItem.Label] [COLOR=yellow][I]( $INFO[Container(1999).NumItems] $VAR[TvFilm1999] )[/I][/COLOR]</value>


		<value condition="Container.Content(artists) | Container.Content(albums) | Container.Content(songs)">$INFO[ListItem.Label]</value>
		<value condition="Container.Content(episodes)|[SubString(Container.FolderPath,plugin)+IsEmpty(Container.Content)+!IsEmpty(ListItem.Title)]">$VAR[Seasonnum]$VAR[episodenum]$INFO[ListItem.Title]</value>

		<value condition="Container.Content(tvshows)+!IsEmpty(ListItem.TVShowTitle)">$INFO[ListItem.TVShowTitle]</value>
		<value condition="!IsEmpty(ListItem.Label)">$INFO[ListItem.Label]</value>
		<value condition="!IsEmpty(ListItem.Title)">$INFO[ListItem.Title]</value>
		<value></value>
	</variable>

	<variable name="NextAiredFanart">
		<value condition="Control.HasFocus(200)">$INFO[Container(200).ListItem.Property(Fanart)]</value>
		<value condition="Control.HasFocus(201)">$INFO[Container(201).ListItem.Property(Fanart)]</value>
		<value condition="Control.HasFocus(202)">$INFO[Container(202).ListItem.Property(Fanart)]</value>
		<value condition="Control.HasFocus(203)">$INFO[Container(203).ListItem.Property(Fanart)]</value>
		<value condition="Control.HasFocus(204)">$INFO[Container(204).ListItem.Property(Fanart)]</value>
		<value condition="Control.HasFocus(205)">$INFO[Container(205).ListItem.Property(Fanart)]</value>
		<value condition="Control.HasFocus(206)">$INFO[Container(206).ListItem.Property(Fanart)]</value>
	</variable>
	<variable name="GlobalSearchFanart">
		<value condition="Control.HasFocus(111)">$INFO[Container(111).ListItem.Property(Fanart_Image)]</value>
		<value condition="Control.HasFocus(121)">$INFO[Container(121).ListItem.Property(Fanart_Image)]</value>
		<value condition="Control.HasFocus(131)">$INFO[Container(131).ListItem.Property(Fanart_Image)]</value>
		<value condition="Control.HasFocus(141)">$INFO[Container(141).ListItem.Property(Fanart_Image)]</value>
		<value condition="Control.HasFocus(151)">$INFO[Container(151).ListItem.Property(Fanart_Image)]</value>
		<value condition="Control.HasFocus(161)">$INFO[Container(161).ListItem.Property(Fanart_Image)]</value>
		<value condition="Control.HasFocus(171)">$INFO[Container(171).ListItem.Property(Fanart_Image)]</value>
		<value condition="Control.HasFocus(181)">$INFO[Container(181).ListItem.Property(Fanart_Image)]</value>
	</variable>
	<variable name="GlobalFanart">
		<value condition="Window.IsActive(pictures) + IsEmpty(ListItem.Art(fanart)) + [StringCompare(ListItem.FileExtension,png) | StringCompare(ListItem.FileExtension,jpg) | StringCompare(ListItem.FileExtension,jpeg) | StringCompare(ListItem.FileExtension,bmp) | StringCompare(ListItem.FileExtension,gif) | StringCompare(ListItem.FileExtension,ico) | StringCompare(ListItem.FileExtension,tif) | StringCompare(ListItem.FileExtension,tiff) | StringCompare(ListItem.FileExtension,tga) | StringCompare(ListItem.FileExtension,pcx) | StringCompare(ListItem.FileExtension,cbz) | StringCompare(ListItem.FileExtension,zip) | StringCompare(ListItem.FileExtension,cbr) | StringCompare(ListItem.FileExtension,rar) | StringCompare(ListItem.FileExtension,m3u)]">$INFO[listitem.filenameandpath]</value>
		<value condition="!Window.IsVisible(10025)+!Window.IsVisible(502)+!Window.IsVisible(home)">background.jpg</value>
		<value condition="!Control.IsVisible(1999)+Skin.HasSetting(Enable_ExtraFanart)+!IsEmpty(Window(Home).Property(iconmixExtraFanart))+!SubString(Window(Home).Property(iconmixExtraFanart),plugin)+!SubString(Container.FolderPath,plugin)">$INFO[Window(Home).Property(iconmixExtraFanart)]</value>
		<value condition="Control.IsVisible(1999)+!IsEmpty(Window(Home).Property(iconmixExtraFanart))">$INFO[Window(Home).Property(iconmixExtraFanart)]</value>
		<value condition="!IsEmpty(Window(Home).Property(iconmixExtraFanart))+Skin.HasSetting(Enable_ExtraFanart)">$INFO[Window(Home).Property(iconmixExtraFanart)]</value>
		<value condition="Control.IsVisible(1999)+!IsEmpty(Container(1999).ListItem.Art(fanart))">$INFO[Container(1999).ListItem.Art(fanart)]</value>
		<value condition="!IsEmpty(ListItem.Art(fanart))">$INFO[ListItem.Art(fanart)]</value>
		<value condition="Window.IsVisible(502)">special://skin/extras/backgrounds/music.jpg</value>
		<value condition="Window.IsVisible(10025)">special://skin/extras/backgrounds/movies.jpg</value>
	</variable>
	<variable name="GlobalFanartDiffuse">
		<value condition="Skin.HasSetting(GlobalFanartLight)">FanartDiffuseLight</value>
		<value>FanartDiffuse</value>
	</variable>
	<variable name="MPAATexture">
		<value condition="SubString(ListItem.Mpaa,10)">flags\Rating\Moins10.png</value>
		<value condition="SubString(ListItem.Mpaa,12)">flags\Rating\Moins12.png</value>
		<value condition="SubString(ListItem.Mpaa,14)">flags\Rating\Moins14.png</value>
		<value condition="SubString(ListItem.Mpaa,16)">flags\Rating\Moins16.png</value>
		<value condition="SubString(ListItem.Mpaa,18)">flags\Rating\Moins18.png</value>
		<value condition="SubString(ListItem.Mpaa,-PG)">flags\Rating\PG.png</value>
		<value condition="SubString(ListItem.Mpaa,-MA)">flags\Rating\Moins15.png</value>
		<value condition="!IsEmpty(ListItem.Mpaa)">flags\Rating\Tous.png</value>
	</variable>


	<variable name="nextepisodenum">
		<value condition="IntegerGreaterThan(ListItem.Property(NextEpisodeNumber),9)">$INFO[ListItem.Property(NextEpisodeNumber),E,: ]</value>
		<value condition="IntegerGreaterThan(ListItem.Property(NextEpisodeNumber),0)">$INFO[ListItem.Property(NextEpisodeNumber),E0,: ]</value>

	</variable>
	<variable name="nextSeasonnum">
		<value condition="IntegerGreaterThan(ListItem.Property(NextSeasonNumber),9)">$INFO[ListItem.Property(NextSeasonNumber),S,]</value>
		<value condition="IntegerGreaterThan(ListItem.Property(NextSeasonNumber),0)">$INFO[ListItem.Property(NextSeasonNumber),S0,]</value>
	</variable>


	<variable name="GlobalWidgetLabel">
		<value condition="SubString(Container(9000).ListItem.Property(widget),RecentlyAddedMovies)|SubString(Container(9000).ListItem.Property(widget),RandomMovies)|SubString(Container(9000).ListItem.Property(widget),RecommendedMovies)">$INFO[ListItem.Title]$INFO[ListItem.Year, (,)]</value>
		<value condition="SubString(Container(9000).ListItem.Property(widget),RecentlyAddedEpisodes)|SubString(Container(9000).ListItem.Property(widget),RecommendedEpisodes)|SubString(Container(9000).ListItem.Property(widget),RandomEpisodes)">$INFO[ListItem.TVShowTitle] - $VAR[Seasonnum]$VAR[episodenum] - $INFO[ListItem.Title]</value>
		<value condition="SubString(Container(9000).ListItem.Property(widget),RecentlyAddedAlbums)|SubString(Container(9000).ListItem.Property(widget),RecommendedAlbums)|SubString(Container(9000).ListItem.Property(widget),RandomAlbums)">$INFO[ListItem.Artist] - $INFO[ListItem.Title]$INFO[ListItem.Year, (,)]</value>
		<value condition="SubString(Container(9000).ListItem.Property(widget),RandomSongs)">$INFO[ListItem.Artist] - $INFO[ListItem.Title]</value>
		<value condition="SubString(Container(9000).ListItem.Property(widget),NAired)">$INFO[ListItem.Label]-S$INFO[ListItem.Property(NextSeasonNumber)]E$INFO[ListItem.Property(NextEpisodeNumber)] : ([COLOR=NowPlayingTitle]$INFO[ListItem.Property(NextDay)][/COLOR])</value>
		<value condition="SubString(Container(9000).ListItem.Property(widgetpath),nextaired)">$INFO[ListItem.Label]-S$INFO[ListItem.Property(NextSeasonNumber)]E$INFO[ListItem.Property(NextEpisodeNumber)] : ([COLOR=NowPlayingTitle]$INFO[ListItem.Property(NextDay)][/COLOR])</value>

		<!-- fixing the playlists content labels
		<value condition="SubString(Container(9000).ListItem.Property(widget),Playlist) + IsEmpty(Container(8000).ListItem.TVShowTitle)">$INFO[ListItem.Title]$INFO[ListItem.Year, (,)]</value>
		<value condition="SubString(Container(9000).ListItem.Property(widget),Playlist) + !SubString(ListItem.Title,ListItem.TVShowTitle) + !IsEmpty(Container(8000).ListItem.TVShowTitle)">$INFO[ListItem.TVShowTitle] - $INFO[ListItem.Season,,x]$INFO[ListItem.Episode,,. ]$INFO[ListItem.Title]</value>
		-->
		<value>$INFO[ListItem.Label]</value>
	</variable>
	<variable name="GlobalWidgetLabel2">
		<!-- fixing the service.library.data.provider content labels-->
		<value condition="SubString(Container(9000).ListItem.Property(widget.2),RecentlyAddedMovies)|SubString(Container(9000).ListItem.Property(widget.2),RandomMovies)|SubString(Container(9000).ListItem.Property(widget.2),RecommendedMovies)">$INFO[ListItem.Title]$INFO[ListItem.Year, (,)]</value>
		<value condition="SubString(Container(9000).ListItem.Property(widget.2),RecentlyAddedEpisodes)|SubString(Container(9000).ListItem.Property(widget.2),RecommendedEpisodes)|SubString(Container(9000).ListItem.Property(widget.2),RandomEpisodes)">$INFO[ListItem.TVShowTitle] - $VAR[Seasonnum]$VAR[episodenum] - $INFO[ListItem.Title]</value>
		<value condition="SubString(Container(9000).ListItem.Property(widget.2),RecentlyAddedAlbums)|SubString(Container(9000).ListItem.Property(widget.2),RecommendedAlbums)|SubString(Container(9000).ListItem.Property(widget.2),RandomAlbums)">$INFO[ListItem.Artist] - $INFO[ListItem.Title]$INFO[ListItem.Year, (,)]</value>
		<value condition="SubString(Container(9000).ListItem.Property(widget.2),RandomSongs)">$INFO[ListItem.Artist] - $INFO[ListItem.Title]</value>
		<value condition="SubString(Container(9000).ListItem.Property(widget.2),NAired)">$INFO[ListItem.Label]-S$INFO[ListItem.Property(NextSeasonNumber)]E$INFO[ListItem.Property(NextEpisodeNumber)] : ([COLOR=NowPlayingTitle]$INFO[ListItem.Property(NextDay)][/COLOR])</value>
		<value condition="SubString(Container(9000).ListItem.Property(widgetpath.2),nextaired)">$INFO[ListItem.Label]-S$INFO[ListItem.Property(NextSeasonNumber)]E$INFO[ListItem.Property(NextEpisodeNumber)] : ([COLOR=NowPlayingTitle]$INFO[ListItem.Property(NextDay)][/COLOR])</value>

		<value>$INFO[ListItem.Label]</value>
	</variable>




	<variable name="ArtList">
		<value condition="!IsEmpty(ListItem.Art(clearart))">$INFO[ListItem.Art(clearart)]</value>
		<value condition="!IsEmpty(ListItem.Art(clearlogo))">$INFO[ListItem.Art(clearlogo)]</value>
	</variable>

	<variable name="HomeWidgetPosterVar">
		<value condition="!IsEmpty(ListItem.Art(poster))">$INFO[ListItem.Art(poster)]</value>
		<value condition="!IsEmpty(ListItem.Art(tvshow.poster))">$INFO[ListItem.Art(tvshow.poster)]</value>
		<value condition="!SubString(ListItem.Icon,default)">$INFO[ListItem.Icon]</value>
		<value condition="!IsEmpty(ListItem.Art(thumb))">$INFO[ListItem.Art(thumb)]</value>
		<value condition="!IsEmpty(ListItem.Art(fanart))">$INFO[ListItem.Art(fanart)]</value>
	</variable>
	<variable name="HomeWidgetPosterVar1999">
		<value condition="!IsEmpty(Container(1999).ListItem.Art(poster))">$INFO[Container(1999).ListItem.Art(poster)]</value>
		<value condition="!IsEmpty(Container(1999).ListItem.Art(tvshow.poster))">$INFO[Container(1999).ListItem.Art(tvshow.poster)]</value>
		<value condition="!SubString(Container(1999).ListItem.Icon,default)">$INFO[Container(1999).ListItem.Icon]</value>
		<value condition="!IsEmpty(Container(1999).ListItem.Art(thumb))">$INFO[Container(1999).ListItem.Art(thumb)]</value>
		<value condition="!IsEmpty(Container(1999).ListItem.Art(fanart))">$INFO[Container(1999).ListItem.Art(fanart)]</value>
	</variable>


	<variable name="GlobalWidgetIconPanel">
		<value condition="!IsEmpty(ListItem.Art(tvshow.poster))">$INFO[ListItem.Art(tvshow.poster)]</value>
		<value condition="!IsEmpty(ListItem.Property(Art(poster)))">$INFO[ListItem.Property(Art(poster))]</value>
		<value condition="!IsEmpty(ListItem.Icon)">$INFO[ListItem.Icon]</value>
		<value condition="!IsEmpty(ListItem.Art(fanart))">$INFO[ListItem.Art(fanart)]</value>

	</variable>



	<variable name="RatingColor">
		<value condition="!SubString(ListItem.Votes,$COMMA)">FFFF0000</value>
		<value condition="SubString(ListItem.Votes,1$COMMA,Left)">FFFF5555</value>
		<value condition="SubString(ListItem.Votes,2$COMMA,Left)">FFFFFF00</value>
		<value condition="SubString(ListItem.Votes,3$COMMA,Left)">FFFFFF00</value>
		<value condition="SubString(ListItem.Votes,4$COMMA,Left)">FFFFFF00</value>
		<value condition="SubString(ListItem.Votes,5$COMMA,Left)">FFFFFF00</value>
		<value condition="SubString(ListItem.Votes,$COMMA)">FF00FF00</value>
	</variable>

	<variable name="Weather_Fanart">
		<!-- + Skin.HasSetting(DynamicWeather) -->
		<value condition="!Skin.String(CustomWeather.path,) + !Skin.HasSetting(CustomWeather.multi)">$INFO[Skin.String(CustomWeather.path)]$INFO[Window(Weather).Property(Current.FanartCode)]$INFO[Skin.String(CustomWeather.ext)]</value>
		<value condition="!Skin.String(CustomWeather.path,) + Skin.HasSetting(CustomWeather.multi)">$INFO[Skin.String(CustomWeather.path)]$INFO[Window(Weather).Property(Current.FanartCode)]</value>
		<value>special://skin/extras/backgrounds/weather.jpg</value>
	</variable>
	<variable name="WeatherIconsPath">
		<value condition="!IsEmpty(Skin.String(WeatherIcons.name))">$INFO[Skin.String(WeatherIcons.path)]</value>
		<value>resource://resource.images.WeatherIcons.3d-coloured</value>
	</variable>
	<variable name="WeatherIconsExt">
		<value condition="!IsEmpty(Skin.String(WeatherIcons.name)) + !Skin.HasSetting(WeatherIcons.multi)">$INFO[Skin.String(WeatherIcons.ext)]</value>
		<value condition="!IsEmpty(Skin.String(WeatherIcons.name)) + Skin.HasSetting(WeatherIcons.multi)">/</value>
		<value>.png</value>
	</variable>
	<variable name="Weather_Icons_Current">
		<value>$VAR[WeatherIconsPath]/$INFO[Window(Weather).Property(Current.FanartCode)]$VAR[WeatherIconsExt]</value>
	</variable>
	<variable name="Weather_Icons_Day0">
		<value>$VAR[WeatherIconsPath]/$INFO[Window(Weather).Property(Day0.FanartCode)]$VAR[WeatherIconsExt]</value>
	</variable>
	<variable name="Weather_Icons_Day1">
		<value>$VAR[WeatherIconsPath]/$INFO[Window(Weather).Property(Day1.FanartCode)]$VAR[WeatherIconsExt]</value>
	</variable>
	<variable name="Weather_Icons_Day2">
		<value>$VAR[WeatherIconsPath]/$INFO[Window(Weather).Property(Day2.FanartCode)]$VAR[WeatherIconsExt]</value>
	</variable>
	<variable name="Weather_Icons_Day3">
		<value>$VAR[WeatherIconsPath]/$INFO[Window(Weather).Property(Day3.FanartCode)]$VAR[WeatherIconsExt]</value>
	</variable>
	<variable name="Weather_Icons_Day4">
		<value>$VAR[WeatherIconsPath]/$INFO[Window(Weather).Property(Day4.FanartCode)]$VAR[WeatherIconsExt]</value>
	</variable>
	<variable name="Weather_Icons_Day5">
		<value>$VAR[WeatherIconsPath]/$INFO[Window(Weather).Property(Day5.FanartCode)]$VAR[WeatherIconsExt]</value>
	</variable>
	<variable name="Weather_Icons_Day6">
		<value>$VAR[WeatherIconsPath]/$INFO[Window(Weather).Property(Day6.FanartCode)]$VAR[WeatherIconsExt]</value>
	</variable>
	<variable name="Weather_Icons_Hour1">
		<value>$VAR[WeatherIconsPath]/$INFO[Window(Weather).Property(Hourly.1.FanartCode)]$VAR[WeatherIconsExt]</value>
	</variable>
	<variable name="Weather_Icons_Hour2">
		<value>$VAR[WeatherIconsPath]/$INFO[Window(Weather).Property(Hourly.2.FanartCode)]$VAR[WeatherIconsExt]</value>
	</variable>
	<variable name="Weather_Icons_Hour3">
		<value>$VAR[WeatherIconsPath]/$INFO[Window(Weather).Property(Hourly.3.FanartCode)]$VAR[WeatherIconsExt]</value>
	</variable>
	<variable name="Weather_Icons_Hour4">
		<value>$VAR[WeatherIconsPath]/$INFO[Window(Weather).Property(Hourly.4.FanartCode)]$VAR[WeatherIconsExt]</value>
	</variable>
	<variable name="Weather_Icons_Hour5">
		<value>$VAR[WeatherIconsPath]/$INFO[Window(Weather).Property(Hourly.5.FanartCode)]$VAR[WeatherIconsExt]</value>
	</variable>
	<variable name="Weather_Icons_Hour6">
		<value>$VAR[WeatherIconsPath]/$INFO[Window(Weather).Property(Hourly.6.FanartCode)]$VAR[WeatherIconsExt]</value>
	</variable>
	<variable name="Weather_Icons_Hour7">
		<value>$VAR[WeatherIconsPath]/$INFO[Window(Weather).Property(Hourly.7.FanartCode)]$VAR[WeatherIconsExt]</value>
	</variable>
	<variable name="Weather_Icons_Hour8">
		<value>$VAR[WeatherIconsPath]/$INFO[Window(Weather).Property(Hourly.8.FanartCode)]$VAR[WeatherIconsExt]</value>
	</variable>
	<variable name="Weather_Icons_Hour9">
		<value>$VAR[WeatherIconsPath]/$INFO[Window(Weather).Property(Hourly.9.FanartCode)]$VAR[WeatherIconsExt]</value>
	</variable>
	<variable name="Weather_Icons_Hour10">
		<value>$VAR[WeatherIconsPath]/$INFO[Window(Weather).Property(Hourly.10.FanartCode)]$VAR[WeatherIconsExt]</value>
	</variable>
	<variable name="Weather_Icons_Hour11">
		<value>$VAR[WeatherIconsPath]/$INFO[Window(Weather).Property(Hourly.11.FanartCode)]$VAR[WeatherIconsExt]</value>
	</variable>
	<variable name="Weather_Icons_Hour12">
		<value>$VAR[WeatherIconsPath]/$INFO[Window(Weather).Property(Hourly.12.FanartCode)]$VAR[WeatherIconsExt]</value>
	</variable>
	<variable name="Weather_Icons_Hour13">
		<value>$VAR[WeatherIconsPath]/$INFO[Window(Weather).Property(Hourly.13.FanartCode)]$VAR[WeatherIconsExt]</value>
	</variable>
	<variable name="Weather_Icons_Hour14">
		<value>$VAR[WeatherIconsPath]/$INFO[Window(Weather).Property(Hourly.14.FanartCode)]$VAR[WeatherIconsExt]</value>
	</variable>
	<variable name="Weather_Icons_Hour15">
		<value>$VAR[WeatherIconsPath]/$INFO[Window(Weather).Property(Hourly.15.FanartCode)]$VAR[WeatherIconsExt]</value>
	</variable>
	<variable name="Weather_Icons_Hour16">
		<value>$VAR[WeatherIconsPath]/$INFO[Window(Weather).Property(Hourly.16.FanartCode)]$VAR[WeatherIconsExt]</value>
	</variable>
	<variable name="Weather_Icons_Hour17">
		<value>$VAR[WeatherIconsPath]/$INFO[Window(Weather).Property(Hourly.17.FanartCode)]$VAR[WeatherIconsExt]</value>
	</variable>
	<variable name="Weather_Icons_Hour18">
		<value>$VAR[WeatherIconsPath]/$INFO[Window(Weather).Property(Hourly.18.FanartCode)]$VAR[WeatherIconsExt]</value>
	</variable>
	<variable name="Weather_Icons_Hour19">
		<value>$VAR[WeatherIconsPath]/$INFO[Window(Weather).Property(Hourly.19.FanartCode)]$VAR[WeatherIconsExt]</value>
	</variable>
	<variable name="Weather_Icons_Hour20">
		<value>$VAR[WeatherIconsPath]/$INFO[Window(Weather).Property(Hourly.20.FanartCode)]$VAR[WeatherIconsExt]</value>
	</variable>
	<variable name="Weather_Icons_Hour21">
		<value>$VAR[WeatherIconsPath]/$INFO[Window(Weather).Property(Hourly.21.FanartCode)]$VAR[WeatherIconsExt]</value>
	</variable>
	<variable name="Weather_Icons_Hour22">
		<value>$VAR[WeatherIconsPath]/$INFO[Window(Weather).Property(Hourly.22.FanartCode)]$VAR[WeatherIconsExt]</value>
	</variable>
	<variable name="Weather_Icons_Hour23">
		<value>$VAR[WeatherIconsPath]/$INFO[Window(Weather).Property(Hourly.23.FanartCode)]$VAR[WeatherIconsExt]</value>
	</variable>
	<variable name="Weather_Icons_Hour24">
		<value>$VAR[WeatherIconsPath]/$INFO[Window(Weather).Property(Hourly.24.FanartCode)]$VAR[WeatherIconsExt]</value>
	</variable>
	<variable name="Weather_Icons_Hour25">
		<value>$VAR[WeatherIconsPath]/$INFO[Window(Weather).Property(Hourly.25.FanartCode)]$VAR[WeatherIconsExt]</value>
	</variable>
	<variable name="Weather_Icons_Hour26">
		<value>$VAR[WeatherIconsPath]/$INFO[Window(Weather).Property(Hourly.26.FanartCode)]$VAR[WeatherIconsExt]</value>
	</variable>
	<variable name="Weather_Icons_Hour27">
		<value>$VAR[WeatherIconsPath]/$INFO[Window(Weather).Property(Hourly.27.FanartCode)]$VAR[WeatherIconsExt]</value>
	</variable>
	<variable name="Weather_Icons_Hour28">
		<value>$VAR[WeatherIconsPath]/$INFO[Window(Weather).Property(Hourly.28.FanartCode)]$VAR[WeatherIconsExt]</value>
	</variable>
	<variable name="Weather_Icons_Hour29">
		<value>$VAR[WeatherIconsPath]/$INFO[Window(Weather).Property(Hourly.29.FanartCode)]$VAR[WeatherIconsExt]</value>
	</variable>
	<variable name="Weather_Icons_Hour30">
		<value>$VAR[WeatherIconsPath]/$INFO[Window(Weather).Property(Hourly.30.FanartCode)]$VAR[WeatherIconsExt]</value>
	</variable>
	<variable name="Weather_Icons_Hour31">
		<value>$VAR[WeatherIconsPath]/$INFO[Window(Weather).Property(Hourly.31.FanartCode)]$VAR[WeatherIconsExt]</value>
	</variable>
	<variable name="Weather_Icons_Hour32">
		<value>$VAR[WeatherIconsPath]/$INFO[Window(Weather).Property(Hourly.32.FanartCode)]$VAR[WeatherIconsExt]</value>
	</variable>
	<variable name="Weather_Icons_Hour33">
		<value>$VAR[WeatherIconsPath]/$INFO[Window(Weather).Property(Hourly.33.FanartCode)]$VAR[WeatherIconsExt]</value>
	</variable>
	<variable name="Weather_Icons_Hour34">
		<value>$VAR[WeatherIconsPath]/$INFO[Window(Weather).Property(Hourly.34.FanartCode)]$VAR[WeatherIconsExt]</value>
	</variable>
	<variable name="Weather_Icons_Hour35">
		<value>$VAR[WeatherIconsPath]/$INFO[Window(Weather).Property(Hourly.35.FanartCode)]$VAR[WeatherIconsExt]</value>
	</variable>
	<variable name="Weather_Icons_Hour36">
		<value>$VAR[WeatherIconsPath]/$INFO[Window(Weather).Property(Hourly.36.FanartCode)]$VAR[WeatherIconsExt]</value>
	</variable>
	<variable name="Weather_Icons_36Hr1">
		<value>$VAR[WeatherIconsPath]/$INFO[Window(Weather).Property(36Hour.1.FanartCode)]$VAR[WeatherIconsExt]</value>
	</variable>
	<variable name="Weather_Icons_36Hr2">
		<value>$VAR[WeatherIconsPath]/$INFO[Window(Weather).Property(36Hour.2.FanartCode)]$VAR[WeatherIconsExt]</value>
	</variable>
	<variable name="Weather_Icons_36Hr3">
		<value>$VAR[WeatherIconsPath]/$INFO[Window(Weather).Property(36Hour.3.FanartCode)]$VAR[WeatherIconsExt]</value>
	</variable>
	<variable name="Weather_Icons_Weekend1">
		<value>$VAR[WeatherIconsPath]/$INFO[Window(Weather).Property(Weekend.1.FanartCode)]$VAR[WeatherIconsExt]</value>
	</variable>
	<variable name="Weather_Icons_Weekend2">
		<value>$VAR[WeatherIconsPath]/$INFO[Window(Weather).Property(Weekend.2.FanartCode)]$VAR[WeatherIconsExt]</value>
	</variable>
	<constant name="WeatherHomeLeft">325</constant>
	<constant name="WeatherHomeTop">855</constant>
	<constant name="WeatherHomeHeight">260</constant>
	<constant name="WeatherHomeWidth">250</constant>
	<constant name="WeatherPanelLeft">210</constant>
	<constant name="Weather7DayWidth">237</constant>
	<constant name="Weather7DayHeight">585</constant>
	<constant name="Weather12HourWidth">272</constant>
	<constant name="Weather12HourHeight">335</constant>
	<constant name="Weather36HourPanelLeft">300</constant>
	<constant name="Weather36HourWidth">203</constant>
	<constant name="Weather36HourHeight">220</constant>
	<constant name="WeatherWeekendWidth">625</constant>
	<constant name="WeatherWeekendHeight">585</constant>
	<constant name="WeatherMapHeight">590</constant>
	<constant name="WeatherMapWidth">1080</constant>

	<variable name="emptyplot">
		<!--	<value condition="[[Container.Content(Movies) + [!Skin.HasSetting(Show_PlotOutline) | IsEmpty(ListItem.PlotOutline)]] | Container.Content(TVShows) | Container.Content(Episodes) | Container.Content(MusicVideos) | SubString(Container.FolderPath,plugin)]+!IsEmpty(ListItem.Plot)">true</value>
		<value condition="[Container.Content(Movies) + Skin.HasSetting(Show_PlotOutline) + !IsEmpty(ListItem.PlotOutline)]+!IsEmpty(ListItem.PlotOutline)">true</value>
		<value condition="Container.Content(Seasons)+!IsEmpty(Container.ShowPlot)">true</value>
		Music -->
		<!-- 	<value condition="[!IsEmpty(ListItem.Property(Artist_Description)) + IsEmpty(ListItem.Property(Album_Description))]+!IsEmpty(ListItem.Property(Artist_Description))">true</value>
		<value condition="!IsEmpty(ListItem.Property(Album_Description))+!IsEmpty(ListItem.Property(Album_Description))">true</value>

		Addons
		<value condition="!IsEmpty(ListItem.Property(Addon.Description))+!IsEmpty(ListItem.Property(Addon.Description))">true</value>
		-->
		<value>[[!IsEmpty(ListItem.Property(Artist_Description)) + IsEmpty(ListItem.Property(Album_Description))]+!IsEmpty(ListItem.Property(Artist_Description))]|[!IsEmpty(ListItem.Property(Addon.Description))+!IsEmpty(ListItem.Property(Addon.Description))]</value>
	</variable>

	<variable name="PlotBox_Text" id="7777">
		<!-- Skin Shortcuts help text -->
		<value condition="Control.HasFocus(2999)">$INFO[Container(1999).ListItem.Plot]</value>
		<value condition="Window.IsActive(script-skinshortcuts.xml) + Control.HasFocus(302)">$LOCALIZE[31720]</value>
		<value condition="Window.IsActive(script-skinshortcuts.xml) + Control.HasFocus(303)">$LOCALIZE[31721]</value>
		<value condition="Window.IsActive(script-skinshortcuts.xml) + Control.HasFocus(304)">$LOCALIZE[31722]</value>
		<value condition="Window.IsActive(script-skinshortcuts.xml) + Control.HasFocus(401)">$LOCALIZE[31723]</value>
		<value condition="Window.IsActive(script-skinshortcuts.xml) + Control.HasFocus(306)">$LOCALIZE[31724]</value>
		<value condition="Window.IsActive(script-skinshortcuts.xml) + Control.HasFocus(305)">$LOCALIZE[31725]</value>
		<value condition="Window.IsActive(script-skinshortcuts.xml) + Control.HasFocus(309)">$LOCALIZE[31726]</value>
		<value condition="Window.IsActive(script-skinshortcuts.xml) + Control.HasFocus(307)">$LOCALIZE[31727]</value>
		<value condition="Window.IsActive(script-skinshortcuts.xml) + Control.HasFocus(405)">$LOCALIZE[31728]</value>
		<value condition="Window.IsActive(script-skinshortcuts.xml) + Control.HasFocus(10)">$LOCALIZE[31729]</value>
		<value condition="Window.IsActive(script-skinshortcuts.xml) + Control.HasFocus(301)">$LOCALIZE[31730]</value>
		<value condition="Window.IsActive(script-skinshortcuts.xml) + Control.HasFocus(308)">$LOCALIZE[31731]</value>
		<value condition="Window.IsActive(script-skinshortcuts.xml) + [Control.HasFocus(1001)|Control.HasFocus(2001)]">Change Widget style (Panel or List)</value>
		<value condition="Window.IsActive(script-skinshortcuts.xml) + [Control.HasFocus(1002)|Control.HasFocus(2002)]">Selected : Display center widget - Unselected : Display part of widget on right</value>
		<value condition="Window.IsActive(script-skinshortcuts.xml) + [Control.HasFocus(1003)|Control.HasFocus(2003)]">Hide widget until has focused</value>
		<!-- Videos -->
		<value condition="[Container.Content(Movies) + IsEmpty(ListItem.PlotOutline)] | Container.Content(TVShows) | Container.Content(Episodes) | Container.Content(MusicVideos) | SubString(Container.FolderPath,plugin)">$INFO[ListItem.Plot]</value>
		<value condition="Container.Content(Movies) +  !IsEmpty(ListItem.PlotOutline)">$INFO[ListItem.PlotOutline]</value>
		<value condition="Container.Content(Seasons)">$INFO[Container.ShowPlot]</value>
		<!-- Music -->
		<value condition="!IsEmpty(ListItem.Property(Artist_Description)) + IsEmpty(ListItem.Property(Album_Description))">$INFO[ListItem.Property(Artist_Description)]</value>
		<value condition="!IsEmpty(ListItem.Property(Album_Description))">$INFO[ListItem.Property(Album_Description)]</value>

		<!-- Addons -->
		<value condition="!IsEmpty(ListItem.Property(Addon.Description))">$INFO[ListItem.Property(Addon.Description)]</value>
		<!-- Video Genres -->
		<value condition="StringCompare(ListItem.Label,Action)">$LOCALIZE[31343]</value>
		<value condition="StringCompare(ListItem.Label,Adventure)">$LOCALIZE[31344]</value>
		<value condition="StringCompare(ListItem.Label,Action And Adventure)">$LOCALIZE[31345]</value>
		<value condition="StringCompare(ListItem.Label,Adult)">$LOCALIZE[31346]</value>
		<value condition="StringCompare(ListItem.Label,Animation)">$LOCALIZE[31347]</value>
		<value condition="StringCompare(ListItem.Label,Anime)">$LOCALIZE[31348]</value>
		<value condition="StringCompare(ListItem.Label,Biography)">$LOCALIZE[31349]</value>
		<value condition="StringCompare(ListItem.Label,Bollywood)">$LOCALIZE[31350]</value>
		<value condition="StringCompare(ListItem.Label,Children)">$LOCALIZE[31351]</value>
		<value condition="StringCompare(ListItem.Label,Christmas)">$LOCALIZE[31352]</value>
		<value condition="StringCompare(ListItem.Label,Comedy)">$LOCALIZE[31353]</value>
		<value condition="StringCompare(ListItem.Label,Concert)">$LOCALIZE[31354]</value>
		<value condition="StringCompare(ListItem.Label,Crime)">$LOCALIZE[31355]</value>
		<value condition="StringCompare(ListItem.Label,Disaster)">$LOCALIZE[31356]</value>
		<value condition="StringCompare(ListItem.Label,Documentary)">$LOCALIZE[31357]</value>
		<value condition="StringCompare(ListItem.Label,Drama)">$LOCALIZE[31358]</value>
		<value condition="StringCompare(ListItem.Label,Epic)">$LOCALIZE[31397]</value>
		<value condition="StringCompare(ListItem.Label,Family)">$LOCALIZE[31359]</value>
		<value condition="StringCompare(ListItem.Label,Fantasy)">$LOCALIZE[31360]</value>
		<value condition="StringCompare(ListItem.Label,Film Noir) | StringCompare(ListItem.Label,Neo-Noir)">$LOCALIZE[31361]</value>
		<value condition="StringCompare(ListItem.Label,Foreign)">$LOCALIZE[31466]</value>
		<value condition="StringCompare(ListItem.Label,Game Show)">$LOCALIZE[31362]</value>
		<value condition="StringCompare(ListItem.Label,Hentai)">$LOCALIZE[31364]</value>
		<value condition="StringCompare(ListItem.Label,History)">$LOCALIZE[31365]</value>
		<value condition="StringCompare(ListItem.Label,Holiday)">$LOCALIZE[31467]</value>
		<value condition="StringCompare(ListItem.Label,Horror)">$LOCALIZE[31367]</value>
		<value condition="StringCompare(ListItem.Label,Independent) | StringCompare(ListItem.Label,Indie)">$LOCALIZE[31368]</value>
		<value condition="StringCompare(ListItem.Label,Interview)">$LOCALIZE[31369]</value>
		<value condition="StringCompare(ListItem.Label,Martial Arts)">$LOCALIZE[31370]</value>
		<value condition="StringCompare(ListItem.Label,Mini-Series) | StringCompare(ListItem.Label,Mini-TV-Series)">$LOCALIZE[31371]</value>
		<value condition="StringCompare(ListItem.Label,Monster)">$LOCALIZE[31372]</value>
		<value condition="StringCompare(ListItem.Label,Music)">$LOCALIZE[31373]</value>
		<value condition="StringCompare(ListItem.Label,Musical)">$LOCALIZE[31374]</value>
		<value condition="StringCompare(ListItem.Label,Mystery)">$LOCALIZE[31375]</value>
		<value condition="StringCompare(ListItem.Label,Nature)">$LOCALIZE[31376]</value>
		<value condition="StringCompare(ListItem.Label,News)">$LOCALIZE[31377]</value>
		<value condition="StringCompare(ListItem.Label,Post-Apocalypse)">$LOCALIZE[31378]</value>
		<value condition="StringCompare(ListItem.Label,Reality)">$LOCALIZE[31379]</value>
		<value condition="StringCompare(ListItem.Label,Romance)">$LOCALIZE[31381]</value>
		<value condition="StringCompare(ListItem.Label,Sci-Fi) | StringCompare(ListItem.Label,Science Fiction) | StringCompare(ListItem.Label,Science-Fiction)">$LOCALIZE[31382]</value>
		<value condition="StringCompare(ListItem.Label,Short)">$LOCALIZE[31383]</value>
		<value condition="StringCompare(ListItem.Label,Silent)">$LOCALIZE[31398]</value>
		<value condition="StringCompare(ListItem.Label,Soap)">$LOCALIZE[31384]</value>
		<value condition="StringCompare(ListItem.Label,Sport)">$LOCALIZE[31386]</value>
		<value condition="StringCompare(ListItem.Label,Spy)">$LOCALIZE[31387]</value>
		<value condition="StringCompare(ListItem.Label,Stageplay)">$LOCALIZE[31388]</value>
		<value condition="StringCompare(ListItem.Label,Stand-Up)">$LOCALIZE[31389]</value>
		<value condition="StringCompare(ListItem.Label,Superhero) | StringCompare(ListItem.Label,Comics)">$LOCALIZE[31390]</value>
		<value condition="StringCompare(ListItem.Label,Supernatural)">$LOCALIZE[31391]</value>
		<value condition="StringCompare(ListItem.Label,Talk Show)">$LOCALIZE[31392]</value>
		<value condition="StringCompare(ListItem.Label,Thriller) | StringCompare(ListItem.Label,Suspense)">$LOCALIZE[31393]</value>
		<value condition="StringCompare(ListItem.Label,War)">$LOCALIZE[31394]</value>
		<value condition="StringCompare(ListItem.Label,Western)">$LOCALIZE[31395]</value>
		<value condition="StringCompare(ListItem.Label,Wrestling)">$LOCALIZE[31396]</value>
		<value></value>
	</variable>
	<variable name="MediaFlag_VideoResolution">
		<value condition="Window.IsActive(fullscreenvideo)">$INFO[VideoPlayer.VideoResolution,flags/VideoResolution/,.png]</value>
		<value>$INFO[ListItem.VideoResolution,flags/VideoResolution/,.png]</value>
	</variable>
	<variable name="MediaFlag_VideoAspect">
		<value condition="Window.IsActive(fullscreenvideo)">$INFO[VideoPlayer.VideoAspect,flags/VideoAspect/,.png]</value>
		<value>$INFO[ListItem.VideoAspect,flags/VideoAspect/,.png]</value>
	</variable>
	<variable name="MediaFlag_VideoCodec">
		<value condition="SubString(ListItem.DBTYPE,set)">flags/Source/set.png</value>
		<value condition="IsEmpty(ListItem.VideoCodec)+[!ListItem.IsStereoscopic + !SubString(listitem.filename,3d)] + [SubString(listitem.filename,bluray) | SubString(listitem.filename,blu-ray) | SubString(listitem.filename,.mt2s) | SubString(listitem.filename,.bdmv) | SubString(listitem.filename,.iso)] + [Container.Content(movies) | Container.Content(MusicVideos)]">flags/Source/bluray.png</value>
		<value condition="IsEmpty(ListItem.VideoCodec)+[ListItem.IsStereoscopic | SubString(listitem.filename,3d)] +  [SubString(listitem.filename,bluray) | SubString(listitem.filename,blu-ray) | SubString(listitem.filename,.mt2s) | SubString(listitem.filename,.bdmv) | SubString(listitem.filename,.iso)] + [Container.Content(movies) | Container.Content(MusicVideos)]">flags/Source/bd3d.png</value>
		<value>$INFO[ListItem.VideoCodec,flags/VideoCodec/,.png]</value>
	</variable>
	<variable name="Boitier_SelonResolution">
		<value condition="StringCompare(ListItem.VideoResolution,4K)">frames/4k.png</value>
		<value condition="SubString(ListItem.DBTYPE,set)">frames/collection.png</value>
		<value condition="IsEmpty(ListItem.VideoResolution)+[SubString(ListItem.filename,.mt2s) | SubString(ListItem.filename,.bdmv) | SubString(ListItem.filename,.iso)]+[!SubString(ListItem.Filename,dvd) + !ListItem.IsStereoscopic + !SubString(ListItem.filename,3d)] ">frames/br.png</value>
		<value condition="StringCompare(ListItem.VideoResolution,720)+[!ListItem.IsStereoscopic + !SubString(ListItem.filename,3d)] ">frames/br720.png</value>
		<value condition="StringCompare(ListItem.VideoResolution,1080)+[!ListItem.IsStereoscopic + !SubString(ListItem.filename,3d)] ">frames/br1080.png</value>
		<value condition="[StringCompare(ListItem.VideoResolution,720)|StringCompare(ListItem.VideoResolution,1080)|IsEmpty(ListItem.VideoResolution)]+[ListItem.IsStereoscopic | SubString(ListItem.filename,3d)] +  [SubString(ListItem.filename,bluray) | SubString(ListItem.filename,blu-ray) | SubString(ListItem.filename,.mt2s) | SubString(ListItem.filename,.bdmv) | SubString(ListItem.filename,.iso)]">frames/br3d.png</value>
		<value condition="!SubString(ListItem.Filename,dvd)+[SubString(ListItem.Filename,.iso) | SubString(ListItem.Filename,.bdmv)]">frames/br.png</value>
		<value condition="StringCompare(ListItem.VideoResolution,576)|StringCompare(ListItem.VideoResolution,540)|StringCompare(ListItem.VideoResolution,480)|SubString(ListItem.Filename,dvd) | SubString(ListItem.Filename,.ifo)">frames/dvd.png</value>
		<value>frames/pochetteok.png</value>
	</variable>

	<!-- -->
	<variable name="MediaFlag_VideoCodecSet">
		<value condition="SubString(Container(1999).ListItem.DBTYPE,set)">flags/Source/set.png</value>
		<value condition="[IsEmpty(Container(1999).ListItem.Property(VideoCodec))+IsEmpty(Container(1999).ListItem.VideoCodec)]+[!Container(1999).ListItem.IsStereoscopic + !SubString(Container(1999).ListItem.filename,3d)] + [SubString(Container(1999).ListItem.filename,bluray) | SubString(Container(1999).ListItem.filename,blu-ray) | SubString(Container(1999).ListItem.filename,.mt2s) | SubString(Container(1999).ListItem.filename,.bdmv) | SubString(Container(1999).ListItem.filename,.iso)] + [Container.Content(movies) | Container.Content(MusicVideos)]">flags/Source/bluray.png</value>
		<value condition="[IsEmpty(Container(1999).ListItem.Property(VideoCodec))+IsEmpty(Container(1999).ListItem.VideoCodec)]+[Container(1999).ListItem.IsStereoscopic | SubString(Container(1999).ListItem.filename,3d)] +  [SubString(Container(1999).ListItem.filename,bluray) | SubString(Container(1999).ListItem.filename,blu-ray) | SubString(Container(1999).ListItem.filename,.mt2s) | SubString(Container(1999).ListItem.filename,.bdmv) | SubString(Container(1999).ListItem.filename,.iso)] + [Container.Content(movies) | Container.Content(MusicVideos)]">flags/Source/bd3d.png</value>
		<value condition="[IsEmpty(Container(1999).ListItem.Property(VideoCodec))+IsEmpty(Container(1999).ListItem.VideoCodec)]+!SubString(Container(1999).ListItem.Filename,dvd)+[SubString(Container(1999).ListItem.Filename,.iso) | SubString(Container(1999).ListItem.Filename,.bdmv)]">flags/Source/bluray.png</value>
		<value condition="[IsEmpty(Container(1999).ListItem.Property(VideoCodec))+IsEmpty(Container(1999).ListItem.VideoCodec)]+[SubString(Container(1999).ListItem.Filename,dvd) | SubString(Container(1999).ListItem.Filename,.ifo)]">flags/Source/dvd.png</value>

		<value condition="!IsEmpty(Container(1999).ListItem.Property(VideoCodec))">$INFO[Container(1999).ListItem.Property(VideoCodec),flags/VideoCodec/,.png]</value>
		<value>$INFO[Container(1999).ListItem.VideoCodec,flags/VideoCodec/,.png]</value>
	</variable>
	-->
	<variable name="MediaFlag_VideoCodecPlayer">
		<value condition="IsEmpty(VideoPlayer.VideoCodec)+[!VideoPlayer.IsStereoscopic + !SubString(Player.Filename,3d)] + [SubString(Player.Filename,bluray) | SubString(Player.Filename,blu-ray) | SubString(Player.Filename,.mt2s) | SubString(Player.Filename,.bdmv) | SubString(Player.Filename,.iso)] + [Container.Content(movies) | Container.Content(MusicVideos)]">flags/Source/bluray.png</value>
		<value condition="IsEmpty(VideoPlayer.VideoCodec)+[VideoPlayer.IsStereoscopic | SubString(Player.Filename,3d)] +  [SubString(Player.Filename,bluray) | SubString(Player.Filename,blu-ray) | SubString(Player.Filename,.mt2s) | SubString(Player.Filename,.bdmv) | SubString(Player.Filename,.iso)] + [Container.Content(movies) | Container.Content(MusicVideos)]">flags/Source/bd3d.png</value>
		<value>$INFO[VideoPlayer.VideoCodec,flags/VideoCodec/,.png]</value>
	</variable>

	<variable name="MediaFlag_AudioCodec">
		<value condition="Window.IsActive(fullscreenvideo)">$INFO[VideoPlayer.AudioCodec,flags/AudioCodec/,.png]</value>
		<value>$INFO[ListItem.AudioCodec,flags/AudioCodec/,.png]</value>
	</variable>
	<variable name="MediaFlag_AudioChannels">
		<value condition="Window.IsActive(fullscreenvideo)">$INFO[VideoPlayer.AudioChannels,flags/AudioChannels/,ch.png]</value>
		<value>$INFO[ListItem.AudioChannels,flags/AudioChannels/,ch.png]</value>
	</variable>

	<variable name="CheckRating">
		<value condition="SubString(ListItem.Rating,1.)">LeftRating/rating1.png</value>
		<value condition="SubString(ListItem.Rating,2.)">LeftRating/rating2.png</value>
		<value condition="SubString(ListItem.Rating,3.)">LeftRating/rating3.png</value>
		<value condition="SubString(ListItem.Rating,4.)">LeftRating/rating4.png</value>
		<value condition="SubString(ListItem.Rating,5.)">LeftRating/rating5.png</value>
		<value condition="SubString(ListItem.Rating,6.)">LeftRating/rating6.png</value>
		<value condition="SubString(ListItem.Rating,7.)">LeftRating/rating7.png</value>
		<value condition="SubString(ListItem.Rating,8.)">LeftRating/rating8.png</value>
		<value condition="SubString(ListItem.Rating,9.)">LeftRating/rating9.png</value>
		<value condition="SubString(ListItem.Rating,10.)">LeftRating/rating10.png</value>
		<value>LeftRating/rating10.png</value>
	</variable>
	<variable name="MediaFlag_MPAA">
		<!-- US (IMDB) -->
		<value condition="[!IsEmpty(ListItem.mpaa) + SubString(ListItem.mpaa,Rated R,Left)] | [IsEmpty(ListItem.mpaa) + SubString(VideoPlayer.mpaa,Rated R,Left)]">flags/Rating/mpaa_r.png</value>
		<value condition="[!IsEmpty(ListItem.mpaa) + SubString(ListItem.mpaa,Rated PG-13,Left)] | [IsEmpty(ListItem.mpaa) + SubString(VideoPlayer.mpaa,Rated PG-13,Left)]">flags/Rating/mpaa_pg13.png</value>
		<value condition="[!IsEmpty(ListItem.mpaa) + SubString(ListItem.mpaa,Rated PG,Left)] | [IsEmpty(ListItem.mpaa) + SubString(VideoPlayer.mpaa,Rated PG,Left)]">flags/Rating/mpaa_pg.png</value>
		<value condition="[!IsEmpty(ListItem.mpaa) + SubString(ListItem.mpaa,Rated NC,Left)] | [IsEmpty(ListItem.mpaa) + SubString(VideoPlayer.mpaa,Rated NC,Left)]">flags/Rating/mpaa_nc17.png</value>
		<value condition="[!IsEmpty(ListItem.mpaa) + SubString(ListItem.mpaa,Rated G,Left)] | [IsEmpty(ListItem.mpaa) + SubString(VideoPlayer.mpaa,Rated G,Left)]">flags/Rating/mpaa_general.png</value>
		<!-- US (TMDB) -->
		<value condition="[!IsEmpty(ListItem.mpaa) + StringCompare(ListItem.mpaa,R)] | [IsEmpty(ListItem.mpaa) + StringCompare(VideoPlayer.mpaa,R)]">flags/Rating/mpaa_r.png</value>
		<value condition="[!IsEmpty(ListItem.mpaa) + StringCompare(ListItem.mpaa,PG-13)] | [IsEmpty(ListItem.mpaa) + StringCompare(VideoPlayer.mpaa,PG-13)]">flags/Rating/mpaa_pg13.png</value>
		<value condition="[!IsEmpty(ListItem.mpaa) + StringCompare(ListItem.mpaa,PG)] | [IsEmpty(ListItem.mpaa) + StringCompare(VideoPlayer.mpaa,PG)]">flags/Rating/mpaa_pg.png</value>
		<value condition="[!IsEmpty(ListItem.mpaa) + StringCompare(ListItem.mpaa,NC-17)] | [IsEmpty(ListItem.mpaa) + StringCompare(VideoPlayer.mpaa,NC-17)]">flags/Rating/mpaa_nc17.png</value>
		<value condition="[!IsEmpty(ListItem.mpaa) + StringCompare(ListItem.mpaa,G)] | [IsEmpty(ListItem.mpaa) + StringCompare(VideoPlayer.mpaa,G)]">flags/Rating/mpaa_general.png</value>
		<!-- US (TV) -->
		<value condition="!IsEmpty(ListItem.mpaa) + SubString(ListItem.mpaa,TV-)">$INFO[ListItem.mpaa,flags/Rating/,.png]</value>
		<value condition="IsEmpty(ListItem.mpaa) + SubString(VideoPlayer.mpaa,TV-)">$INFO[VideoPlayer.mpaa,flags/Rating/,.png]</value>
		<!-- Germany -->
		<value condition="[!IsEmpty(ListItem.mpaa) + SubString(ListItem.mpaa,Germany:0)] | [IsEmpty(ListItem.mpaa) + SubString(VideoPlayer.mpaa,Germany:0)]">flags/Rating/germany_0.png</value>
		<value condition="[!IsEmpty(ListItem.mpaa) + SubString(ListItem.mpaa,Germany:6)] | [IsEmpty(ListItem.mpaa) + SubString(VideoPlayer.mpaa,Germany:6)]">flags/Rating/germany_6.png</value>
		<value condition="[!IsEmpty(ListItem.mpaa) + SubString(ListItem.mpaa,Germany:12)] | [IsEmpty(ListItem.mpaa) + SubString(VideoPlayer.mpaa,Germany:12)]">flags/Rating/germany_12.png</value>
		<value condition="[!IsEmpty(ListItem.mpaa) + SubString(ListItem.mpaa,Germany:16)] | [IsEmpty(ListItem.mpaa) + SubString(VideoPlayer.mpaa,Germany:16)]">flags/Rating/germany_16.png</value>
		<value condition="[!IsEmpty(ListItem.mpaa) + SubString(ListItem.mpaa,Germany:18)] | [IsEmpty(ListItem.mpaa) + SubString(VideoPlayer.mpaa,Germany:18)]">flags/Rating/germany_18.png</value>
		<!-- Australia -->
		<value condition="[!IsEmpty(ListItem.mpaa) + SubString(ListItem.mpaa,Australia:R)] | [IsEmpty(ListItem.mpaa) + SubString(VideoPlayer.mpaa,Australia:R)]">flags/Rating/australia_r.png</value>
		<value condition="[!IsEmpty(ListItem.mpaa) + SubString(ListItem.mpaa,Australia:MA)] | [IsEmpty(ListItem.mpaa) + SubString(VideoPlayer.mpaa,Australia:MA)]">flags/Rating/australia_ma.png</value>
		<value condition="[!IsEmpty(ListItem.mpaa) + SubString(ListItem.mpaa,Australia:M)] | [IsEmpty(ListItem.mpaa) + SubString(VideoPlayer.mpaa,Australia:M)]">flags/Rating/australia_m.png</value>
		<value condition="[!IsEmpty(ListItem.mpaa) + SubString(ListItem.mpaa,Australia:PG)] | [IsEmpty(ListItem.mpaa) + SubString(VideoPlayer.mpaa,Australia:PG)]">flags/Rating/australia_pg.png</value>
		<value condition="[!IsEmpty(ListItem.mpaa) + SubString(ListItem.mpaa,Australia:G)] | [IsEmpty(ListItem.mpaa) + SubString(VideoPlayer.mpaa,Australia:G)]">flags/Rating/australia_g.png</value>
		<value condition="[!IsEmpty(ListItem.mpaa) + SubString(ListItem.mpaa,Australia:E)] | [IsEmpty(ListItem.mpaa) + SubString(VideoPlayer.mpaa,Australia:E)]">flags/Rating/australia_e.png</value>
		<value condition="[!IsEmpty(ListItem.mpaa) + SubString(ListItem.mpaa,Australia:X)] | [IsEmpty(ListItem.mpaa) + SubString(VideoPlayer.mpaa,Australia:X)]">flags/Rating/australia_x.png</value>
		<!-- United Kingdom -->
		<value condition="[!IsEmpty(ListItem.mpaa) + SubString(ListItem.mpaa,UK:U)] | [IsEmpty(ListItem.mpaa) + SubString(VideoPlayer.mpaa,UK:U)]">flags/Rating/bbfc_u.png</value>
		<value condition="[!IsEmpty(ListItem.mpaa) + SubString(ListItem.mpaa,UK:PG)] | [IsEmpty(ListItem.mpaa) + SubString(VideoPlayer.mpaa,UK:PG)]">flags/Rating/bbfc_pg.png</value>
		<value condition="[!IsEmpty(ListItem.mpaa) + SubString(ListItem.mpaa,UK:12A)] | [IsEmpty(ListItem.mpaa) + SubString(VideoPlayer.mpaa,UK:12A)]">flags/Rating/bbfc_12a.png</value>
		<value condition="[!IsEmpty(ListItem.mpaa) + SubString(ListItem.mpaa,UK:12)] | [IsEmpty(ListItem.mpaa) + SubString(VideoPlayer.mpaa,UK:12)]">flags/Rating/bbfc_12.png</value>
		<value condition="[!IsEmpty(ListItem.mpaa) + SubString(ListItem.mpaa,UK:15)] | [IsEmpty(ListItem.mpaa) + SubString(VideoPlayer.mpaa,UK:15)]">flags/Rating/bbfc_15.png</value>
		<value condition="[!IsEmpty(ListItem.mpaa) + SubString(ListItem.mpaa,UK:18)] | [IsEmpty(ListItem.mpaa) + SubString(VideoPlayer.mpaa,UK:18)]">flags/Rating/bbfc_18.png</value>
		<value condition="[!IsEmpty(ListItem.mpaa) + SubString(ListItem.mpaa,UK:X)] | [IsEmpty(ListItem.mpaa) + SubString(VideoPlayer.mpaa,UK:X)]">flags/Rating/bbfc_r18.png</value>
		<!-- France -->
		<value condition="[IsEmpty(ListItem.mpaa) + [SubString(VideoPlayer.mpaa,France:U) | SubString(VideoPlayer.mpaa,partir de 3 ans) | SubString(VideoPlayer.mpaa,partir de 6 ans)]] | [!IsEmpty(ListItem.mpaa) + [SubString(ListItem.mpaa,France:U) | SubString(ListItem.mpaa,partir de 3 ans) | SubString(ListItem.mpaa,partir de 6 ans)]]">flags/Rating/csaU.png</value>
		<value condition="[IsEmpty(ListItem.mpaa) + [SubString(VideoPlayer.mpaa,France:-10) | SubString(VideoPlayer.mpaa,Interdit aux moins de 10 ans) | SubString(VideoPlayer.mpaa,des propos ou des images peuvent heurter)]] | [!IsEmpty(ListItem.mpaa) + [SubString(ListItem.mpaa,France:-10) | SubString(ListItem.mpaa,Interdit aux moins de 10 ans) | SubString(ListItem.mpaa,des propos ou des images peuvent heurter)]]">flags/Rating/csa10.png</value>
		<value condition="[IsEmpty(ListItem.mpaa) + [SubString(VideoPlayer.mpaa,France:-12) | SubString(VideoPlayer.mpaa,Interdit aux moins de 12 ans)]] | [!IsEmpty(ListItem.mpaa) + [SubString(ListItem.mpaa,France:-12) | SubString(ListItem.mpaa,Interdit aux moins de 12 ans)]]">flags/Rating/csa12.png</value>
		<value condition="[IsEmpty(ListItem.mpaa) + [SubString(VideoPlayer.mpaa,France:-16) | SubString(VideoPlayer.mpaa,Interdit aux moins de 16 ans)]] | [!IsEmpty(ListItem.mpaa) + [SubString(ListItem.mpaa,France:-16) | SubString(ListItem.mpaa,Interdit aux moins de 16 ans)]]">flags/Rating/csa16.png</value>
		<value condition="[IsEmpty(ListItem.mpaa) + [SubString(VideoPlayer.mpaa,France:-18) | SubString(VideoPlayer.mpaa,Interdit aux moins de 18 ans)]] | [!IsEmpty(ListItem.mpaa) + [SubString(ListItem.mpaa,France:-18) | SubString(ListItem.mpaa,Interdit aux moins de 18 ans)]]">flags/Rating/csa18.png</value>
		<!-- Korean -->
		<value condition="[IsEmpty(ListItem.mpaa) + SubString(VideoPlayer.mpaa,전체)] | [!IsEmpty(ListItem.mpaa) + SubString(ListItem.mpaa,전체)]">flags/Rating/KR_Certificate_All.png</value>
		<value condition="[IsEmpty(ListItem.mpaa) + SubString(VideoPlayer.mpaa,12세)] | [!IsEmpty(ListItem.mpaa) + SubString(ListItem.mpaa,12세)]">flags/Rating/KR_Certificate_12.png</value>
		<value condition="[IsEmpty(ListItem.mpaa) + SubString(VideoPlayer.mpaa,15세)] | [!IsEmpty(ListItem.mpaa) + SubString(ListItem.mpaa,15세)]">flags/Rating/KR_Certificate_15.png</value>
		<value condition="[IsEmpty(ListItem.mpaa) + SubString(VideoPlayer.mpaa,불가)] | [!IsEmpty(ListItem.mpaa) + SubString(ListItem.mpaa,불가)]">flags/Rating/KR_Certificate_18.png</value>
		<value condition="[IsEmpty(ListItem.mpaa) + SubString(VideoPlayer.mpaa,제한)] | [!IsEmpty(ListItem.mpaa) + SubString(ListItem.mpaa,제한)]">flags/Rating/KR_Certificate_R.png</value>
		<!-- Brazil -->
		<value condition="[!IsEmpty(ListItem.mpaa) + [SubString(ListItem.mpaa,Brazil:Livre) | SubString(ListItem.mpaa,Livre)]] | [IsEmpty(ListItem.mpaa) + [SubString(VideoPlayer.mpaa,Brazil:Livre) | SubString(VideoPlayer.mpaa,Livre)]]">flags/Rating/MPAA_Brazil_Livre.png</value>
		<value condition="[!IsEmpty(ListItem.mpaa) + [SubString(ListItem.mpaa,Brazil:10) | SubString(ListItem.mpaa,10 anos)]] | [IsEmpty(ListItem.mpaa) + [SubString(VideoPlayer.mpaa,Brazil:10) | SubString(VideoPlayer.mpaa,10 anos)]]">flags/Rating/MPAA_Brazil_10.png</value>
		<value condition="[!IsEmpty(ListItem.mpaa) + [SubString(ListItem.mpaa,Brazil:12) | SubString(ListItem.mpaa,12 anos)]] | [IsEmpty(ListItem.mpaa) + [SubString(VideoPlayer.mpaa,Brazil:12) | SubString(VideoPlayer.mpaa,12 anos)]]">flags/Rating/MPAA_Brazil_12.png</value>
		<value condition="[!IsEmpty(ListItem.mpaa) + [SubString(ListItem.mpaa,Brazil:14) | SubString(ListItem.mpaa,14 anos)]] | [IsEmpty(ListItem.mpaa) + [SubString(VideoPlayer.mpaa,Brazil:14) | SubString(VideoPlayer.mpaa,14 anos)]]">flags/Rating/MPAA_Brazil_14.png</value>
		<value condition="[!IsEmpty(ListItem.mpaa) + [SubString(ListItem.mpaa,Brazil:16) | SubString(ListItem.mpaa,16 anos)]] | [IsEmpty(ListItem.mpaa) + [SubString(VideoPlayer.mpaa,Brazil:16) | SubString(VideoPlayer.mpaa,16 anos)]]">flags/Rating/MPAA_Brazil_16.png</value>
		<value condition="[!IsEmpty(ListItem.mpaa) + [SubString(ListItem.mpaa,Brazil:18) | SubString(ListItem.mpaa,18 anos)]] | [IsEmpty(ListItem.mpaa) + [SubString(VideoPlayer.mpaa,Brazil:18) | SubString(VideoPlayer.mpaa,18 anos)]]">flags/Rating/MPAA_Brazil_18.png</value>
		<value>flags/Rating/NoRating.png</value>
	</variable>
	<variable name="PosterThumb">
		<value condition="!IsEmpty(Window(10000).Property(IconMixDirector))">$INFO[Window(10000).Property(IconMixDirector)]</value>

		<value condition="!IsEmpty(ListItem.Art(poster))">$INFO[ListItem.Art(poster)]</value>
		<value condition="!IsEmpty(ListItem.Art(poster))">$INFO[ListItem.Art(season.poster)]</value>
		<value>$INFO[ListItem.Icon]</value>
	</variable>
	<variable name="bandeauactreal">
		<value condition="Container.Content(actors)">$LOCALIZE[344]</value>
		<value condition="Container.Content(directors)">$LOCALIZE[20348]</value>
	</variable>
	<variable name="VideoMusicGenres">
		<value condition="[Window.IsActive(502) | [Window.IsActive(10025) + SubString(Container.FolderPath,videodb://musicvideos/)]]">musicgenres/$INFO[ListItem.Label].jpg</value>
		<value condition="Window.IsActive(10025) + !SubString(Container.FolderPath,videodb://musicvideos/) + Container.Content(genres)">moviegenres/$INFO[ListItem.Label].jpg</value>
	</variable>
	<variable name="LandscapeFanartOverlayH">
		<value condition="!IsEmpty(ListItem.Art(set.fanart)) + !StringCompare(ListItem.Art(set.fanart),-)+!IsEmpty(ListItem.Art(clearlogo))+!StringCompare(ListItem.Art(clearlogo),-)"> </value>
		<value condition="!IsEmpty(ListItem.Art(landscape)) + !StringCompare(ListItem.Art(landscape),-)"> </value>
		<value condition="!IsEmpty(ListItem.Art(fanart)) + !StringCompare(ListItem.Art(fanart),-)+!IsEmpty(ListItem.Art(clearlogo))+!StringCompare(ListItem.Art(clearlogo),-)"> </value>
		<value>$INFO[ListItem.Title]</value>
	</variable>
	<variable name="LandscapeFanartOverlay">
		<value condition="!IsEmpty(ListItem.Art(set.fanart)) + !StringCompare(ListItem.Art(set.fanart),-)+!IsEmpty(ListItem.Art(clearlogo))+!StringCompare(ListItem.Art(clearlogo),-)">$INFO[ListItem.Art(clearlogo)]</value>
		<value condition="!IsEmpty(ListItem.Art(landscape)) + !StringCompare(ListItem.Art(landscape),-)">-y-</value>
		<value condition="!IsEmpty(ListItem.Art(fanart)) + !StringCompare(ListItem.Art(fanart),-)+!IsEmpty(ListItem.Art(clearlogo))+!StringCompare(ListItem.Art(clearlogo),-)">$INFO[ListItem.Art(clearlogo)]</value>
		<value></value>
	</variable>
	<variable name="LandscapeFanart">
		<value condition="!IsEmpty(ListItem.Art(set.fanart)) + !StringCompare(ListItem.Art(set.fanart),-)">$INFO[ListItem.Art(set.fanart)]</value>

		<value condition="!IsEmpty(ListItem.Art(landscape)) + !StringCompare(ListItem.Art(landscape),-)">$INFO[ListItem.Art(landscape)]</value>
		<!--  	<value condition="!IsEmpty(ListItem.Art(clearart)) + !StringCompare(ListItem.Art(clearart),-)">$INFO[ListItem.Art(clearart)]</value>
		<value condition="!IsEmpty(ListItem.Art(clearlogo)) + !StringCompare(ListItem.Art(clearlogo),-)">$INFO[ListItem.Art(clearlogo)]</value>-->
		<value>$INFO[ListItem.Art(fanart)]</value>
	</variable>
	<variable name="ListClearartClear">

		<value condition="!IsEmpty(ListItem.Art(clearart))">$INFO[ListItem.Art(clearart)]</value>
		<value condition="!IsEmpty(ListItem.Art(tvshow.clearart))">$INFO[ListItem.Art(tvshow.clearart)]</value>
		<value condition="!IsEmpty(ListItem.Art(clearlogo)) + IsEmpty(ListItem.Art(clearart))">$INFO[ListItem.Art(clearlogo)]</value>
		<value>$INFO[ListItem.Art(thumb)]</value>
	</variable>
	<variable name="ListClearartClearlogoOn">
		<value condition="Control.HasFocus(2999)+!IsEmpty(Container(1999).ListItem.Art(clearart))">$INFO[Container(1999).ListItem.Art(clearart)]</value>
		<value condition="Control.HasFocus(2999)+!IsEmpty(Container(1999).ListItem.Art(clearlogo)) + IsEmpty(Container(1999).ListItem.Art(clearart))">$INFO[Container(1999).ListItem.Art(clearlogo)]</value>

		<value condition="!IsEmpty(ListItem.Art(clearart))">$INFO[ListItem.Art(clearart)]</value>
		<value condition="!IsEmpty(ListItem.Art(tvshow.clearart))">$INFO[ListItem.Art(tvshow.clearart)]</value>
		<value condition="!IsEmpty(ListItem.Art(clearlogo)) + IsEmpty(ListItem.Art(clearart))">$INFO[ListItem.Art(clearlogo)]</value>
		<value>noclearart</value>
	</variable>
	<variable name="ListClearartClearlogo">
		<value condition="Control.HasFocus(2999)+!IsEmpty(Container(1999).ListItem.Art(clearart))">$INFO[Container(1999).ListItem.Art(clearart)]</value>
		<value condition="Control.HasFocus(2999)+!IsEmpty(Container(1999).ListItem.Art(clearlogo)) + IsEmpty(Container(1999).ListItem.Art(clearart))">$INFO[Container(1999).ListItem.Art(clearlogo)]</value>

		<value condition="!IsEmpty(ListItem.Art(clearart))">$INFO[ListItem.Art(clearart)]</value>
		<value condition="!IsEmpty(ListItem.Art(clearlogo))">$INFO[ListItem.Art(clearlogo)]</value>
		<value condition="!IsEmpty(ListItem.Art(landscape))">$INFO[ListItem.Art(landscape)]</value>
		<value condition="!IsEmpty(ListItem.Art(thumb))">$INFO[ListItem.Art(thumb)]</value>
		<value condition="!IsEmpty(ListItem.Art(fanart))">$INFO[ListItem.Art(fanart)]</value>
		<value condition="!IsEmpty(ListItem.Icon)">$INFO[ListItem.Icon]</value>
		<value condition="!IsEmpty(ListItem.Art(poster))">$INFO[ListItem.Art(poster)]</value>
	</variable>
	<variable name="ListClearartDiscArt">
		<value condition="Control.HasFocus(2999)+!IsEmpty(Container(1999).ListItem.Art(clearart))">$INFO[Container(1999).ListItem.Art(clearart)]</value>
		<value condition="Control.HasFocus(2999)+!IsEmpty(Container(1999).ListItem.Art(clearlogo)) + IsEmpty(Container(1999).ListItem.Art(clearart))">$INFO[Container(1999).ListItem.Art(clearlogo)]</value>
		<value condition="!IsEmpty(ListItem.Art(clearart))">$INFO[ListItem.Art(discart)]</value>

		<value condition="!IsEmpty(ListItem.Icon)">$INFO[ListItem.Icon]</value>
		<value condition="!IsEmpty(ListItem.Art(poster))">$INFO[ListItem.Art(poster)]</value>
	</variable>
	<variable name="OSDClearart">
		<value condition="VideoPlayer.Content(episodes)">$INFO[Player.Art(tvshow.clearart)]</value>
		<value>$INFO[Window(Home).Property(MoviePlayerArt)]</value>
		<value></value>
	</variable>
	<variable name="VideoPlayerTitle">
		<value condition="!IsEmpty(VideoPlayer.Year) + !VideoPlayer.Content(MusicVideos)">$INFO[VideoPlayer.Season,,x]$INFO[VideoPlayer.Episode,,. ]$INFO[VideoPlayer.TVShowTitle,, - ]$INFO[VideoPlayer.Title]$INFO[VideoPlayer.Year, (,)]</value>
		<value condition="IsEmpty(VideoPlayer.Year) + !VideoPlayer.Content(MusicVideos)">$INFO[VideoPlayer.Season,,x]$INFO[VideoPlayer.Episode,,. ]$INFO[VideoPlayer.TVShowTitle,, - ]$INFO[VideoPlayer.Title]</value>
		<value>$INFO[VideoPlayer.Title]</value>
	</variable>
	<variable name="VideoPlayerTitle2">
		<value condition="!IsEmpty(VideoPlayer.Year) + [!IsEmpty(VideoPlayer.Artist) | !IsEmpty(VideoPlayer.Album)] + VideoPlayer.Content(MusicVideos)">$INFO[VideoPlayer.Artist]$INFO[VideoPlayer.Album, - ]$INFO[VideoPlayer.Year, (,)]</value>
		<value condition="IsEmpty(VideoPlayer.Year) + [!IsEmpty(VideoPlayer.Artist) | !IsEmpty(VideoPlayer.Album)] + VideoPlayer.Content(MusicVideos)">$INFO[VideoPlayer.Artist]$INFO[VideoPlayer.Album, - ]</value>
		<value condition="SubString(Player.ChapterName,00:)+IntegerGreaterThan(Player.ChapterCount,1) + !VideoPlayer.Content(LiveTV)">$INFO[Player.Chapter,$LOCALIZE[21396]: ]$INFO[Player.ChapterCount, / ]</value>
		<value condition="IntegerGreaterThan(Player.ChapterCount,1) + !VideoPlayer.Content(LiveTV)">$INFO[Player.Chapter,$LOCALIZE[21396]: ]$INFO[Player.ChapterCount, / ]$INFO[Player.ChapterName,[COLOR=TitleText] - (,)[/COLOR]]</value>
		<value>$INFO[VideoPlayer.Tagline]</value>
	</variable>
	<variable name="GoPlaylist">
		<value condition="Window.IsActive(10025) + !StringCompare(Playlist.Length(video),0)">ActivateWindow(videoplaylist)</value>
		<value condition="[Window.IsActive(502) | Window.IsActive(502)] + !StringCompare(Playlist.Length(music),0)">ActivateWindow(musicplaylist)</value>
	</variable>
	<variable name="MusicArt">
		<value></value>
		<value condition="!IsEmpty(Window(Home).Property(SkinHelper.Music.Banner))">$INFO[Window(Home).Property(SkinHelper.Music.Banner)]</value>
		<value condition="!IsEmpty(Window(Home).Property(SkinHelper.Music.ClearLogo))">$INFO[Window(Home).Property(SkinHelper.Music.ClearLogo)]</value>
		<value condition="!IsEmpty(Window(Home).Property(SkinHelper.Music.Thumb))">$INFO[Window(Home).Property(SkinHelper.Music.Thumb)]</value>
	</variable>

	<variable name="discartSpinning">
		<value condition="!Control.HasFocus(2999)+!IsEmpty(Window(Home).Property(SkinHelper.Player.Music.DiscArt))">$INFO[Window(Home).Property(SkinHelper.Player.Music.DiscArt)]</value>
		<value condition="Control.HasFocus(2999)+!IsEmpty(Window(Home).Property(SkinHelper.ListItem.Art.DiscArt))">$INFO[Window(Home).Property(SkinHelper.ListItem.Art.DiscArt)]</value>
		<value condition="!Control.HasFocus(2999)">$INFO[Player.FolderPath]/cdart.png</value>
		<value condition="Control.HasFocus(2999)+!IsEmpty(Container(1999).ListItem.Art(thumb))">$INFO[Container(1999).ListItem.Art(thumb)]</value>
		<value condition="Control.HasFocus(2999)">cdorg.png</value>
	</variable>

	<variable name="TVShowStatus">
		<value condition="!IsEmpty(Window(Home).Property(NextAired.Status))">$INFO[Window(Home).Property(NextAired.Status)]</value>
		<value>$LOCALIZE[31472]</value>
	</variable>
	<variable name="TVShowNextDate">
		<value condition="!IsEmpty(Window(Home).Property(NextAired.NextDate))">$INFO[Window(Home).Property(NextAired.NextDate)]</value>

	</variable>



	<variable name="StarRating">
		<value condition="[!Skin.HasSetting(PreferUserRating) + !IsEmpty(ListItem.Rating)] | [Skin.HasSetting(PreferUserRating) + IsEmpty(ListItem.UserRating)]">$INFO[ListItem.Rating]</value>
		<value condition="Skin.HasSetting(PreferUserRating) + !IsEmpty(ListItem.UserRating)">$INFO[ListItem.UserRating]</value>
		<value>NA</value>
	</variable>


	<variable name="centerplot">
		<value condition="Control.IsVisible(550)|Control.IsVisible(551)|Control.IsVisible(552)|Control.IsVisible(553)|Control.IsVisible(554)|Control.IsVisible(560)|Control.IsVisible(559)">400</value>
		<value></value>
	</variable>



	<variable name="WidgetSortOrderLabelVar">
		<value condition="StringCompare(Window.Property(widgetSortOrder),descending)">$LOCALIZE[585]</value>
		<value>$LOCALIZE[584]</value>
	</variable>
	<variable name="WidgetSortOrder2LabelVar">
		<value condition="StringCompare(Window.Property(widgetSortOrder.2),descending)">$LOCALIZE[585]</value>
		<value>$LOCALIZE[584]</value>
	</variable>
	<variable name="BackPlayListStyle">
		<value condition="StringCompare(Window.Property(backgroundplayliststyle),X1)">$LOCALIZE[31914]</value>
		<value>$LOCALIZE[31915]</value>
	</variable>
	<variable name="WidgetStyleLabelVar">
		<value condition="StringCompare(Window.Property(widgetStyle),List)">$LOCALIZE[31736]</value>
		<value condition="StringCompare(Window.Property(widgetStyle),Panel)">$LOCALIZE[31737]</value>
	</variable>
	<variable name="WidgetStyle2LabelVar">
		<value condition="StringCompare(Window.Property(widgetStyle.2),List)">$LOCALIZE[31736]</value>
		<value condition="StringCompare(Window.Property(widgetStyle.2),Panel)">$LOCALIZE[31737]</value>
	</variable>
	<variable name="WidgetSortLabelVar">
		<value condition="StringCompare(Window.Property(widgetSort),name)">$LOCALIZE[31740]</value>
		<value condition="StringCompare(Window.Property(widgetSort),date)">$LOCALIZE[31741]</value>
		<value condition="StringCompare(Window.Property(widgetSort),size)">$LOCALIZE[31742]</value>
		<value condition="StringCompare(Window.Property(widgetSort),file)">$LOCALIZE[31743]</value>
		<value condition="StringCompare(Window.Property(widgetSort),path)">$LOCALIZE[31744]</value>
		<value condition="StringCompare(Window.Property(widgetSort),drivetype)">$LOCALIZE[31745]</value>
		<value condition="StringCompare(Window.Property(widgetSort),title)">$LOCALIZE[31746]</value>
		<value condition="StringCompare(Window.Property(widgetSort),tracknumber)">$LOCALIZE[31747]</value>
		<value condition="StringCompare(Window.Property(widgetSort),time)">$LOCALIZE[31748]</value>
		<value condition="StringCompare(Window.Property(widgetSort),artist)">$LOCALIZE[31749]</value>
		<value condition="StringCompare(Window.Property(widgetSort),album)">$LOCALIZE[31750]</value>
		<value condition="StringCompare(Window.Property(widgetSort),albumtype)">$LOCALIZE[31751]</value>
		<value condition="StringCompare(Window.Property(widgetSort),genre)">$LOCALIZE[31752]</value>
		<value condition="StringCompare(Window.Property(widgetSort),country)">$LOCALIZE[31753]</value>
		<value condition="StringCompare(Window.Property(widgetSort),year)">$LOCALIZE[31754]</value>
		<value condition="StringCompare(Window.Property(widgetSort),rating)">$LOCALIZE[31755]</value>
		<value condition="StringCompare(Window.Property(widgetSort),votes)">$LOCALIZE[31756]</value>
		<value condition="StringCompare(Window.Property(widgetSort),top250)">$LOCALIZE[31757]</value>
		<value condition="StringCompare(Window.Property(widgetSort),programcount)">$LOCALIZE[31758]</value>
		<value condition="StringCompare(Window.Property(widgetSort),playlistorder)">$LOCALIZE[31759]</value>
		<value condition="StringCompare(Window.Property(widgetSort),episodenumber)">$LOCALIZE[31760]</value>
		<value condition="StringCompare(Window.Property(widgetSort),season)">$LOCALIZE[31761]</value>
		<value condition="StringCompare(Window.Property(widgetSort),numberofepisodes)">$LOCALIZE[31762]</value>
		<value condition="StringCompare(Window.Property(widgetSort),numberofwatchedepisodes)">$LOCALIZE[31763]</value>
		<value condition="StringCompare(Window.Property(widgetSort),tvshowstatus)">$LOCALIZE[31764]</value>
		<value condition="StringCompare(Window.Property(widgetSort),tvshowtitle)">$LOCALIZE[31765]</value>
		<value condition="StringCompare(Window.Property(widgetSort),sorttitle)">$LOCALIZE[31766]</value>
		<value condition="StringCompare(Window.Property(widgetSort),productioncode)">$LOCALIZE[31767]</value>
		<value condition="StringCompare(Window.Property(widgetSort),mpaa)">$LOCALIZE[31768]</value>
		<value condition="StringCompare(Window.Property(widgetSort),videoresolution)">$LOCALIZE[31769]</value>
		<value condition="StringCompare(Window.Property(widgetSort),videocodec)">$LOCALIZE[31770]</value>
		<value condition="StringCompare(Window.Property(widgetSort),videoaspectratio)">$LOCALIZE[31771]</value>
		<value condition="StringCompare(Window.Property(widgetSort),audiochannels)">$LOCALIZE[31772]</value>
		<value condition="StringCompare(Window.Property(widgetSort),audiocodec)">$LOCALIZE[31773]</value>
		<value condition="StringCompare(Window.Property(widgetSort),audiolanguage)">$LOCALIZE[31774]</value>
		<value condition="StringCompare(Window.Property(widgetSort),subtitlelanguage)">$LOCALIZE[31775]</value>
		<value condition="StringCompare(Window.Property(widgetSort),studio)">$LOCALIZE[31776]</value>
		<value condition="StringCompare(Window.Property(widgetSort),dateadded)">$LOCALIZE[31777]</value>
		<value condition="StringCompare(Window.Property(widgetSort),lastplayed)">$LOCALIZE[31778]</value>
		<value condition="StringCompare(Window.Property(widgetSort),playcount)">$LOCALIZE[31779]</value>
		<value condition="StringCompare(Window.Property(widgetSort),listeners)">$LOCALIZE[31780]</value>
		<value condition="StringCompare(Window.Property(widgetSort),bitrate)">$LOCALIZE[31781]</value>
		<value condition="StringCompare(Window.Property(widgetSort),random)">$LOCALIZE[31782]</value>
		<value condition="StringCompare(Window.Property(widgetSort),channel)">$LOCALIZE[31783]</value>
		<value condition="StringCompare(Window.Property(widgetSort),channelnumber)">$LOCALIZE[31784]</value>
		<value condition="StringCompare(Window.Property(widgetSort),datetaken)">$LOCALIZE[31785]</value>
		<value condition="IsEmpty(Window.Property(widgetSort))">$LOCALIZE[31786]</value>

	</variable>
	<variable name="WidgetSort2LabelVar">
		<value condition="StringCompare(Window.Property(widgetSort.2),name)">$LOCALIZE[31740]</value>
		<value condition="StringCompare(Window.Property(widgetSort.2),date)">$LOCALIZE[31741]</value>
		<value condition="StringCompare(Window.Property(widgetSort.2),size)">$LOCALIZE[31742]</value>
		<value condition="StringCompare(Window.Property(widgetSort.2),file)">$LOCALIZE[31743]</value>
		<value condition="StringCompare(Window.Property(widgetSort.2),path)">$LOCALIZE[31744]</value>
		<value condition="StringCompare(Window.Property(widgetSort.2),drivetype)">$LOCALIZE[31745]</value>
		<value condition="StringCompare(Window.Property(widgetSort.2),title)">$LOCALIZE[31746]</value>
		<value condition="StringCompare(Window.Property(widgetSort.2),tracknumber)">$LOCALIZE[31747]</value>
		<value condition="StringCompare(Window.Property(widgetSort.2),time)">$LOCALIZE[31748]</value>
		<value condition="StringCompare(Window.Property(widgetSort.2),artist)">$LOCALIZE[31749]</value>
		<value condition="StringCompare(Window.Property(widgetSort.2),album)">$LOCALIZE[31750]</value>
		<value condition="StringCompare(Window.Property(widgetSort.2),albumtype)">$LOCALIZE[31751]</value>
		<value condition="StringCompare(Window.Property(widgetSort.2),genre)">$LOCALIZE[31752]</value>
		<value condition="StringCompare(Window.Property(widgetSort.2),country)">$LOCALIZE[31753]</value>
		<value condition="StringCompare(Window.Property(widgetSort.2),year)">$LOCALIZE[31754]</value>
		<value condition="StringCompare(Window.Property(widgetSort.2),rating)">$LOCALIZE[31755]</value>
		<value condition="StringCompare(Window.Property(widgetSort.2),votes)">$LOCALIZE[31756]</value>
		<value condition="StringCompare(Window.Property(widgetSort.2),top250)">$LOCALIZE[31757]</value>
		<value condition="StringCompare(Window.Property(widgetSort.2),programcount)">$LOCALIZE[31758]</value>
		<value condition="StringCompare(Window.Property(widgetSort.2),playlistorder)">$LOCALIZE[31759]</value>
		<value condition="StringCompare(Window.Property(widgetSort.2),episodenumber)">$LOCALIZE[31760]</value>
		<value condition="StringCompare(Window.Property(widgetSort.2),season)">$LOCALIZE[31761]</value>
		<value condition="StringCompare(Window.Property(widgetSort.2),numberofepisodes)">$LOCALIZE[31762]</value>
		<value condition="StringCompare(Window.Property(widgetSort.2),numberofwatchedepisodes)">$LOCALIZE[31763]</value>
		<value condition="StringCompare(Window.Property(widgetSort.2),tvshowstatus)">$LOCALIZE[31764]</value>
		<value condition="StringCompare(Window.Property(widgetSort.2),tvshowtitle)">$LOCALIZE[31765]</value>
		<value condition="StringCompare(Window.Property(widgetSort.2),sorttitle)">$LOCALIZE[31766]</value>
		<value condition="StringCompare(Window.Property(widgetSort.2),productioncode)">$LOCALIZE[31767]</value>
		<value condition="StringCompare(Window.Property(widgetSort.2),mpaa)">$LOCALIZE[31768]</value>
		<value condition="StringCompare(Window.Property(widgetSort.2),videoresolution)">$LOCALIZE[31769]</value>
		<value condition="StringCompare(Window.Property(widgetSort.2),videocodec)">$LOCALIZE[31770]</value>
		<value condition="StringCompare(Window.Property(widgetSort.2),videoaspectratio)">$LOCALIZE[31771]</value>
		<value condition="StringCompare(Window.Property(widgetSort.2),audiochannels)">$LOCALIZE[31772]</value>
		<value condition="StringCompare(Window.Property(widgetSort.2),audiocodec)">$LOCALIZE[31773]</value>
		<value condition="StringCompare(Window.Property(widgetSort.2),audiolanguage)">$LOCALIZE[31774]</value>
		<value condition="StringCompare(Window.Property(widgetSort.2),subtitlelanguage)">$LOCALIZE[31775]</value>
		<value condition="StringCompare(Window.Property(widgetSort.2),studio)">$LOCALIZE[31776]</value>
		<value condition="StringCompare(Window.Property(widgetSort.2),dateadded)">$LOCALIZE[31777]</value>
		<value condition="StringCompare(Window.Property(widgetSort.2),lastplayed)">$LOCALIZE[31778]</value>
		<value condition="StringCompare(Window.Property(widgetSort.2),playcount)">$LOCALIZE[31779]</value>
		<value condition="StringCompare(Window.Property(widgetSort.2),listeners)">$LOCALIZE[31780]</value>
		<value condition="StringCompare(Window.Property(widgetSort.2),bitrate)">$LOCALIZE[31781]</value>
		<value condition="StringCompare(Window.Property(widgetSort.2),random)">$LOCALIZE[31782]</value>
		<value condition="StringCompare(Window.Property(widgetSort.2),channel)">$LOCALIZE[31783]</value>
		<value condition="StringCompare(Window.Property(widgetSort.2),channelnumber)">$LOCALIZE[31784]</value>
		<value condition="StringCompare(Window.Property(widgetSort.2),datetaken)">$LOCALIZE[31785]</value>
		<value condition="IsEmpty(Window.Property(widgetSort.2))">$LOCALIZE[31786]</value>

	</variable>


	<variable name="WidgetShowName">
		<value condtion="[[Control.HasFocus(1002)|Control.HasFocus(1003)]+!IsEmpty(Container(211).ListItem.Property(WidgetShow))+IsEmpty(Container(211).ListItem.Property(WidgetShowH))">Permanent</value>
		<value condtion="[[Control.HasFocus(1002)|Control.HasFocus(1003)]+IsEmpty(Container(211).ListItem.Property(WidgetShow))+!IsEmpty(Container(211).ListItem.Property(WidgetShowH))">Hidden until focused</value>
		<value condtion="[[Control.HasFocus(1002)|Control.HasFocus(1003)]+IsEmpty(Container(211).ListItem.Property(WidgetShow))+IsEmpty(Container(211).ListItem.Property(WidgetShowH))">Partial</value>

		<value condtion="[[Control.HasFocus(2002)|Control.HasFocus(2003)]+!IsEmpty(Container(211).ListItem.Property(WidgetShow.2))+IsEmpty(Container(211).ListItem.Property(WidgetShowH.2))">Permanent</value>
		<value condtion="[[Control.HasFocus(2002)|Control.HasFocus(2003)]+IsEmpty(Container(211).ListItem.Property(WidgetShow.2))+!IsEmpty(Container(211).ListItem.Property(WidgetShowH.2))">Hidden until focused</value>
		<value condtion="[[Control.HasFocus(2002)|Control.HasFocus(2003)]+IsEmpty(Container(211).ListItem.Property(WidgetShow.2))+IsEmpty(Container(211).ListItem.Property(WidgetShowH.2))">Partial</value>

	</variable>
	<variable name="HomePlayerTime">
		<value condition="Player.HasDuration">$INFO[Player.Time]  /  $INFO[Player.Duration]</value>
		<value>$INFO[Player.Time]</value>
	</variable>
	<variable name="VisibleView">
		<value condition="Control.IsVisible(504)">504</value>
		<value condition="Control.IsVisible(550)">550</value>
		<value condition="Control.IsVisible(551)">551</value>
		<value condition="Control.IsVisible(552)">552</value>
		<value condition="Control.IsVisible(555)">555</value>
		<value condition="Control.IsVisible(556)">556</value>
		<value condition="Control.IsVisible(512)">512</value>
	</variable>
	<variable name="VisibleViewMode">
		<value condition="[Container.Content(Movies)|Container.Content(sets)]+Control.IsVisible(504)">$INFO[Skin.String(504Vue)]</value>
		<value condition="[Container.Content(Movies)|Container.Content(sets)]+Control.IsVisible(550)">$INFO[Skin.String(550Vue)]</value>
		<value condition="[Container.Content(Movies)|Container.Content(sets)]+Control.IsVisible(551)">$INFO[Skin.String(551Vue)]</value>
		<value condition="[Container.Content(Movies)|Container.Content(sets)]+Control.IsVisible(552)">$INFO[Skin.String(552Vue)]</value>
		<value condition="[Container.Content(Movies)|Container.Content(sets)]+Control.IsVisible(555)">$INFO[Skin.String(555Vue)]</value>
		<value condition="[Container.Content(Movies)|Container.Content(sets)]+Control.IsVisible(556)">$INFO[Skin.String(556Vue)]</value>
		<value condition="[Container.Content(Movies)|Container.Content(sets)]+Control.IsVisible(512)">$INFO[Skin.String(512Vue)]</value>


		<value condition="Container.Content(TvShows)+Control.IsVisible(504)">$INFO[Skin.String(504VueTvShows)]</value>
		<value condition="Container.Content(TvShows)+Control.IsVisible(550)">$INFO[Skin.String(550VueTvShows)]</value>
		<value condition="Container.Content(TvShows)+Control.IsVisible(551)">$INFO[Skin.String(551VueTvShows)]</value>
		<value condition="Container.Content(TvShows)+Control.IsVisible(552)">$INFO[Skin.String(552VueTvShows)]</value>
		<value condition="Container.Content(TvShows)+Control.IsVisible(555)">$INFO[Skin.String(555VueTvShows)]</value>
		<value condition="Container.Content(TvShows)+Control.IsVisible(556)">$INFO[Skin.String(556VueTvShows)]</value>
		<value condition="Container.Content(TvShows)+Control.IsVisible(512)">$INFO[Skin.String(512VueTvShows)]</value>

		<value condition="Container.Content(episodes)+Control.IsVisible(504)">$INFO[Skin.String(504Vueepisodes)]</value>
		<value condition="Container.Content(episodes)+Control.IsVisible(550)">$INFO[Skin.String(550Vueepisodes)]</value>
		<value condition="Container.Content(episodes)+Control.IsVisible(551)">$INFO[Skin.String(551Vueepisodes)]</value>
		<value condition="Container.Content(episodes)+Control.IsVisible(552)">$INFO[Skin.String(552Vueepisodes)]</value>
		<value condition="Container.Content(episodes)+Control.IsVisible(555)">$INFO[Skin.String(555Vueepisodes)]</value>
		<value condition="Container.Content(episodes)+Control.IsVisible(556)">$INFO[Skin.String(556Vueepisodes)]</value>
		<value condition="Container.Content(episodes)+Control.IsVisible(512)">$INFO[Skin.String(512Vueepisodes)]</value>
		<value>1</value>
	</variable>
</includes>
