<?xml version="1.0" encoding="UTF-8"?>

<window type="dialog" id="1115">
	<defaultcontrol always="true">9898</defaultcontrol>
	<controls>
		
		<control type="fixedlist" id="9898">
			<posx>10</posx>
			<posy>10</posy>
			<onfocus>Control.SetFocus(9898,53)</onfocus>
			<height>250</height>
				<width>1500</width>
			<content>videodb://movies/titles</content>
			<itemlayout width="400" height="120">
				<control type="label">
					<label>X$INFO[ListItem.Label]/$INFO[ListItem.DBID]</label>
				</control>
			</itemlayout>		
			<focusedlayout width="400" height="120">	
				<control type="label">
					<label>*$INFO[ListItem.Label]</label>
				</control>
			</focusedlayout>			
			
		</control>
			<control type="group">
			<posx>55</posx>
			<posy>5</posy>

			<!-- FOND -->
			<control type="image">
				<posx>0</posx>
				<posy>0</posy>
				<width>1750</width>
				<height>1065</height>
				<texture>frames/fondinfobleu.png</texture>
				<aspectratio scalediffuse="false">stretch</aspectratio>
			</control>


			<!-- Control Buttons -->

			<control type="group">
				<animation type="Focus"  reversible="false">
					<effect type="slide" start="250" end="0" tween="easy" easy="out"  time="500" delay="200" />
				</animation>
				<animation type="UnFocus"  reversible="false">
					<effect type="slide" start="0" end="250" tween="easy" easy="out"  time="500" delay="200" />
				</animation>
				<!--- panneau de controle -->
		
				<control type="image">
					<posx>1750</posx>
					<posy>102</posy>
					<width>110</width>
					<height>800</height>
					<colordiffuse>B0F8F8F8</colordiffuse>
					<texture>frames/fondinfobleu.png</texture>
					<bordersize>8</bordersize>
					<bordertexture border="8">landscape.png</bordertexture>
				</control>
				
				<control type="grouplist" id="7003">
					<include>VideoInfoButtonText</include>
					<itemgap>5</itemgap>
					<align>center</align>
					<orientation>vertical</orientation>
					<onup>7003</onup>
					<ondown>7003</ondown>
					<onleft condition="!String.StartsWith(ListItem.FilenameAndPath,plugin:)">50</onleft>
					<onleft condition="String.StartsWith(ListItem.FilenameAndPath,plugin:)">501</onleft>
					<!--<ondown>Close</ondown> -->

					<!-- Play -->
					<control type="button" id="8">
						<include>VideoInfoButton</include>
						<texturenofocus>buttons/button_play.png</texturenofocus>
						<texturefocus>buttons/button_playFO.png</texturefocus>
						<visible>!IsEmpty(ListItem.DBTYPE)+!Container.Content(TVShows)</visible>
						<include>Animation_ButtonFocus</include>
					</control>

					<control type="button" id="889">
						<include>VideoInfoButton</include>
						<texturenofocus>buttons/button_Browse.png</texturenofocus>
						<texturefocus>buttons/button_BrowseFO.png</texturefocus>
						<visible>[IsEmpty(ListItem.DBTYPE)|Container.Content(TVShows)|Container.Content(Movies)]+String.StartsWith(ListItem.FilenameAndPath,plugin:)</visible>
						<include>Animation_ButtonFocus</include>
						<onclick>Action(close)</onclick>
						<onclick>RunPlugin($INFO[ListItem.FilenameAndPath])</onclick>
					</control>

					<control type="button" id="891">
						<visible>[IsEmpty(ListItem.DBTYPE)|Container.Content(TVShows)|Container.Content(Movies)]+String.StartsWith(ListItem.FilenameAndPath,http:)</visible>
						<onfocus>SendClick(8)</onfocus>
					</control>

					<!-- Trailer -->
					<control type="button" id="11">
						<include>VideoInfoButton</include>
						<texturenofocus>buttons/button_trailer.png</texturenofocus>
						<texturefocus>buttons/button_trailerFO.png</texturefocus>
						<include>Animation_ButtonFocus</include>
						<visible>!IsEmpty(ListItem.Trailer)</visible>
					</control>
					<control type="button" id="440">
							<include>VideoInfoButton</include>
						<texturenofocus>buttons/button_cherche.png</texturenofocus>
						<texturefocus>buttons/button_chercheFO.png</texturefocus>
						<include>Animation_ButtonFocus</include>
						<visible>IsEmpty(ListItem.Trailer)</visible>
							<onclick>Action(Close)</onclick>
							<onclick>ActivateWindow(videos,plugin://plugin.video.youtube/kodion/search/query/?q=$INFO[ListItem.Label]+Trailer,return)</onclick>
							
						</control>
					<!-- Choose Art -->
					<control type="button" id="10">
						<include>VideoInfoButton</include>
						<texturenofocus>buttons/button_fanart.png</texturenofocus>
						<texturefocus>buttons/button_fanartFO.png</texturefocus>
						<include>Animation_ButtonFocus</include>
						<visible>!String.StartsWith(ListItem.Filenameandpath,plugin://)</visible>
					</control>
					<!-- Artwork Downloader Button -->
					<control type="button" id="20">
						<include>VideoInfoButton</include>
						<texturenofocus>buttons/button_artwork.png</texturenofocus>
						<texturefocus>buttons/button_artworkFO.png</texturefocus>
						<onclick condition="Container.Content(tvshows)">RunScript(script.artwork.downloader, mode=gui, mediatype=tvshow, dbid=$INFO[ListItem.DBID])</onclick>
						<onclick condition="Container.Content(movies)">RunScript(script.artwork.downloader, mode=gui, mediatype=movie, dbid=$INFO[ListItem.DBID])</onclick>
						<include>Animation_ButtonFocus</include>
						<visible>System.HasAddon(script.artwork.downloader) + [Container.Content(movies) | Container.Content(tvshows)]</visible>
					</control>
					<!-- Video Extras -->
					<control type="button" id="21">
						<description>Extras</description>
						<include>VideoInfoButton</include>
						<texturenofocus>buttons/button_videoextras.png</texturenofocus>
						<texturefocus>buttons/button_videoextrasFO.png</texturefocus>
						<include>Animation_ButtonFocus</include>
						<onclick>RunScript(script.videoextras,display,"$INFO[ListItem.FilenameAndPath]")</onclick>
						<label>$INFO[System.AddonTitle(script.videoextras)]</label>
						<visible>System.HasAddon(script.videoextras)</visible>
						<visible>!String.StartsWith(ListItem.Filenameandpath,plugin://)+Container.Content(movies) | Container.Content(tvshows) | Container.Content(episodes) | Container.Content(musicvideos)</visible>
					</control>
					<!-- Refresh -->
					<control type="button" id="6">
						<include>VideoInfoButton</include>
						<texturenofocus>buttons/button_refresh.png</texturenofocus>
						<texturefocus>buttons/button_refreshFO.png</texturefocus>
						<include>Animation_ButtonFocus</include>
						<visible>!String.StartsWith(ListItem.Filenameandpath,plugin://)</visible>
					</control>

					<control type="button" id="600">
						<include>VideoInfoButton</include>
						<texturenofocus>buttons/button_exit.png</texturenofocus>
						<texturefocus>buttons/button_exitFO.png</texturefocus>
						<include>Animation_ButtonFocus</include>
						<onclick>Close</onclick>

					</control>
				</control>
			</control>
												
			<!-- Control Button Text -->
			<control type="group">
				<visible>ControlGroup(7003).HasFocus</visible>
				<control type="fadelabel">
					<description>Play</description>
					<include>VideoInfoButtonLabel</include>
					<label>$LOCALIZE[208]</label>
					<visible>ControlGroup(7003).HasFocus(8)</visible>
				</control>
				<control type="fadelabel">
					<description>Play</description>
					<include>VideoInfoButtonLabel</include>
					<label>Liste</label>
					<visible>ControlGroup(7003).HasFocus(888)</visible>
				</control>
				<control type="fadelabel">
					<description>Play</description>
					<include>VideoInfoButtonLabel</include>
					<label>Details</label>
					<visible>ControlGroup(7003).HasFocus(889)</visible>
				</control>
				<control type="fadelabel">
					<description>Play</description>
					<include>VideoInfoButtonLabel</include>
					<label>B.A.</label>
					<visible>ControlGroup(7003).HasFocus(890)</visible>
				</control>
				<control type="fadelabel">
					<description>Extra Artwork Downloader</description>
					<include>VideoInfoButtonLabel</include>
					<label>$LOCALIZE[31126]</label>
					<visible>ControlGroup(7003).HasFocus(20)</visible>
				</control>
				<control type="fadelabel">
					<description>Video Extras</description>
					<include>VideoInfoButtonLabel</include>
					<label>$INFO[System.AddonTitle(script.videoextras)]</label>
					<visible>ControlGroup(7003).HasFocus(21)</visible>
				</control>
				<control type="fadelabel">
					<description>Trailer</description>
					<include>VideoInfoButtonLabel</include>
					<label>$LOCALIZE[20410]</label>
					<visible>ControlGroup(7003).HasFocus(11)</visible>
				</control>
				<control type="fadelabel">
					<description>Choose Art</description>
					<include>VideoInfoButtonLabel</include>
					<label>$LOCALIZE[13511]</label>
					<visible>ControlGroup(7003).HasFocus(10)</visible>
				</control>
				<control type="fadelabel">
					<description>Refresh</description>
					<include>VideoInfoButtonLabel</include>
					<label>$LOCALIZE[184]</label>
					<visible>ControlGroup(7003).HasFocus(6)</visible>
				</control>
				<control type="fadelabel">
					<description>Set rating</description>
					<include>VideoInfoButtonLabel</include>
					<label>$LOCALIZE[38023]</label>
					<visible>ControlGroup(7003).HasFocus(7)</visible>
				</control>
				<control type="fadelabel">
					<description>Set rating</description>
					<include>VideoInfoButtonLabel</include>
					<label>$LOCALIZE[15067]</label>
					<visible>ControlGroup(7003).HasFocus(600)</visible>
				</control>
				<control type="fadelabel">
					<description>Set rating</description>
					<include>VideoInfoButtonLabel</include>
					<label>$LOCALIZE[137] $LOCALIZE[20410] </label>
					<visible>ControlGroup(7003).HasFocus(440)</visible>
				</control>
			</control>

			<!-- Titre et diverses infos -->
			<control type="group">
				<posx>50</posx>
				<posy>0</posy>
				<include>Animation_FadedByMenu</include>
				<include>Animation_CommonFade</include>
				<include>Animation_OpenCloseFade</include>
				<!-- Title -->
					<control type="fadelabel">
					<posy>20</posy>
					<width>1170</width>
					<height>30</height>
					<aligny>center</aligny>
					<scrollout>false</scrollout>
					<pauseatend>200</pauseatend>
					<scrollspeed>20</scrollspeed>
					<font>impact</font>
					<textcolor>TextNF</textcolor>
					<label>$INFO[Container(9898).ListItem.Title]</label>
					<!-- Title was overlapping progress dialog.  this is probably not the best way to fix this, but it works.-->
					<visible>Container.Content(tvshows)</visible>
					</control>
				<control type="fadelabel">
					<posy>20</posy>
					<width>1170</width>
					<height>30</height>
					<aligny>center</aligny>
					<scrollout>false</scrollout>
					<pauseatend>200</pauseatend>
					<scrollspeed>20</scrollspeed>
					<font>impact</font>
					<textcolor>TextNF</textcolor>
					<label>[COLOR=yellow][I]$INFO[Container(9898).ListItem.TVShowTitle,,:][/I][/COLOR]   $INFO[Container(9898).ListItem.Title]</label>
					<!-- Title was overlapping progress dialog.  this is probably not the best way to fix this, but it works.-->
					<visible>!Container.Content(episodes) +!Container.Content(tvshows)</visible>
				</control>
				<control type="fadelabel">
					<posy>20</posy>
					<width>1170</width>
					<height>30</height>
					<aligny>center</aligny>
					<scrollout>false</scrollout>
					<pauseatend>200</pauseatend>
					<scrollspeed>20</scrollspeed>
					<font>impact</font>
					<textcolor>TextNF</textcolor>
					<label>[COLOR=yellow][I]$INFO[Container(9898).ListItem.TVShowTitle,,:][/I][/COLOR]   $VAR[ListItemTitle]</label>
					<!-- Title was overlapping progress dialog.  this is probably not the best way to fix this, but it works.-->
					<visible>Container.Content(episodes)</visible>
				</control>
				<!-- Tagline -->
			<!-- telex debug--
			
				<control type="label">
				<posx>10</posx>
				<posy>700</posy>
				<width>1600</width>
				<label>Title:$INFO[ListItem.Title][CR]Label:$INFO[ListItem.Label][CR]Label2:$INFO[ListItem.Label2][CR]DBType:$INFO[ListItem.DBType][CR]Content:$INFO[Container.Content][CR]Serie:$INFO[ListItem.TVShowTitle]</label>
			</control>-->

			<control type="label">
				<posy>55</posy>
				<width>840</width>
				<height>36</height>
				<align>left</align>
				<aligny>center</aligny>
				<font>METF_PlotTextMedium</font>
				<textcolor>TextNF</textcolor>
				<label>$INFO[Container(9898).ListItem.Tagline]</label>
				<visible>!IsEmpty(ListItem.Tagline) + !Container.Content(episodes)</visible>
			</control>

			<!-------------------------------partie gauche basse ----------------------------------------->

			<!-- Genre -->
			<control type="grouplist">
				<posy>635</posy>
				<itemgap>25</itemgap>
				
				<control type="label">					
					<width>415</width>					
					<align>left</align>					
					<font>METF_InfoTextLarger</font>
					<textcolor>MediaDetailsGenre</textcolor>
					<label>$INFO[Container(9898).ListItem.Genre]</label>
					<visible>!IsEmpty(ListItem.Genre) + !Container.Content(episodes)</visible>
				</control>
				<!-- Episode premiere diffusion -->
				<control type="label">
					<width>415</width>					
					<align>left</align>					
					<font>METF_InfoTextLarger</font>
					<textcolor>MediaDetailsInfo</textcolor>
					<label>$LOCALIZE[20416] $INFO[Container(9898).ListItem.Premiered]</label>
					<visible>!IsEmpty(Container(9898).ListItem.Premiered)</visible>
				</control>	
					<!-- TVShows Number of saisons -->
				<control type="label">
					<width>415</width>					
					<align>left</align>					
					<font>METF_InfoTextLarger</font>
					<textcolor>MediaDetailsEpisodes</textcolor>
					<label>$INFO[Container(9898).ListItem.Property(TotalSeasons)] $LOCALIZE[33054]</label>
					<visible>Container.Content(tvshows) +!IsEmpty(Container(9898).ListItem.Property(TotalSeasons))</visible>
				</control>
				<!--- total général des épisodes --->
					<control type="label">
							<width>415</width>						
						<align>left</align>						
						<label>Total : $INFO[Container(9898).ListItem.Property(NumEpisodes)] $LOCALIZE[20360]</label>
						<font>METF_InfoTextLarger</font>
						<textcolor>MediaDetailsEpisodes</textcolor>
						<visible>[Container.Content(tvshows) + !IsEmpty(Container(9898).ListItem.Property(NumEpisodes))] + !IsEmpty(Container(9898).ListItem.Property(UnWatchedEpisodes))</visible>
					</control>
				<!-- TVShows Number of Episodes -->
				<control type="label">
					<width>415</width>					
					<align>left</align>					
					<font>METF_InfoTextLarger</font>
					<textcolor>MediaDetailsEpisodes</textcolor>
					<label>Total : $INFO[Container(9898).ListItem.Property(TotalEpisodes)] $LOCALIZE[20360]</label>
					<visible>Container.Content(seasons) + !IsEmpty(Container(9898).ListItem.Property(TotalEpisodes))</visible>
				</control>
				<control type="label">
					<width>415</width>					
					<align>left</align>					
					<font>METF_InfoTextLarger</font>
					<textcolor>MediaDetailsEpisodes</textcolor>
					<label>$INFO[Container(9898).ListItem.Property(WatchedEpisodes)] $LOCALIZE[16102] / $INFO[Container(9898).ListItem.Property(UnWatchedEpisodes)] $LOCALIZE[16101]</label>
					<visible>Container.Content(seasons) | Container.Content(tvshows)</visible>
				</control>
				
			
				<!-- Episode Watched Status -->
				<control type="label">
					<width>415</width>
					<align>left</align>					
					<font>METF_InfoTextLarger</font>
					<textcolor>MediaDetailsEpisodes</textcolor>
					<label>Statut : $LOCALIZE[16102]</label>
					<visible>Container.Content(episodes) + StringCompare(Container(9898).ListItem.Overlay,OverlayWatched.png)</visible>
				</control>
			</control>
			<!----------------------------------------------------------------------------------------------------->


			<!-- directeur -->
			<control type="group">
				<animation effect="zoom"  center="1387,534" end="115" tween="cubic" time="500"  >Focus</animation>

				<posy>490</posy>
				<posx>1130</posx>

				<control type="image">
					<width>545</width>
					<height>100</height>
					<aspectratio>stretch</aspectratio>
					<!--<bordersize>8</bordersize>
					<bordertexture border="8">landscape.png</bordertexture>-->
					<texture>flags/realcadre.png</texture>
				</control>
				<control type="button" id="13">
					<top>0</top>
					<onleft>50</onleft>
					<onright>7003</onright>
					<onup>7003</onup>
					<ondown>50</ondown>
					<left>120</left>
					<width>380</width>
					<height>88</height>
					<align>left</align>
					<aligny>center</aligny>
					<scroll>true</scroll>
					<scrollout>false</scrollout>
					<font>comic24</font>
					<textcolor>FFFFFFFF</textcolor>
					<focusedcolor>yellow</focusedcolor>
					<label>[I]$INFO[Container(9898).ListItem.Director][/I]</label>
				</control>
			
				<visible> !IsEmpty(Container(9898).ListItem.Director) + [Container.Content(movies) | Container.Content(videos) | Container.Content(episodes) | Container.Content(MusicVideos)]</visible>
			</control>

			<!------------------------------- emplacement de la vidéo ----------------------------------------->
			<control type="group">
				<posy>1010</posy>
				<posx>0</posx>
				<control type="image">
					<width>40</width>
					<height>40</height>
					<aspectratio>stretch</aspectratio>
					<texture>flags/explorer.png</texture>
				</control>
				<control type="fadelabel">
					<left>60</left>
					<width>1500</width>
					<height>40</height>
					<align>left</align>
					<aligny>center</aligny>
					<scroll>true</scroll>
					<scrollout>false</scrollout>
					<pauseatend>1000</pauseatend>
					<font>METF_PlotTextMedium</font>
					<textcolor>MPAADescription</textcolor>
					<label>$INFO[Container(9898).ListItem.FilenameAndPath]</label>
				</control>
				<visible> !IsEmpty(Container(9898).ListItem.FilenameAndPath)</visible>
			</control>
			<!------------------------------- prochain épisode ----------------------------------------->
			<control type="label">
				<posx>450</posx>
				<posy>950</posy>
				<width>950</width>
				<height>60</height>
				<align>center</align>
				<font>comic24</font>
				<textcolor>TextNF</textcolor>
				<label>[COLOR=MediaDetailsInfo]$LOCALIZE[31427] : [/COLOR]$INFO[Window(Home).Property(NextAired.NextTitle),, ][COLOR=red][I]($INFO[Window(Home).Property(NextAired.NextDate)])[/I][/COLOR]</label>
				<visible>Container.Content(TVShows) + !IsEmpty(Window(Home).Property(NextAired.NextDate))</visible>
			</control>


		</control>


			<control type="group"> <!-- group 1 -->
				<posx>360</posx>
				<posy>0</posy>
				<include>Animation_FadedByMenu</include>
				<include>Animation_CommonFade</include>
				<include>Animation_OpenCloseFade</include>
				<!--
				<control type="group">
				<posx>1000</posx>
				<posy>160</posy>
				<control type="label">
				<width>400</width>
				<posx>-50</posx>
				<height>24</height>
				<align>center</align>
				<aligny>center</aligny>
				<font>METF_CastText</font>
				<textcolor>TextNF</textcolor>
				<label fallback="161">$INFO[Container(9898).ListItem.Director]</label>
				<visible>!Control.IsVisible(50)+!Control.IsVisible(501) + ![Container.Content(tvshows) | Container.Content(seasons)]</visible>
				</control>
				<control type="label">
				<posx>-50</posx>
				<width>400</width>
				<height>24</height>
				<align>center</align>
				<aligny>center</aligny>
				<font>METF_CastText</font>
				<textcolor>TextNF</textcolor>
				<label>$VAR[TVShowStatus]</label>
				<visible>!Control.IsVisible(50)+!Control.IsVisible(501) + [Container.Content(tvshows) | Container.Content(seasons)]</visible>
				</control>

				</control>

				<!-- Plot -->
				<control type="textbox">					
					<posx>60</posx>
					<posy>110</posy>
					<width>720</width>
					<height>500</height>
					<align>left</align>
					<font>PlotFont36</font>
					<textcolor>TextNF</textcolor>
					<label fallback="161">$INFO[Container(9898).ListItem.Plot]</label>
					<include condition="!Skin.HasSetting(AutoScrollFast)">AutoScrollLong</include>
					<include condition="Skin.HasSetting(AutoScrollFast)">AutoScrollLongFast</include>
				</control>


				
					<control type="image">
					<posx>0</posx>
					<posy>795</posy>
					<width>1380</width>
					<height>130</height>
					<texture>frames/submenubar.png</texture>
					<colordiffuse>FF707070</colordiffuse>
					<visible>IntegerGreaterThan(Container(50).NumItems,0)|IntegerGreaterThan(Container(501).NumItems,0)</visible>
				</control>

				<control type="panel" id="50">
					<posx>70</posx>
					<posy>615</posy>
					<width>1250</width>
					<height>380</height>
					<onleft>50</onleft>
					<onright>50</onright>
					<onup>13</onup>
					<ondown>7003</ondown>

					<visible>!String.StartsWith(Container(9898).ListItem.FilenameAndPath,plugin:)</visible>
					<autoscroll time="3500">true</autoscroll>
					<include>Acteurs</include>
				</control>
				<control type="panel" id="501">
					<posx>70</posx>
					<posy>615</posy>
					<width>1250</width>
					<height>380</height>
					<onleft>501</onleft>
					<onright>501</onright>
					<onup>13</onup>
					<ondown>7003</ondown>
					<visible>String.StartsWith(Container(9898).ListItem.FilenameAndPath,plugin:)</visible>
					<content>plugin://script.skin.helper.service/?action=getcast&amp;tvshow=$INFO[Container(9898).ListItem.Label]</content>
					<autoscroll time="3500">true</autoscroll>
					<include>Acteurs</include>
				</control>
			

				<!-- Year and Duration -->
				<control type="grouplist">
					<posx>700</posx>
					<posy>23</posy>
					<width>620</width>
					<height>60</height>
					<align>right</align>
					<itemgap>10</itemgap>
					<orientation>horizontal</orientation>
					<include>Animation_FadedByMenu</include>
					<include>Animation_CommonFade</include>
					<include>Animation_OpenCloseFade</include>
					<control type="image">
						<visible>!IsEmpty(Container(9898).ListItem.Country)</visible>						
						<width>70</width>
						<height>40</height>
						<texture background="true" >resource://resource.images.languageflags.colour/$INFO[Container(9898).ListItem.Country].png</texture>
						
						<aspectratio aligny="center">scale</aspectratio>
					</control>
					<!--
					<control type="label">
						<width min="25" max="380">auto</width>
						<height>30</height>
						<aligny>center</aligny>
						<font>METF_MediaDetailsSmall</font>
						<textcolor>MediaDetailsYear</textcolor>
						<label>$INFO[Container(9898).ListItem.Country]</label>
						<visible>!IsEmpty(Container(9898).ListItem.Country) + [Container.Content(tvshows) | Container.Content(movies) | Container.Content(MusicVideos)]</visible>
					</control>
					-->
					<!-- Bullet -->
					<control type="image">
						<include>ViewDetailsBullet</include>
						<visible>!IsEmpty(Container(9898).ListItem.Country) + [Container.Content(tvshows) | Container.Content(movies) | Container.Content(MusicVideos)]</visible>
					</control>
					<!-- Year -->
					<control type="label">
						<width min="25" max="220">auto</width>
						<height>30</height>
						<aligny>center</aligny>
						<font>METF_MediaDetailsSmall</font>
						<textcolor>MediaDetailsYear</textcolor>
						<label>$INFO[Container(9898).ListItem.Year]</label>
						<visible>!IsEmpty(Container(9898).ListItem.Year) + [Container.Content(tvshows) | Container.Content(movies) | Container.Content(MusicVideos)]</visible>
					</control>
					<!-- Bullet -->
					<control type="image">
						<include>ViewDetailsBullet</include>
						<visible>![IsEmpty(Container(9898).ListItem.Year) | IsEmpty(Container(9898).ListItem.Duration)] + [Container.Content(movies) | Container.Content(MusicVideos)]</visible>
					</control>
					<control type="image">
						<width>40</width>
						<height>30</height>
						<aligny>center</aligny>
						<texture>chrono.png</texture>
						<aspectratio>keep</aspectratio>
						<visible>!IsEmpty(Container(9898).ListItem.Duration) + !SubString(Container(9898).ListItem.Duration,min) + ![SubString(Container(9898).ListItem.DBTYPE,song) |Container.Content(tvshows) | Container.Content(seasons)]</visible>


					</control>
					<!-- Duration -->
					<control type="label">
						<width min="25" max="220">auto</width>
						<height>30</height>
						<aligny>center</aligny>
						<font>METF_MediaDetailsSmall</font>
						<textcolor>MediaDetailsDuration</textcolor>
						<label>$VAR[MovieDuration]</label>
						<visible>[Container.Content(movies) | Container.Content(episodes) | Container.Content(MusicVideos)]</visible>
					</control>

				</control>
			</control>


			<!-- poster et fanart-->
			<control type="group">
				<posx>35</posx>
				<posy>115</posy>
				<control type="group">
					<include>Animation_FadedByMenu</include>
					<include>Animation_CommonFade</include>
					<include>Animation_OpenCloseFade</include>
					<!-- <visible>[Container.Content(movies) | Container.Content(tvshows) | Container.Content(seasons) | Container.Content(episodes) | Container.Content(MusicVideos)]</visible>-->
					<!-- Default Poster Image -->
					<control type="image">
						<width>360</width>
						<height>500</height>
						<texture background="true" fallback="DefaultThumb.png">$VAR[PosterThumb]</texture>
						<aspectratio align="center" aligny="center">keep</aspectratio>
							<bordersize>10</bordersize>
							<bordertexture border="8" colordiffuse="FFFFFFFF">landscapeinfo.png</bordertexture>							
							<aspectratio scalediffuse="true" align="center" aligny="center">keep</aspectratio>
						<animation effect="zoom" center="auto" start="40" end="100" time="400" tween="cubic" easing="inout">WindowOpen</animation>
						<animation effect="fade" start="0" end="0" time="0">WindowClose</animation>
						
					</control>
					<!-- Poster Image for TV Show Seasons and Episodes 
					<control type="image">
						<width>360</width>
						<height>500</height>
						<texture background="true" fallback="DefaultThumb.png">$INFO[Container(9898).ListItem.Art(season.poster)]</texture>
						<aspectratio scalediffuse="false">stretch</aspectratio>
						<animation effect="zoom" center="auto" start="40" end="100" time="400" tween="cubic" easing="inout">WindowOpen</animation>
						<animation effect="fade" start="0" end="0" time="0">WindowClose</animation>
						<visible>Container.Content(seasons) | Container.Content(episodes)</visible>
					</control>-->
					<!-- Poster Image for Music Videos 
					<control type="image">
						<posx>-2</posx>
						<posy>2</posy>
						<width>275</width>
						<height>275</height>
						<texture background="true" fallback="DefaultThumb.png">$INFO[Container(9898).ListItem.Icon]</texture>
						<aspectratio scalediffuse="false">stretch</aspectratio>
						<animation effect="zoom" center="auto" start="40" end="100" time="400" tween="cubic" easing="inout">WindowOpen</animation>
						<animation effect="fade" start="0" end="0" time="0">WindowClose</animation>
						<visible>Container.Content(MusicVideos)</visible>
					</control>-->
					<!-- Frame for poster (except for Music Videos) 
					<control type="image">
						<posx>-18</posx>
						<posy>-23</posy>
						<width>398</width>
						<height>554</height>
						<texture>frames/ClassicFrame_Poster.png</texture>
						<aspectratio scalediffuse="false">stretch</aspectratio>
						<animation effect="zoom" center="auto" start="40" end="100" time="400" tween="cubic" easing="inout">WindowOpen</animation>
						<animation effect="fade" start="0" end="0" time="0">WindowClose</animation>
						<visible>!Container.Content(MusicVideos)</visible>
					</control>-->
					<!-- Frame for poster (for Music Videos) -->
					<control type="image">
						<posx>-18</posx>
						<posy>-13</posy>
						<width>309</width>
						<height>309</height>
						<texture>frames/ClassicFrame_Poster.png</texture>
						<aspectratio scalediffuse="false">stretch</aspectratio>
						<animation effect="zoom" center="auto" start="40" end="100" time="400" tween="cubic" easing="inout">WindowOpen</animation>
						<animation effect="fade" start="0" end="0" time="0">WindowClose</animation>
						<visible>Container.Content(MusicVideos)</visible>
					</control>
				</control>


			</control>
			<!--<include>Global_ContextFilter</include>-->
			<include>GlobalBackgroundVideoInfo</include>
			<control type="group">
				<posy>-50</posy>
				<posx>0</posx>
				<include condition="!Skin.HasSetting(Hide_MediaFlags)">MediaInfo</include>
				<include condition="!Skin.HasSetting(Hide_ExtraMediaFlags)">MediaInfo2</include>
			</control>
			<include condition="Skin.HasSetting(DebugGrid)">Object_DebugGrid</include>


		</control>
		
	</controls>

</window>
