<?xml version="1.0" encoding="UTF-8"?>
<window type="dialog" >
	<defaultcontrol always="true">3</defaultcontrol>
	<animation type="WindowOpen" reversible="false">
		<effect type="zoom" start="80" end="100" center="auto" easing="out" tween="back" time="300" />
		<effect type="fade" start="0" end="100" time="300" />
	</animation>
	<animation type="WindowClose" reversible="false">
		<effect type="zoom" start="100" end="80" center="auto" easing="in" tween="back" time="300" />
		<effect type="fade" start="100" end="0" time="300" />
	</animation>
	<controls>
		<control type="group">
			<posx>350</posx>
			<posy>350</posy>
			<width>1100</width>
			<height>400</height>
			<!--  Menu Background Panel
			<include>Global_Background</include> -->
			<control type="image">
				<texture background="true" >frames/fondinfogris.png</texture>
				<colordiffuse>BackgroundColor</colordiffuse>
			</control>
			<control type="group">
				<posx>0</posx>
				<posy>0</posy>
				<control type="image">
					<posx>835</posx>
					<posy>120</posy>
					<width>250</width>
					<height>250</height>
					<fadetime>100</fadetime>
					<aspectratio align="left" aligny="center">keep</aspectratio>
					<texture fallback="DefaultThumb.png">$INFO[Container(6).ListItem.Icon]</texture>
					<bordertexture border="8">thumb_border.png</bordertexture>
					<visible>!IsEmpty(Container(6).ListItem.Icon)</visible>
					<bordersize>6</bordersize>
				</control>

				<control type="image">
					<!-- fond du titre ID 1 -->
					<posy>5</posy>
					<height>38</height>
					<texture>ButtonFo.png</texture>
				</control>
				<control type="label" id="1">
					<description>Line 1</description>
					<posx>20</posx>
					<posy>5</posy>
					<width>960</width>
					<height>38</height>
					<font>METF_ContextValue</font>
					<textcolor>ButtonText</textcolor>
					<align>center</align>
					<aligny>center</aligny>
					<label>13406</label>
				</control>

				<control type="list" id="3">
					<posx>15</posx>
					<posy>50</posy>
					<width>800</width>
					<height>300</height>
					<onright>7</onright>
					<onup>3</onup>
					<ondown>3</ondown>
					<itemlayout height="38" width="550">
						<control type="label">
							<posx>20</posx>
							<width>810</width>
							<height>38</height>
							<textcolor>SettingsDetail</textcolor>
							<font>METF_ContextValue</font>
							<align>left</align>
							<aligny>center</aligny>
							<focusedcolor>ButtonText</focusedcolor>
							<label>$INFO[ListItem.Label]</label>
						</control>
					</itemlayout>
					<focusedlayout height="38" width="550">
						<control type="image">
							<posx>0</posx>
							<posy>0</posy>
							<width>840</width>
							<height>38</height>
							<align>left</align>
							<aligny>center</aligny>
							<texture>ButtonFo.png</texture>
							<animation effect="fade" start="100" end="50" condition="!Control.HasFocus(3)">Conditional</animation>
						</control>
						<control type="label">
							<posx>20</posx>
							<posy>0</posy>
							<width>810</width>
							<height>38</height>
							<textcolor>ButtonText</textcolor>
							<font>METF_ContextValue</font>
							<align>left</align>
							<aligny>center</aligny>
							<focusedcolor>ButtonText</focusedcolor>
							<label>$INFO[ListItem.Label]</label>
						</control>
					</focusedlayout>
				</control>

				<control type="list" id="6">
					<posx>15</posx>
					<posy>50</posy>
					<width>800</width>
					<height>300</height>
					<onright>7</onright>
					<onup>6</onup>
					<ondown>6</ondown>
					<itemlayout height="38" width="550">

						<control type="label">

							<textcolor>SettingsDetail</textcolor>
							<font>METF_ContextValue</font>
							<align>left</align>
							<aligny>center</aligny>
							<focusedcolor>ButtonText</focusedcolor>
							<label>$INFO[ListItem.Label]</label>
						</control>
					</itemlayout>
					<focusedlayout height="38" width="550">

						<control type="image">

							<align>left</align>
							<aligny>center</aligny>
							<texture>ButtonFo.png</texture>
							<animation effect="fade" start="100" end="50" condition="!Control.HasFocus(6)">Conditional</animation>
						</control>
						<control type="label">

							<textcolor>ButtonText</textcolor>
							<font>METF_ContextValue</font>
							<align>left</align>
							<aligny>center</aligny>
							<focusedcolor>ButtonText</focusedcolor>
							<!--- <label>$INFO[ListItem.Label] ($INFO[ListItem.Label2])</label> -->
							<label>$INFO[ListItem.Label]</label>
						</control>

					</focusedlayout>
				</control>
			</control>


			<control type="button" id="5">
				<description>Default Addon Button</description>
				<posx>620</posx>
				<posy>35</posy>
				<width>400</width>
				<height>50</height>
				<font>METF_TitleTextMedium</font>
				<textcolor>SettingsDetail</textcolor>
				<focusedcolor>DialogTextFO</focusedcolor>
				<align>right</align>
				<aligny>center</aligny>
				<texturefocus>ButtonFo.png</texturefocus>
				<onleft>3</onleft>
				<onup>7</onup>
				<ondown>7</ondown>
				<visible>IntegerGreaterThan(Container(6).NumItems,0)</visible>
			</control>
			<control type="button" id="7">
				<description>Cancel button</description>
				<posx>620</posx>
				<posy>85</posy>
				<width>400</width>
				<height>50</height>
				<font>METF_TitleTextMedium</font>
				<textcolor>SettingsDetail</textcolor>
				<focusedcolor>DialogTextFO</focusedcolor>
				<align>right</align>
				<aligny>center</aligny>
				<texturefocus>ButtonFo.png</texturefocus>
				<onleft>3</onleft>
				<onup>5</onup>
				<ondown>5</ondown>
				<label>$LOCALIZE[222]</label>
			</control>
		</control>
		<include>Global_ContextFilter</include>
		<!--<include>Global_Weather</include>-->
		<!--<include>Global_Time</include>
		<include>Global_MediaOverlay</include>
		<include>Setting_Heading</include>-->
		<include condition="Skin.HasSetting(DebugGrid)">Object_DebugGrid</include>
	</controls>
</window>
