<?xml version="1.0" encoding="UTF-8"?>
<window id="107">
	<animation type="WindowOpen" reversible="false">
		<effect type="slide" start="0,-200" end="0,0" time="800" />
		<effect type="fade" start="0" end="100" time="300" />
	</animation>
	<animation type="WindowClose" reversible="false">
		<effect type="slide" start="0,0" end="0,-200" delay="1200" time="800" />
		<effect type="fade" start="100" end="0" delay="1200" time="300" />
	</animation>
	<controls>
		<control type="group">
			<posx>500</posx>
			<posy>30</posy>
			<visible>!Window.IsActive(2006)</visible>
			<!-- Background Panel -->
			<control type="image">
				<description>background image</description>
				<posx>0</posx>
				<posy>0</posy>
				<width>900</width>
				<height>130</height>
				<texture flipy="true">dialogs/DialogBG_Dropdown3.png</texture>
				<colordiffuse>DialogDropdownColor</colordiffuse>
			</control>
			<!-- Default Icon -->
			<control type="image" id="400">
				<posx>30</posx>
				<posy>30</posy>
				<width>72</width>
				<height>72</height>
				<aspectratio>keep</aspectratio>
				<texture diffuse="squarematte.png">DefaultIconInfo.png</texture>
			</control>
			<!-- Text -->
			<control type="fadelabel" id="401">
				<description>Line 1 Label</description>
				<posx>130</posx>
				<posy>23</posy>
				<width>590</width>
				<height>40</height>
				<font>METF_DialogLarge</font>
				<textcolor>DialogTextFO</textcolor>
				<align>left</align>
				<scrollout>false</scrollout>
				<pauseatend>2000</pauseatend>
			</control>
			<control type="fadelabel" id="402">
				<description>Line 2 Label</description>
				<posx>130</posx>
				<posy>75</posy>
				<width>590</width>
				<height>40</height>
				<font>METF_DialogLarge</font>
				<textcolor>TextNF</textcolor>
				<align>left</align>
				<scrollout>false</scrollout>
				<pauseatend>2000</pauseatend>
			</control>
		</control>
	</controls>
</window>
