<?xml version="1.0" encoding="UTF-8"?>
<fonts>
	<fontset id="Default">
		<!---- ----->
		<font>
			<name>lyrics1</name>
			<filename>lyrspin03.ttf</filename>
			<style>lowercase</style>
			<linespacing>0.9</linespacing>
			<size>120</size>
		</font>
		<font>
			<name>lyrics1b</name>
			<filename>lyrspin04.ttf</filename>
			<linespacing>0.8</linespacing>
			<size>75</size>
		</font>
		<font>
			<name>lyrics2</name>
			<filename>lyrspin09.ttf</filename>
			<linespacing>0.9</linespacing>
			<size>120</size>
		</font>
		<font>
			<name>lyrics2b</name>
			<filename>lyrspin01.ttf</filename>
			<linespacing>0.85</linespacing>
			<size>62</size>
		</font>
		<font>
			<name>lyrics3</name>
			<filename>lyrspin05.ttf</filename>
			<linespacing>0.9</linespacing>
			<size>120</size>
		</font>
		<font>
			<name>lyrics3b</name>
			<filename>lyrspin06.ttf</filename>
			<linespacing>0.85</linespacing>
			<size>62</size>
		</font>
		<font>
			<name>lyrics4</name>
			<filename>lyrspin08.ttf</filename>
			<linespacing>0.8</linespacing>
			<size>60</size>
		</font>
		<font>
			<name>lyrics4b</name>
			<filename>lyrspin09.ttf</filename>
			<linespacing>0.9</linespacing>
			<size>120</size>
		</font>
		<font>
			<name>lyrics5</name>
			<style>uppercase</style>
			<filename>lyrspin10.ttf</filename>
			<size>140</size>
		</font>
		<font>
			<name>lyrics5b</name>
			<filename>lyrspin04.ttf</filename>
			<linespacing>0.8</linespacing>
			<size>75</size>
		</font>
		<font>
			<name>lyrics6</name>
			<filename>lyrspin07.ttf</filename>
			<aspect>1.3</aspect>
			<style>lowercase</style>
			<linespacing>0.9</linespacing>
			<size>104</size>
		</font>
		<font>
			<name>lyrics6b</name>
			<filename>lyrspin08.ttf</filename>
			<linespacing>0.8</linespacing>
			<size>60</size>
		</font>
		<font>
			<name>lyrics7</name>
			<filename>lyrspin03.ttf</filename>
			<style>lowercase</style>
			<linespacing>0.9</linespacing>
			<size>120</size>
		</font>
		<font>
			<name>lyrics7b</name>
			<filename>lyrspin06.ttf</filename>
			<linespacing>0.85</linespacing>
			<size>62</size>
		</font>
		<font>
			<name>lyrics8</name>
			<filename>lyrspin05.ttf</filename>
			<linespacing>0.9</linespacing>
			<size>120</size>
		</font>
		<font>
			<name>lyrics8b</name>
			<filename>lyrspin02.ttf</filename>
			<linespacing>0.85</linespacing>
			<size>70</size>
		</font>
		<font>
			<name>lyrics9</name>
			<filename>lyrspin07.ttf</filename>
			<style>lowercase</style>
			<linespacing>0.9</linespacing>
			<size>275</size>
		</font>
		<font>
			<name>lyrics9b</name>
			<filename>lyrspin07.ttf</filename>
			<style>lowercase</style>
			<linespacing>0.9</linespacing>
			<size>165</size>
		</font>
		<font>
			<name>lyrics9c</name>
			<filename>lyrspin07.ttf</filename>
			<style>lowercase</style>
			<linespacing>0.9</linespacing>
			<size>220</size>
		</font>
		<font>
			<name>lyrics9d</name>
			<filename>lyrspin01.ttf</filename>
			<linespacing>0.85</linespacing>
			<size>60</size>
		</font>
		<font>
			<name>lyrics0</name>
			<style>uppercase</style>
			<filename>lyrspin10.ttf</filename>
			<size>125</size>
		</font>
		<font>
			<name>lyrics0a</name>
			<style>uppercase</style>
			<filename>lyrspin10.ttf</filename>
			<size>175</size>
		</font>
		<font>
			<name>lyrics0b</name>
			<style>uppercase</style>
			<filename>lyrspin10.ttf</filename>
			<size>225</size>
		</font>
		<font>
			<name>lyrics0c</name>
			<filename>lyrspin02.ttf</filename>
			<linespacing>0.85</linespacing>
			<size>70</size>
		</font>
		<font>
			<name>lyrics1s</name>
			<filename>lyrspin02.ttf</filename>
			<linespacing>1.15</linespacing>
			<size>76</size>
		</font>
		<font>
			<name>lyrics3s</name>
			<filename>lyrspin04.ttf</filename>
			<linespacing>0.80</linespacing>
			<aspect>1.1</aspect>
			<size>92</size>
		</font>
		<font>
			<name>lyrics5s</name>
			<filename>lyrspin01.ttf</filename>
			<linespacing>0.8</linespacing>
			<size>80</size>
		</font>
		<font>
			<name>lyrics7s</name>
			<filename>lyrspin08.ttf</filename>
			<style>bold</style>
			<linespacing>0.75</linespacing>
			<size>72</size>
		</font>
		<font>
			<name>lyrics9s</name>
			<filename>lyrspin06.ttf</filename>
			<linespacing>0.85</linespacing>
			<size>80</size>
		</font>
		<!-- telex -->
		
		<font>
			<name>OsdD</name>
			<filename>led.ttf</filename>
			<size>85</size>
		</font>
		
		<font>
			<name>doublon</name>
			<filename>number.ttf</filename>
			<size>52</size>
		</font>
		<font>
			<name>itemrole</name>
			<filename>number.ttf</filename>
			<size>45</size>
		</font>
		
		<font>
			<name>PlotFont</name>
			<filename>comic.ttf</filename>
			<size>26</size>
		</font>
		<font>
			<name>lcdn24</name>
			<filename>lcdn.ttf</filename>
			<size>24</size>
		</font>
		<font>
			<name>PlotFont36</name>
			<filename>comic.ttf</filename>
			<size>30</size>
		</font>
		<font>
			<name>comic36</name>
			<filename>comic.ttf</filename>
			<size>36</size>
		</font>
		<font>
			<name>led24</name>
			<filename>led.ttf</filename>
			<size>24</size>
		</font>
		<font>
			<name>led14</name>
			<filename>led.ttf</filename>
			<size>18</size>
		</font>
		<font>
			<name>led18</name>
			<filename>led.ttf</filename>
			<size>18</size>
		</font>
		<font>
			<name>led45</name>
			<filename>led.ttf</filename>
			<size>45</size>
		</font>
		<font>
			<name>led65</name>
			<filename>led.ttf</filename>
			<size>65</size>
		</font>
		<font>
			<name>lcdn</name>
			<filename>lcdn.ttf</filename>
			<size>55</size>
		</font>
		<font>
			<name>lcdnsub</name>
			<filename>lcdn.ttf</filename>
			<size>45</size>
		</font>
		<font>
			<name>lcdsongs</name>
			<filename>led.ttf</filename>
			<size>22</size>
		</font>
		<font>
			<name>lcdtracks</name>
			<filename>led.ttf</filename>
			<size>20</size>
		</font>
		<font>
			<name>lcdtime</name>
			<filename>digital.ttf</filename>
			<size>30</size>
		</font>
		<font>
			<name>lcdep</name>
			<filename>impact.ttf</filename>
			<size>18</size>
		</font>
		<font>
			<name>lcdep24</name>
			<filename>digital.ttf</filename>
			<size>24</size>
		</font>
		
		<font>
			<name>mtcorsva32</name>
			<filename>mtcorsva.ttf</filename>
			<size>32</size>
		</font>
		<font>
			<name>impact</name>
			<filename>impact.ttf</filename>
			<size>45</size>
		</font>
		<font>
			<name>impact35</name>
			<filename>impact.ttf</filename>
			<size>26</size>
		</font>
		<font>
			<name>impactsongs</name>
			<filename>impact.ttf</filename>
			<size>23</size>
		</font>
		<font>
			<name>comic20</name>
			<filename>comic.ttf</filename>
			<size>20</size>
		</font>
		
		<font>
			<name>comic24</name>
			<filename>comic.ttf</filename>
			<size>24</size>
		</font>
		<font>
			<name>chicken36</name>
			<filename>lcdn.ttf</filename>
			<size>36</size>
		</font>
		<font>
			<name>chicken</name>
			<filename>lcdn.ttf</filename>
			<size>45</size>
		</font>
		<font>
			<name>chicken75</name>
			<filename>lcdn.ttf</filename>
			<size>75</size>
		</font>
		<font>
			<name>OsdMusicTitle60</name>
			<filename>harlowsi.ttf</filename>
			<size>60</size>
		</font>
		<!-- IconMix Fonts -->



		<font>
			<name>font13</name>
			<filename>Arial.ttf</filename>
			<size>20</size>
		</font>
		<font>
			<name>METF_HorizMenu</name>
			<filename>MET_UbuntuRegular.ttf</filename>
			<size>41</size>
		</font>
		<font>
			<name>METF_Button</name>
			<filename>MET_FontinSansSmallCaps.ttf</filename>
			<size>23</size>
		</font>
		<font>
			<name>METF_HomeMenu</name>
			<filename>MET_FontinSansSmallCaps.ttf</filename>
			<size>27</size>
		</font>
		<font>
			<name>METF_HomeMenuSmall</name>
			<filename>MET_FontinSansSmallCaps.ttf</filename>
			<size>23</size>
		</font>
		<font>
			<name>METF_RecentlyAddedTitle</name>
			<filename>MET_FontinSansSmallCaps.ttf</filename>
			<size>24</size>
		</font>
		<font>
			<name>METF_RecentlyAddedListText</name>
			<filename>MET_UbuntuRegular.ttf</filename>
			<size>20</size>
		</font>
		<font>
			<name>METF_HomeStatsTitle</name>
			<filename>MET_FontinSansSmallCaps.ttf</filename>
			<size>23</size>
			<linespacing>0.8</linespacing>
		</font>
		<font>
			<name>METF_HomeStatsText</name>
			<filename>MET_UbuntuRegular.ttf</filename>
			<size>20</size>
		</font>
		<font>
			<name>METF_HelpText</name>
			<filename>MET_BoldCaps.ttf</filename>
			<size>20</size>
		</font>
		<font>
			<name>METF_Temp</name>
			<filename>MET_Myriad.ttf</filename>
			<size>38</size>
		</font>
		<font>
			<name>METF_Date</name>
			<filename>MET_FontinSansSmallCaps.ttf</filename>
			<size>40</size>
		</font>
		<font>
			<name>METF_Hours</name>
			<filename>MET_Myriad.ttf</filename>
			<size>110</size>
		</font>
		<font>
			<name>METF_Minutes</name>
			<filename>MET_Myriad.ttf</filename>
			<size>80</size>
		</font>
		<font>
			<name>METF_FontAMPM</name>
			<filename>MET_Myriad.ttf</filename>
			<size>40</size>
		</font>
		<font>
			<name>METF_RSS</name>
			<filename>MET_UbuntuRegular.ttf</filename>
			<size>22</size>
		</font>
		<font>
			<name>METF_StarRating</name>
			<filename>impact.ttf</filename>
			<size>28</size>
		</font>
		<font>
			<name>METF_StarRating22</name>
			<filename>MET_LeagueGothic.ttf</filename>
			<size>36</size>
		</font>
		<font>
			<name>METF_ArtistPlayer</name>
			<filename>MET_LeagueGothic.ttf</filename>
			<size>28</size>
		</font>
		<font>
			<name>METF_IMDbRating</name>
			<filename>MET_LeagueGothic.ttf</filename>
			<size>38</size>
		</font>
		<font>
			<name>METF_DialogDetails</name>
			<filename>MET_FontinSansSmallCaps.ttf</filename>
			<size>20</size>
		</font>
		<font>
			<name>METF_Heading</name>
			<filename>MET_FontinSansSmallCaps.ttf</filename>
			<size>25</size>
		</font>
		<font>
			<name>METF_HeadingDetails</name>
			<filename>MET_FontinSansSmallCaps.ttf</filename>
			<size>23</size>
		</font>
		<font>
			<name>METF_TitleText</name>
			<filename>MET_FontinSansSmallCaps.ttf</filename>
			<size>32</size>
		</font>
		<font>
			<name>METF_TitleTextMedium</name>
			<filename>MET_FontinSansSmallCaps.ttf</filename>
			<size>26</size>
		</font>
		<font>
			<name>METF_TitleTextLarge</name>
			<filename>MET_FontinSansSmallCaps.ttf</filename>
			<size>48</size>
		</font>
		<font>
			<name>METF_SettingsHeading</name>
			<filename>MET_FontinSansSmallCaps.ttf</filename>
			<size>28</size>
		</font>
		<font>
			<name>METF_SettingsHeadingBig</name>
			<filename>MET_FontinSansSmallCaps.ttf</filename>
			<size>36</size>
		</font>
		<font>
			<name>METF_MusicVizTitle</name>
			<filename>MET_FontinSansSmallCaps.ttf</filename>
			<size>48</size>
		</font>
		<font>
			<name>METF_SettingsDetail</name>
			<filename>MET_UbuntuRegular.ttf</filename>
			<size>22</size>
		</font>
		<font>
			<name>METF_MediaDetails</name>
			<filename>MET_UbuntuRegular.ttf</filename>
			<size>29</size>
		</font>
		<font>
			<name>METF_MediaDetailsSmall</name>
			<filename>MET_UbuntuRegular.ttf</filename>
			<size>26</size>
		</font>
		<font>
			<name>METF_PlotText</name>
			<filename>MET_UbuntuRegular.ttf</filename>
			<size>30</size>
		</font>
		<font>
			<name>METF_CastText</name>
			<filename>MET_UbuntuRegular.ttf</filename>
			<size>24</size>
		</font>
		<font>
			<name>METF_PlotTextMedium</name>
			<filename>MET_UbuntuRegular.ttf</filename>
			<size>24</size>
		</font>
		<font>
			<name>METF_PlotTextSmall</name>
			<filename>MET_UbuntuRegular.ttf</filename>
			<size>18</size>
		</font>
		<font>
			<name>METF_PlotTextSpaced</name>
			<filename>MET_UbuntuRegular.ttf</filename>
			<size>19</size>
			<linespacing>1.12</linespacing>
		</font>
		<font>
			<name>METF_InfoText</name>
			<filename>MET_UbuntuRegular.ttf</filename>
			<size>19</size>
		</font>
		<font>
			<name>METF_InfoTextLarger</name>
			<filename>MET_UbuntuRegular.ttf</filename>
			<size>22</size>
		</font>
		<font>
			<name>METF_MPAA</name>
			<filename>MET_UbuntuItalic.ttf</filename>
			<size>18</size>
		</font>
		<font>
			<name>METF_OSDTime</name>
			<filename>MET_Bebas.ttf</filename>
			<size>22</size>
		</font>
		<font>
			<name>METF_OSDPlayerStatus</name>
			<filename>MET_Bebas.ttf</filename>
			<size>48</size>
		</font>
		<font>
			<name>METF_DialogLargeBold</name>
			<filename>MET_UbuntuBold.ttf</filename>
			<size>23</size>
		</font>
		<font>
			<name>METF_DialogLarge</name>
			<filename>MET_UbuntuRegular.ttf</filename>
			<size>22</size>
		</font>
		<font>
			<name>METF_DialogMediumBold</name>
			<filename>MET_UbuntuBold.ttf</filename>
			<size>20</size>
		</font>
		<font>
			<name>METF_DialogMedium</name>
			<filename>MET_UbuntuRegular.ttf</filename>
			<size>20</size>
		</font>
		<font>
			<name>METF_DialogSmallBold</name>
			<filename>MET_UbuntuBold.ttf</filename>
			<size>17</size>
		</font>
		<font>
			<name>METF_DialogSmall</name>
			<filename>MET_UbuntuRegular.ttf</filename>
			<size>17</size>
		</font>
		<font>
			<name>METF_DialogVerySmall</name>
			<filename>MET_UbuntuRegular.ttf</filename>
			<size>14</size>
		</font>
		<font>
			<name>METF_FlagInfo</name>
			<filename>MET_UbuntuRegular.ttf</filename>
			<size>12</size>
		</font>
		<font>
			<name>METF_DialogVerySmallBold</name>
			<filename>MET_UbuntuBold.ttf</filename>
			<size>14</size>
		</font>
		<font>
			<name>METF_Menu</name>
			<filename>MET_FontinSansSmallCaps.ttf</filename>
			<!--
			<style>bold</style>
			-->
			<size>23</size>
		</font>
		<font>
			<name>METF_ContextValue</name>
			<filename>MET_UbuntuRegular.ttf</filename>
			<size>20</size>
		</font>
		<font>
			<name>METF_WeatherHigh</name>
			<filename>MET_UbuntuRegular.ttf</filename>
			<size>62</size>
		</font>
		<font>
			<name>METF_WeatherLow</name>
			<filename>MET_UbuntuRegular.ttf</filename>
			<size>50</size>
		</font>
		<font>
			<name>METF_WeatherDetails7Day</name>
			<filename>MET_UbuntuRegular.ttf</filename>
			<size>16</size>
		</font>
		<font>
			<name>METF_WeatherDetailsCurrent</name>
			<filename>MET_UbuntuRegular.ttf</filename>
			<size>16</size>
		</font>
		<font>
			<name>METF_WeatherDetailsSmaller</name>
			<filename>MET_UbuntuRegular.ttf</filename>
			<size>17</size>
		</font>
		<font>
			<name>METF_WeatherInfoTextSmall</name>
			<filename>MET_UbuntuRegular.ttf</filename>
			<size>15</size>
		</font>
		<font>
			<name>METF_WeatherOutlookSmall</name>
			<filename>MET_UbuntuRegular.ttf</filename>
			<size>16</size>
		</font>
		<font>
			<name>METF_WeatherOutlookWeekend</name>
			<filename>MET_UbuntuRegular.ttf</filename>
			<size>24</size>
		</font>
		<font>
			<name>METF_WeatherDetailsWeekend</name>
			<filename>MET_UbuntuRegular.ttf</filename>
			<size>18</size>
		</font>
		<font>
			<name>METF_WeatherDayName7Day</name>
			<filename>MET_FontinSansSmallCaps.ttf</filename>
			<size>26</size>
		</font>
		<font>
			<name>METF_WeatherDayNameWeekend</name>
			<filename>MET_FontinSansSmallCaps.ttf</filename>
			<size>30</size>
		</font>
		<font>
			<name>METF_WeatherDayDate12Hour</name>
			<filename>MET_FontinSansSmallCaps.ttf</filename>
			<size>30</size>
		</font>
		<font>
			<name>METF_WeatherDayDate24Hour</name>
			<filename>MET_FontinSansSmallCaps.ttf</filename>
			<size>18</size>
		</font>
		<font>
			<name>METF_WeatherDayDate36Hour</name>
			<filename>MET_FontinSansSmallCaps.ttf</filename>
			<size>15</size>
		</font>
		<font>
			<name>METF_WeatherForecast36Hour</name>
			<filename>MET_FontinSansSmallCaps.ttf</filename>
			<size>17</size>
		</font>
		<font>
			<name>METF_WeatherHighHome</name>
			<filename>HotSweat.ttf</filename>
			<size>30</size>
		</font>
		<font>
			<name>METF_WeatherHourlyHigh</name>
			<filename>MET_UbuntuRegular.ttf</filename>
			<size>40</size>
		</font>
		<font>
			<name>METF_WeatherLowHome</name>
			<filename>snowtt.ttf</filename>
			<size>36</size>
		</font>
		<font>
			<name>METF_WeatherOutlookHome</name>
			<filename>MET_UbuntuRegular.ttf</filename>
			<size>22</size>
		</font>
		<font>
			<name>METF_Weather24HrTemp</name>
			<filename>MET_UbuntuRegular.ttf</filename>
			<size>25</size>
		</font>
		<font>
			<name>METF_PVRChannelList</name>
			<filename>MET_UbuntuRegular.ttf</filename>
			<size>19</size>
		</font>
	</fontset>
</fonts>
