<?xml version="1.0" encoding="UTF-8"?>
<includes>
	<include name="Viewtype_Banner">
		<control type="group">
			<posy>50</posy>
			<visible>Control.IsVisible(511)</visible>
			<!-- Browser -->
			<control type="panel" id="511">
				<viewtype label="$LOCALIZE[31812]">wide</viewtype>
				<posx>130</posx>
				<posy>280</posy>
				<height>370</height>
				<width>1800</width>
				<ondown>Action(firstpage)</ondown>
				<onup>Action(lastpage)</onup>
				<onright>511</onright>
				<onleft>511</onleft>
				
				<orientation>vertical</orientation>
				<preloaditems>2</preloaditems>
				<scrolltime>200</scrolltime>
				<include>Animation_OpenCloseFade</include>
				<include>Animation_FadedByMenu</include>
				<include>Animation_HiddenByInfo</include>
				<visible>!Skin.HasSetting(NoViewBanner)</visible>
				<onfocus>SetProperty(ActeurDirection,no,Home)</onfocus>
				<include>BannerViewCommon_Browser</include>
			</control>
			
			<!-- Arrows -->
			<control type="group">
				<include>Animation_OpenCloseFade</include>
				<include>Animation_FadedByMenu</include>
				<include>Animation_HiddenByInfo</include>
				<visible>Window.IsActive(10025)</visible>
				<control type="image">
					<posx>10</posx>
					<posy>280</posy>
					<width>24</width>
					<height>24</height>
					<texture>Arrow2Up.png</texture>
					<colordiffuse>ArrowDiffuse</colordiffuse>
					<visible>Container.HasPrevious</visible>
				</control>
				<control type="image">
					<posx>1890</posx>
					<posy>640</posy>
					<width>24</width>
					<height>24</height>
					<texture>Arrow2Down.png</texture>
					<colordiffuse>ArrowDiffuse</colordiffuse>
					<visible>Container.HasNext</visible>
				</control>
			</control>
			<include>ScrollBar_Vertical</include>
		</control>
	</include>
	<include name="Viewtype_BannerWall">
		<control type="group">
			<posy>50</posy>
			<visible>Control.IsVisible(514)</visible>
			<!-- Browser -->
			<control type="panel" id="514">
				<viewtype label="$LOCALIZE[31831]">wide</viewtype>
				<posx>130</posx>
				<posy>-30</posy>
				<height>720</height>
				<width>1800</width>
				<ondown>Action(firstpage)</ondown>
				<onup>Action(lastpage)</onup>
				<onright>514</onright>
				<onleft>514</onleft>
				<onfocus>SetProperty(ActeurDirection,no,Home)</onfocus>
				

				
				<orientation>vertical</orientation>
				<preloaditems>2</preloaditems>
				<scrolltime>200</scrolltime>
				<include>Animation_OpenCloseFade</include>
				<include>Animation_FadedByMenu</include>
				<include>Animation_HiddenByInfo</include>
				<visible>!Skin.HasSetting(NoViewBanner)</visible>
				
				<include>BannerViewCommon_Browser</include>
			</control>
			
			<!-- Arrows -->
			<control type="group">
				<include>Animation_OpenCloseFade</include>
				<include>Animation_FadedByMenu</include>
				<include>Animation_HiddenByInfo</include>
				
				<control type="image">
					<posx>10</posx>
					<posy>-20</posy>
					<width>24</width>
					<height>24</height>
					<texture>Arrow2Up.png</texture>
					<colordiffuse>ArrowDiffuse</colordiffuse>
					<visible>Container.HasPrevious</visible>
				</control>
				<control type="image">
					<posx>1890</posx>
					<posy>740</posy>
					<width>24</width>
					<height>24</height>
					<texture>Arrow2Down.png</texture>
					<colordiffuse>ArrowDiffuse</colordiffuse>
					<visible>Container.HasNext</visible>
				</control>
			</control>
			<include>ScrollBar_Vertical</include>
		</control>
	</include>
	
	<include name="Viewtype_BannerV">
		<control type="group">
			<visible>Control.IsVisible(513)</visible>
			<!-- Browser -->
			<control type="panel" id="513">
				<viewtype label="$LOCALIZE[31813]">wide</viewtype>
				<posx>95</posx>
				<posy>10</posy>
				<height>800</height>
				<width>550</width>
				<include condition="!Skin.HasSetting(ViewLockdown)">OnLeft7000</include>
				<onfocus condition="Skin.HasSetting(CacheFond)">SetProperty(ActeurDirection,left,Home)</onfocus>
      <onfocus condition="!Skin.HasSetting(CacheFond)">SetProperty(ActeurDirection,right,Home)</onfocus>
				<ondown>513</ondown>
				<onup>513</onup>
				<pagecontrol>-</pagecontrol>
				<orientation>vertical</orientation>
				<preloaditems>2</preloaditems>
				<scrolltime>200</scrolltime>
				<include>Animation_OpenCloseFade</include>
				<include>Animation_FadedByMenu</include>
				<include>Animation_HiddenByInfo</include>
				<visible>!Skin.HasSetting(NoViewBanner)</visible>
				
				<include>BannerViewCommon_Browser</include>
			</control>
			<control type="image">
					<posx>15</posx>
					<posy>10</posy>
					<width>24</width>
					<height>24</height>
					<texture>Arrow2Up.png</texture>
					<colordiffuse>ArrowDiffuse</colordiffuse>
					<visible>Container.HasPrevious</visible>
				</control>
				<control type="image">
					<posx>15</posx>
					<posy>770</posy>
					<width>24</width>
					<height>24</height>
					<texture>Arrow2Down.png</texture>
					<colordiffuse>ArrowDiffuse</colordiffuse>
					<visible>Container.HasNext</visible>
				</control>
		</control>
	</include>
</includes>
