<?xml version="1.0" encoding="UTF-8"?>
<window>
	<defaultcontrol>5</defaultcontrol>
	<controls>
		<control type="group">
			<visible>!Window.IsActive(145)</visible>
			<posx>150</posx>
			<posy>75</posy>
			<!--  Menu Background Panel -->
			<control type="image">
				<description>background image</description>
				<posx>-40</posx>
				<posy>-30</posy>
				<width>1050</width>
				<height>655</height>
				<texture>frames/Menu_Glass2c.png</texture>
				<colordiffuse>OSDDialogBackgroundColor</colordiffuse>
			</control>
			<!-- Menu -->
			<control type="label" id="2">
				<description>Settings Heading</description>
				<posx>160</posx>
				<posy>27</posy>
				<width>640</width>
				<height>40</height>
				<align>center</align>
				<aligny>center</aligny>
				<font>METF_SettingsHeading</font>
				<textcolor>DialogTextFO</textcolor>
				<label>-</label>
			</control>
			<control type="grouplist" id="5">
				<description>Control Area</description>
				<posx>260</posx>
				<posy>75</posy>
				<width>655</width>
				<height>465</height>
				<itemgap>2</itemgap>
				<orientation>vertical</orientation>
				<pagecontrol>60</pagecontrol>
				<onleft>9000</onleft>
				<onright>5</onright>
				<onup>5</onup>
				<ondown>5</ondown>
			</control>
			<control type="button" id="7">
				<description>Default Button</description>
				<width>300</width>
				<height>40</height>
				<align>left</align>
				<aligny>center</aligny>
				<font>METF_DialogLarge</font>
				<label>-</label>
				<textoffsetx>20</textoffsetx>
				<textcolor>TextNF</textcolor>
				<focusedcolor>DialogTextFO</focusedcolor>
				<disabledcolor>TextDisabled</disabledcolor>
				<texturefocus>ButtonFO2Wide.png</texturefocus>
				<texturenofocus>-</texturenofocus>
				<pulseonselect>false</pulseonselect>
			</control>
			<control type="radiobutton" id="8">
				<description>Default RadioButton</description>
				<width>300</width>
				<height>40</height>
				<align>left</align>
				<aligny>center</aligny>
				<font>METF_DialogLarge</font>
				<label>-</label>
				<textcolor>TextNF</textcolor>
				<focusedcolor>DialogTextFO</focusedcolor>
				<disabledcolor>TextDisabled</disabledcolor>
				<radiowidth>30</radiowidth>
				<radioheight>30</radioheight>
				<texturefocus>ButtonFO2Wide.png</texturefocus>
				<texturenofocus>-</texturenofocus>
				<!--
				<textureradiofocus>keyboard/RadioButtonFO.png</textureradiofocus>
				<textureradionofocus>keyboard/RadioButtonNF.png</textureradionofocus>
				-->
				<textureradiofocus>keyboard/RadiobuttonFO.png</textureradiofocus>
				<textureradionofocus>keyboard/RadiobuttonNF.png</textureradionofocus>
				<textoffsetx>20</textoffsetx>
				<pulseonselect>false</pulseonselect>
			</control>
			<control type="spincontrolex" id="9">
				<description>Default spincontrolex</description>
				<width>300</width>
				<height>40</height>
				<align>left</align>
				<aligny>center</aligny>
				<label>-</label>
				<font>METF_DialogLarge</font>
				<textoffsetx>20</textoffsetx>
				<textcolor>TextNF</textcolor>
				<focusedcolor>DialogTextFO</focusedcolor>
				<disabledcolor>TextDisabled</disabledcolor>
				<reverse>yes</reverse>
				<spinwidth>26</spinwidth>
				<spinheight>26</spinheight>
				<texturefocus>ButtonFO2Wide.png</texturefocus>
				<texturenofocus>-</texturenofocus>
				<!--
				<textureup>ArrowUpNF.png</textureup>
				<texturedown>ArrowDownNF.png</texturedown>
				<textureupfocus>ArrowUpFo.png</textureupfocus>
				<texturedownfocus>ArrowDownFo.png</texturedownfocus>
				-->
				<textureup>ArrowUpNF.png</textureup>
				<texturedown>ArrowDownNF.png</texturedown>
				<textureupfocus>ArrowUpFo.png</textureupfocus>
				<texturedownfocus>ArrowDownFo.png</texturedownfocus>
				<pulseonselect>false</pulseonselect>
			</control>
			<control type="image" id="11">
				<description>separator image</description>
				<include>Settings_Line</include>
			</control>
			<control type="edit" id="12">
				<width>620</width>
				<height>120</height>
				<align>left</align>
				<label>-</label>
				<include>SettingsLabel</include>
			</control>
			<control type="sliderex" id="13">
				<description>Default Slider</description>
				<height>40</height>
				<width>300</width>
				<align>left</align>
				<font>METF_DialogLarge</font>
				<textcolor>TextNF</textcolor>
				<focusedcolor>DialogTextFO</focusedcolor>
				<disabledcolor>TextDisabled</disabledcolor>
				<textoffsetx>20</textoffsetx>
				<textoffsety>7</textoffsety>
				<sliderwidth>150</sliderwidth>
				<sliderheight>15</sliderheight>
				<texturefocus>ButtonFO2Wide.png</texturefocus>
				<texturenofocus>-</texturenofocus>
				<!--
				<texturesliderbar>osdsliderback.png</texturesliderbar>
				<textureslidernib>osdslidernib_2.png</textureslidernib>
				<textureslidernibfocus>osdslidernib.png</textureslidernibfocus>
				-->
				<texturesliderbar>osd/slider_bg.png</texturesliderbar>
				<textureslidernib border="2">osd/SliderNibNF.png</textureslidernib>
				<textureslidernibfocus border="2">osd/SliderNibFO.png</textureslidernibfocus>
			</control>
			<control type="label" id="14">
				<description>Default Label</description>
				<left>50</left>
				<top>0</top>
				<height>40</height>
				<align>center</align>
				<aligny>center</aligny>
				<font>METF_DialogLarge</font>
				<textcolor>DialogTextFO</textcolor>
				<label>-</label>
			</control>
			<control type="group" id="9000">
				<left>00</left>
				<top>00</top>
				<width>250</width>
				<height>120</height>
				<orientation>vertical</orientation>
				<control type="button" id="28">
					<description>ok</description>
					<posx>0</posx>
					<posy>114</posy>
					<width>250</width>
					<height>38</height>
					<align>right</align>
					<aligny>center</aligny>
					<textoffsetx>20</textoffsetx>
					<radiowidth>55</radiowidth>
					<radioheight>55</radioheight>
					<textureradiofocus>button_radioF.png</textureradiofocus>
					<textureradionofocus>button_radioNF.png</textureradionofocus>
					<textureup>ArrowUpNF.png</textureup>
					<texturedown>ArrowDownNF.png</texturedown>
					<textureupfocus>ArrowUpFo.png</textureupfocus>
					<texturedownfocus>ArrowDownFo.png</texturedownfocus>
					<font>METF_TitleTextMedium</font>
					<textcolor>SettingsDetail</textcolor>
					<focusedcolor>DialogTextFO</focusedcolor>
					<selectedcolor>TextFO</selectedcolor>
					<texturefocus>ButtonFo.png</texturefocus>
					<texturenofocus>-</texturenofocus>
					<disabledcolor>TextDisabled</disabledcolor>
					<pulseonselect>false</pulseonselect>
					<label>-</label>
					<onleft>noop</onleft>
					<onright>5</onright>
					<onup>30</onup>
					<ondown>29</ondown>
				</control>
				<control type="button" id="29">
					<description>cancel</description>
					<posx>0</posx>
					<posy>152</posy>
					<width>250</width>
					<height>38</height>
					<align>right</align>
					<aligny>center</aligny>
					<textoffsetx>20</textoffsetx>
					<radiowidth>55</radiowidth>
					<radioheight>55</radioheight>
					<textureradiofocus>button_radioF.png</textureradiofocus>
					<textureradionofocus>button_radioNF.png</textureradionofocus>
					<textureup>ArrowUpNF.png</textureup>
					<texturedown>ArrowDownNF.png</texturedown>
					<textureupfocus>ArrowUpFo.png</textureupfocus>
					<texturedownfocus>ArrowDownFo.png</texturedownfocus>
					<font>METF_TitleTextMedium</font>
					<textcolor>SettingsDetail</textcolor>
					<focusedcolor>DialogTextFO</focusedcolor>
					<selectedcolor>TextFO</selectedcolor>
					<texturefocus>ButtonFo.png</texturefocus>
					<texturenofocus>-</texturenofocus>
					<disabledcolor>TextDisabled</disabledcolor>
					<pulseonselect>false</pulseonselect>
					<label>-</label>
					<onleft>noop</onleft>
					<onright>5</onright>
					<onup>28</onup>
					<ondown>30</ondown>
				</control>
				<control type="button" id="30">
					<description>clear</description>
					<posx>0</posx>
					<posy>190</posy>
					<width>250</width>
					<height>38</height>
					<align>right</align>
					<aligny>center</aligny>
					<textoffsetx>20</textoffsetx>
					<radiowidth>55</radiowidth>
					<radioheight>55</radioheight>
					<textureradiofocus>button_radioF.png</textureradiofocus>
					<textureradionofocus>button_radioNF.png</textureradionofocus>
					<textureup>ArrowUpNF.png</textureup>
					<texturedown>ArrowDownNF.png</texturedown>
					<textureupfocus>ArrowUpFo.png</textureupfocus>
					<texturedownfocus>ArrowDownFo.png</texturedownfocus>
					<font>METF_TitleTextMedium</font>
					<textcolor>SettingsDetail</textcolor>
					<focusedcolor>DialogTextFO</focusedcolor>
					<selectedcolor>TextFO</selectedcolor>
					<texturefocus>ButtonFo.png</texturefocus>
					<texturenofocus>-</texturenofocus>
					<disabledcolor>TextDisabled</disabledcolor>
					<pulseonselect>false</pulseonselect>
					<label>-</label>
					<onleft>noop</onleft>
					<onright>5</onright>
					<onup>29</onup>
					<ondown>28</ondown>
				</control>	
			</control>
		</control>
	</controls>
</window>





