<?xml version="1.0" encoding="UTF-8"?>
<window id="3">
	<defaultcontrol>20</defaultcontrol>
	<controls>
		<control type="group">
		<include>Global_Background</include>
		<!-- LEFT PANEL -->
		<control type="group">
			<posx>25</posx>
			<include>Animation_FadedByMenu</include>
			<include>Animation_OpenCloseFade</include>
			<posy>-40</posy>
			<control type="image">
					<posx>-10</posx>
					<posy>102</posy>
					<width>930</width>
					<height>750</height>
					<colordiffuse>BackgroundColor</colordiffuse> 
				<texture>frames/fondinfogris.png</texture>	
					<bordersize>8</bordersize>
					<bordertexture border="8">landscape.png</bordertexture>
				</control>
			<control type="image">
				<posx>10</posx>
				<posy>120</posy>
				<height>38</height>
				<width>890</width>
				<texture>ButtonFo.png</texture>
				<animation effect="fade" start="100" end="50" condition="Control.HasFocus(21)">Conditional</animation>
			</control>
			<control type="fadelabel" id="101">
				<posx>20</posx>
				<posy>120</posy>
				<width>880</width>
				<height>38</height>
				<font>METF_ContextValue</font>
				<textcolor>yellow</textcolor>
				<align>left</align>
				<aligny>center</aligny>
				<scroll>true</scroll>
			</control>
			<control type="list" id="20">
				<viewtype label="31752">list</viewtype>
				<posx>0</posx>
				<posy>174</posy>
				<width>900</width>
				<height>650</height>
				<scrolltime>0</scrolltime>
				<onright>21</onright>
				<onup>20</onup>
				<ondown>20</ondown>
				<itemlayout height="38">
					<control type="label">
						<posx>30</posx>
						<width>790</width>
						<height>38</height>
						<textcolor>SettingsDetail</textcolor>
						<font>METF_ContextValue</font>
						<align>left</align>
						<aligny>center</aligny>
						<focusedcolor>ButtonText</focusedcolor>
						<label>$INFO[ListItem.Label]</label>
					</control>
					<control type="label">
						<posx>790</posx>
						<width>100</width>
						<height>38</height>
						<textcolor>SettingsDetail</textcolor>
						<font>METF_ContextValue</font>
						<align>right</align>
						<aligny>center</aligny>
						<focusedcolor>ButtonText</focusedcolor>
						<label>$INFO[ListItem.Label2]</label>
					</control>
				</itemlayout>
				<focusedlayout height="38">
					<control type="image">
						<posx>10</posx>
						<posy>0</posy>
						<height>38</height>
						<width>905</width>
						<texture>ButtonFo.png</texture>
						<animation effect="fade" start="100" end="50" condition="Control.HasFocus(21)">Conditional</animation>
					</control>
					<control type="label">
						<posx>30</posx>
						<width>790</width>
						<height>38</height>
						<textcolor>ButtonText</textcolor>
						<font>METF_ContextValue</font>
						<align>left</align>
						<aligny>center</aligny>
						<focusedcolor>ButtonText</focusedcolor>
						<label>$INFO[ListItem.Label]</label>
					</control>
					<control type="label">
						<posx>790</posx>
						<width>100</width>
						<height>38</height>
						<textcolor>SettingsDetail</textcolor>
						<font>METF_ContextValue</font>
						<align>right</align>
						<aligny>center</aligny>
						<focusedcolor>ButtonText</focusedcolor>
						<label>$INFO[ListItem.Label2]</label>
					</control>
				</focusedlayout>
			</control>
		</control>
		<!-- Right Panel -->
		<control type="group">
			<include>Animation_FadedByMenu</include>
			<include>Animation_OpenCloseFade</include>
			<posy>-40</posy>
			<posx>980</posx>
			<control type="image">
					<posx>-20</posx>
					<posy>102</posy>
					<width>940</width>
					<height>750</height>
					<colordiffuse>BackgroundColor</colordiffuse> 
				<texture>frames/fondinfogris.png</texture>	
					<bordersize>8</bordersize>
					<bordertexture border="8">landscape.png</bordertexture>
				</control>
			<control type="image">
				<posx>10</posx>
				<posy>120</posy>
				<height>38</height>
				<width>890</width>
				<texture>ButtonFo.png</texture>
				<animation effect="fade" start="100" end="50" condition="Control.HasFocus(20)">Conditional</animation>
			</control>
			<control type="fadelabel" id="102">
				<posx>20</posx>
				<posy>120</posy>
				<width>880</width>
				<height>38</height>
				<font>METF_ContextValue</font>
				<textcolor>yellow</textcolor>
				<align>left</align>
				<aligny>center</aligny>
				<scroll>true</scroll>
			</control>
			<control type="list" id="21">
				<viewtype label="31752">list</viewtype>
				<posx>0</posx>
				<posy>174</posy>
				<width>900</width>
				<height>650</height>
				<scrolltime>0</scrolltime>
				<onleft>20</onleft>
				<onup>21</onup>
				<ondown>21</ondown>
				<itemlayout height="38">
					<control type="label">
						<posx>20</posx>
						<width>790</width>
						<height>38</height>
						<textcolor>SettingsDetail</textcolor>
						<font>METF_ContextValue</font>
						<align>left</align>
						<aligny>center</aligny>
						<focusedcolor>ButtonText</focusedcolor>
						<label>$INFO[ListItem.label]</label>
					</control>
					<control type="label">
						<posx>790</posx>
						<width>100</width>
						<height>38</height>
						<textcolor>SettingsDetail</textcolor>
						<font>METF_ContextValue</font>
						<align>right</align>
						<aligny>center</aligny>
						<focusedcolor>ButtonText</focusedcolor>
						<label>$INFO[ListItem.Label2]</label>
					</control>
				</itemlayout>
				<focusedlayout height="38">
					<control type="image">
						<posx>0</posx>
						<posy>0</posy>
						<height>38</height>
						<width>900</width>
						<texture>ButtonFo.png</texture>
						<animation effect="fade" start="100" end="50" condition="Control.HasFocus(20)">Conditional</animation>
					</control>
					<control type="label">
						<posx>20</posx>
						<width>790</width>
						<height>38</height>
						<textcolor>ButtonText</textcolor>
						<font>METF_ContextValue</font>
						<align>left</align>
						<aligny>center</aligny>
						<focusedcolor>ButtonText</focusedcolor>
						<label>$INFO[ListItem.label]</label>
					</control>
					<control type="label">
						<posx>790</posx>
						<width>100</width>
						<height>38</height>
						<textcolor>ButtonText</textcolor>
						<font>METF_ContextValue</font>
						<align>right</align>
						<aligny>center</aligny>
						<focusedcolor>ButtonText</focusedcolor>
						<label>$INFO[ListItem.Label2]</label>
					</control>
				</focusedlayout>
			</control>
		</control>
		<include>Global_ContextFilter</include>
		<!-- Heading -->
		<control type="group">
			<posx>30</posx>
			<posy>10</posy>
			<include>Animation_SlideDownFadeOut</include>
			<control type="label">
				<label>$LOCALIZE[7]</label>
				<include>Global_HeadingSectionVars</include>
			</control>
			<control type="label">
				<label>$INFO[listitem.filenameandpath]</label>
				<include>Global_HeadingDetailVars</include>
			</control>
		</control>
		<!--<include>Global_Weather</include>-->
		<!--<include>Global_Time</include>-->
		<include>Global_MediaOverlay</include>
		<include>AnimationVoletsHorizontaux</include>
		</control>
		<include condition="Skin.HasSetting(DebugGrid)">Object_DebugGrid</include>
	</controls>
</window>
