<?xml version="1.0" encoding="UTF-8"?>
<window>
	<defaultcontrol always="true">10</defaultcontrol>
	<controls>
		<control type="group">
			<include>Animation_OpenCloseFade</include>
			<visible>String.IsEmpty(Window.Property(additionalDialog))</visible>
			<!-- telex 
			<control type="label">
				<posx>30</posx>
				<posy>600</posy>
				<label>$INFO[Window.Property(background)]</label>
			</control>
			-->
			<control type="group">
				<posx>1400</posx>
				<posy>190</posy>
				<!-- Icon and Background backdrop -->
				<control type="image">
					<left>-30</left>
					<top>-130</top>
					<width>460</width>
					<height>500</height>
					<texture background="true" >list/listfocus.png</texture>
					<colordiffuse>BackgroundColor</colordiffuse>
				</control>
				<!-- Thumbnail (Home2 icon) -->
					<control type="image" id="901">
						<left>150</left>
						<top>-120</top>
						<width>120</width>
						<height>120</height>
						<texture background="true" fallback="DefaultShortcut.png">$INFO[Container(211).ListItem.Icon]</texture>
						<aspectratio>keep</aspectratio>
					</control>
					<!-- Thumbnail Label (Home2) -->
					<control type="label" id="904">
						<left>10</left>
						<top>0</top>
						<width>380</width>
						<height>30</height>
						<font>METF_SettingsDetail</font>
						<textcolor>white</textcolor>
						<align>center</align>
						<aligny>center</aligny>
						<label>$LOCALIZE[21371]</label>
						<visible>String.IsEqual(Window.Property(groupname),mainmenu)</visible>
					</control>
				
					<!-- Background -->
					<control type="multiimage" id="903">
						<left>0</left>
						<top>50</top>
						<width>400</width>
						<height>250</height>
						<timeperimage>15000</timeperimage>
						<randomize>true</randomize>
						<fadetime>500</fadetime>
						<imagepath background="true">$INFO[Window.Property(background)]</imagepath>
						<aspectratio>keep</aspectratio>
						<visible>![Control.HasFocus(1001)|Control.HasFocus(2001)|Control.HasFocus(1002)|Control.HasFocus(2002)|Control.HasFocus(1003)|Control.HasFocus(2003)]</visible>
					</control>
					<control type="image" id="777">
						<left>0</left>
						<top>50</top>
						<width>400</width>
						<height>250</height>
						<timeperimage>15000</timeperimage>
						<randomize>true</randomize>
						<fadetime>500</fadetime>
						<texture background="true">widgetthumb/widgetperm.jpg</texture>
						<aspectratio>keep</aspectratio>
						<visible>[[Control.HasFocus(1002)|Control.HasFocus(1003)]+!String.IsEmpty(Container(211).ListItem.Property(WidgetShow))+String.IsEmpty(Container(211).ListItem.Property(WidgetShowH))]|[[Control.HasFocus(2002)|Control.HasFocus(2003)]+!String.IsEmpty(Container(211).ListItem.Property(WidgetShow.2))+String.IsEmpty(Container(211).ListItem.Property(WidgetShowH.2))]</visible>
					</control>
					<control type="image" id="778">
						<left>0</left>
						<top>50</top>
						<width>400</width>
						<height>250</height>
						<timeperimage>15000</timeperimage>
						<randomize>true</randomize>
						<fadetime>500</fadetime>
						<texture background="true">widgetthumb/widgetpart.jpg</texture>
						<aspectratio>keep</aspectratio>
						<visible>[[Control.HasFocus(1002)|Control.HasFocus(1003)]+String.IsEmpty(Container(211).ListItem.Property(WidgetShow))+String.IsEmpty(Container(211).ListItem.Property(WidgetShowH))]|[[Control.HasFocus(2002)|Control.HasFocus(2003)]+String.IsEmpty(Container(211).ListItem.Property(WidgetShow.2))+String.IsEmpty(Container(211).ListItem.Property(WidgetShowH.2))]</visible>
					</control>
						<control type="image" id="779">
						<left>0</left>
						<top>50</top>
						<width>400</width>
						<height>250</height>
						<timeperimage>15000</timeperimage>
						<randomize>true</randomize>
						<fadetime>500</fadetime>
						<texture background="true">widgetthumb/widgethide.jpg</texture>
						<aspectratio>keep</aspectratio>
						<visible>[[Control.HasFocus(1002)|Control.HasFocus(1003)]+String.IsEmpty(Container(211).ListItem.Property(WidgetShow))+!String.IsEmpty(Container(211).ListItem.Property(WidgetShowH))]|[[Control.HasFocus(2002)|Control.HasFocus(2003)]+String.IsEmpty(Container(211).ListItem.Property(WidgetShow.2))+!String.IsEmpty(Container(211).ListItem.Property(WidgetShowH.2))]</visible>
					</control>
					
					<control type="image" id="780">
						<left>0</left>
						<top>50</top>
						<width>400</width>
						<height>250</height>
						<timeperimage>15000</timeperimage>
						<randomize>true</randomize>
						<fadetime>500</fadetime>
						<texture background="true">widgetthumb/WidgetPanel.jpg</texture>
						<aspectratio>keep</aspectratio>
						<visible>[Control.HasFocus(1001)+String.IsEqual(Container(211).ListItem.Property(widgetStyle),Panel)]|[Control.HasFocus(2001)+String.IsEqual(Container(211).ListItem.Property(widgetStyle.2),Panel)]</visible>
					</control>
					<control type="image" id="781">
						<left>0</left>
						<top>50</top>
						<width>400</width>
						<height>250</height>
						<timeperimage>15000</timeperimage>
						<randomize>true</randomize>
						<fadetime>500</fadetime>
						<texture background="true">widgetthumb/WidgetList.jpg</texture>
						<aspectratio>keep</aspectratio>
						<visible>[Control.HasFocus(1001)+String.IsEqual(Container(211).ListItem.Property(widgetStyle),List)]|[Control.HasFocus(2001)+String.IsEqual(Container(211).ListItem.Property(widgetStyle.2),List)]</visible>
					</control>
				<control type="image" id="782">
						<left>0</left>
						<top>50</top>
						<width>400</width>
						<height>250</height>
						<timeperimage>15000</timeperimage>
						<randomize>true</randomize>
						<fadetime>500</fadetime>
						<texture background="true">widgetthumb/playlist$INFO[Container(211).ListItem.Property(backgroundplayliststyle)].jpg</texture>
						<aspectratio>keep</aspectratio>
						<visible>Control.HasFocus(1008)</visible>
					</control>
					<!-- Thumbnail Label (Home2) -->
					<control type="label" id="904">
						<left>10</left>
						<top>320</top>
						<width>380</width>
						<height>30</height>
						<font>METF_SettingsDetail</font>
						<textcolor>white</textcolor>
						<align>center</align>
						<aligny>center</aligny>
						<label>$LOCALIZE[33068]</label>
						<visible>String.IsEqual(Window.Property(groupname),mainmenu)+ ![Control.HasFocus(1001)|Control.HasFocus(2001)|Control.HasFocus(1002)|Control.HasFocus(2002)|Control.HasFocus(1003)|Control.HasFocus(2003)]</visible>
					</control>
					<control type="label" >
						<left>10</left>
						<top>320</top>
						<width>380</width>
						<height>30</height>
						<font>METF_SettingsDetail</font>
						<textcolor>white</textcolor>
						<align>center</align>
						<aligny>center</aligny>
						<label>Widget display mode[CR][COLOR=yellow]Permanent[/COLOR]</label>
						<visible>Control.IsVisible(777)</visible>
					</control>
					<control type="label" >
						<left>10</left>
						<top>320</top>
						<width>380</width>
						<height>30</height>
						<font>METF_SettingsDetail</font>
						<textcolor>white</textcolor>
						<align>center</align>
						<aligny>center</aligny>
						<label>Widget display mode[CR][COLOR=yellow]Partial[/COLOR]</label>
						<visible>Control.IsVisible(778)</visible>
					</control>
					<control type="label" >
						<left>10</left>
						<top>320</top>
						<width>380</width>
						<height>60</height>
						<font>METF_SettingsDetail</font>
						<textcolor>white</textcolor>
						<align>center</align>
						<aligny>center</aligny>
						<label>Widget display mode[CR][COLOR=yellow]Hidden until focused[/COLOR]</label>
						<visible>Control.IsVisible(779)</visible>
					</control>
					<control type="label" >
						<left>10</left>
						<top>320</top>
						<width>380</width>
						<height>60</height>
						<font>METF_SettingsDetail</font>
						<textcolor>white</textcolor>
						<align>center</align>
						<aligny>center</aligny>
						<label>Widget Style[CR][COLOR=yellow]PANEL[/COLOR]</label>
						<visible>Control.IsVisible(780)</visible>
					</control>
					<control type="label" >
						<left>10</left>
						<top>320</top>
						<width>380</width>
						<height>60</height>
						<font>METF_SettingsDetail</font>
						<textcolor>white</textcolor>
						<align>center</align>
						<aligny>center</aligny>
						<label>Widget Style[CR][COLOR=yellow]LIST[/COLOR]</label>
						<visible>Control.IsVisible(781)</visible>
					</control>
					
			</control>
			
			<!-- Heading -->
			<control type="group">
				<animation type="Conditional" condition="Window.IsActive(extendedprogressdialog)">
					<effect type="fade" time="200" start="100" end="10" />
				</animation>
				<posx>30</posx>
				<posy>10</posy>
				<control type="label">
					<description>Settings</description>
					<label>$LOCALIZE[5]</label>
					<include>Global_HeadingSectionVars</include>
				</control>
				<control type="label" id="500">
					<description>header middle label</description>
					<include>Global_HeadingLevelVars</include>
				</control>
				
			</control>

			<control type="group">
				<!-- Move down -->
				<control type="button" id="304">
					<left>-10</left>
					<top>-10</top>
					<width>1</width>
					<height>1</height>
					<onleft>211</onleft>
					<onright>303</onright>
					<onup>noop</onup>
					<ondown>noop</ondown>
				</control>
				<!-- Move up -->
				<control type="button" id="303">
					<left>-10</left>
					<top>-10</top>
					<width>1</width>
					<height>1</height>
					<onleft>304</onleft>
					<onright>302</onright>
					<onup>noop</onup>
					<ondown>noop</ondown>
				</control>
				<!-- Remove -->
				<control type="button" id="302">
					<left>-10</left>
					<top>-10</top>
					<width>1</width>
					<height>1</height>
					<onleft>303</onleft>
					<onright>9000</onright>
					<onup>noop</onup>
					<ondown>noop</ondown>
				</control>

				<!-- Left list -->
				<control type="list" id="211">
					<left>0</left>
					<top>65</top>
					<width>370</width>
					<height>462</height>
					<onleft>9001</onleft>
					<onright>304</onright>
					<onup>211</onup>
					<ondown>9001</ondown>
					<scrolltime tween="sine" easing="out">240</scrolltime>
					<itemlayout width="375" height="38">
						<control type="label">
							<left>-75</left>
							<top>5</top>
							<width>350</width>
							<height>38</height>
							<font>METF_TitleTextMedium</font>
							<textcolor>white</textcolor>
							<align>right</align>
							<aligny>center</aligny>
							<label>$INFO[ListItem.Label]</label>
							<animation effect="fade" start="100" end="75" time="0" condition="!Control.HasFocus(211)">Conditional</animation>
						</control>
					</itemlayout>
					<focusedlayout width="375" height="38">
						<control type="image">
							<left>00</left>
							<top>5</top>
							<width>375</width>
							<height>38</height>
							<align>left</align>
							<aligny>center</aligny>
							<texture border="5">ButtonFo.png</texture>
						</control>
						<control type="image">
							<left>283</left>
							<top>8</top>
							<width>29</width>
							<height>29</height>
							<texture>osd/osd_button_channel_previous_fo.png</texture>
							<visible>!Control.HasFocus(304)</visible>
						</control>
						<control type="image">
							<left>311</left>
							<top>8</top>
							<width>29</width>
							<height>29</height>
							<texture>osd/osd_button_channel_next_fo.png</texture>
							<visible>!Control.HasFocus(303)</visible>
						</control>
						<control type="image">
							<left>339</left>
							<top>8</top>
							<width>29</width>
							<height>29</height>
							<texture>osd/osd_button_ban_fo.png</texture>
							<visible>!Control.HasFocus(302)</visible>
						</control>
						<control type="image">
							<left>283</left>
							<top>8</top>
							<width>29</width>
							<height>29</height>
							<texture>osd/osd_button_channel_previous_nf.png</texture>
							<include>Animation_ButtonFocus</include>
							<visible>Control.HasFocus(304)</visible>
						</control>
						<control type="image">
							<left>311</left>
							<top>8</top>
							<width>29</width>
							<height>29</height>
							<texture>osd/osd_button_channel_next_nf.png</texture>
							<include>Animation_ButtonFocus</include>
							<visible>Control.HasFocus(303)</visible>
						</control>
						<control type="image">
							<left>339</left>
							<top>8</top>
							<width>29</width>
							<height>29</height>
							<texture>osd/osd_button_ban_nf.png</texture>
							<include>Animation_ButtonFocus</include>
							<visible>Control.HasFocus(302)</visible>
						</control>
						<control type="label">
							<left>-75</left>
							<top>5</top>
							<width>350</width>
							<height>38</height>
							<font>METF_TitleTextMedium</font>
							<textcolor>white</textcolor>
							<align>right</align>
							<aligny>center</aligny>
							<label>$INFO[ListItem.Label]</label>
						</control>
					</focusedlayout>
				</control>

				
		

				<!-- Right grouplist -->
				<control type="grouplist" id="9000">
					<left>385</left>
					<top>70</top>
					<width>1100</width>
					<height>680</height>
					<itemgap>0</itemgap>
					<onleft>211</onleft>
					<onright>noop</onright>
					<onup>9001</onup>
					<ondown>9001</ondown>
						<orientation>vertical</orientation>
					<usecontrolcoords>true</usecontrolcoords>
					<scrolltime tween="sine" easing="out">240</scrolltime>
					<!-- Choose shortcut -->
					<control type="button" id="401">
						<include>shortcutstyle</include>
						<font>METF_SettingsDetail</font>
						<textcolor>white</textcolor>
						<align>left</align>
						<aligny>center</aligny>
						<label>$ADDON[script.skinshortcuts 32048]</label>
						<label2>[COLOR=yellow]$INFO[Container(211).ListItem.Property(path)][/COLOR]</label2>
					</control>
					<!-- Choose thumbnail (Home2 icon, submenu icon) -->
					<control type="button" id="311">
						<description>Choose thumbnail Button</description>
						<include>shortcutstyle</include>
						<font>METF_SettingsDetail</font>
						<textcolor>white</textcolor>
						<align>left</align>
						<aligny>top</aligny>
						<label>$ADDON[script.skinshortcuts 32026]</label>
						<label2>[COLOR=yellow]$INFO[Container(211).ListItem.Icon][/COLOR]</label2>
					</control>
								
					<control type="button" id="310"> <!--background-->
						<include>shortcutstyle</include>
						<font>METF_SettingsDetail</font>
						<textcolor>white</textcolor>
						<align>left</align>
						<aligny>top</aligny>
						<label>$ADDON[script.skinshortcuts 32045]</label>
						<label2>[COLOR=yellow]$VAR[HomeBackgroundSkinShortcuts][/COLOR]</label2>
						<onclick>SetProperty(shortcutDialog, background, Home)</onclick>
					</control>

					<control type="button" id="1008">
						<description>Change Background playlist style</description>
						<texturefocus border="5">ButtonFo.png</texturefocus>
						<texturenofocus border="5">ButtonNf.png</texturenofocus>
						<include>shortcutstyle</include>
						<font>METF_SettingsDetail</font>
						<textcolor>white</textcolor>
						<align>left</align>
						<aligny>center</aligny>
						<label>$LOCALIZE[31916]</label>
						<onclick>SetProperty(shortcutDialog, backgroundplayliststyle, Home)</onclick>
						<label2>[COLOR=yellow]$VAR[BackPlayListStyle][/COLOR]</label2>
						<visible>!String.IsEmpty(Container(211).ListItem.Property(backgroundPlaylist))|String.Contains(Container(211).ListItem.Property(background),WDF1)|String.Contains(Container(211).ListItem.Property(background),WDF2)|String.Contains(Container(211).ListItem.Property(background),WDF3)</visible>
					</control>
					
					
					
					
					
					<!-- Set label -->
					<control type="button" id="305">
						<left>0</left>
						<top>10</top>
						<include>shortcutstyle</include>
						<font>METF_SettingsDetail</font>
						<textcolor>white</textcolor>
						<align>left</align>
						<aligny>center</aligny>
						<label>$ADDON[script.skinshortcuts 32025]</label>
						<label2>[COLOR=yellow]$INFO[Container(211).ListItem.Label][/COLOR]</label2>
					</control>
					<!-- Custom action -->
					<control type="button" id="307">
						<include>shortcutstyle</include>
						<font>METF_SettingsDetail</font>
						<textcolor>white</textcolor>
						<align>left</align>
						<aligny>center</aligny>
						<label>$ADDON[script.skinshortcuts 32027]</label>
					<label2>[COLOR=yellow]$INFO[Container(211).ListItem.Property(displaypath)][/COLOR]</label2> 
					</control>
					<!-- Customize Submenu -->
					<control type="button" id="405">
						<include>shortcutstyle</include>
						
						<font>METF_SettingsDetail</font>
						<textcolor>white</textcolor>
						<align>left</align>
						<aligny>center</aligny>
						<label>$ADDON[script.skinshortcuts 32072]</label>
						<visible>String.IsEqual(Window.Property(groupname),mainmenu)</visible>
						
					</control>
					<control type="image" id="910">
						<height>8</height>
						<width>960</width>
						<texture border="2">settings_line.png</texture>
						<colordiffuse>SettingsLine</colordiffuse>
					</control>
					
					
					<!-- widget 1-->
					
					<control type="button" id="312">
						<description>Change widget</description>
						<texturefocus></texturefocus>
						<texturenofocus></texturenofocus>					
						<label></label>
						<label2></label2>
						<visible>false</visible>						
					</control>
					<control type="button" id="1313">
						<description>Change widget</description>
						<texturefocus></texturefocus>
						<texturenofocus></texturenofocus>					
						<label></label>
						<label2></label2>
						<visible>false</visible>	
						<onclick condition="!String.IsEqual(Container(211).ListItem.Property(widget),SystemInfo)+!String.IsEqual(Container(211).ListItem.Property(widget),WeatherForecast)">SendClick(1001)</onclick>					
					</control>
				
				
					<control type="button" id="1000">
						<description>Change widget 1</description>
						<texturefocus border="5">ButtonFo.png</texturefocus>
						<texturenofocus border="5">ButtonNf.png</texturenofocus>
						<include>shortcutstyle</include>
						<font>METF_SettingsDetail</font>
						<textcolor>white</textcolor>
						<align>left</align>
						<aligny>center</aligny>
						<label>$ADDON[script.skinshortcuts 32044] 1</label>
						<label2>[COLOR=yellow]$INFO[Container(211).ListItem.Property(widgetName)][/COLOR]</label2>
						<visible>String.IsEqual(Window.Property(groupname),mainmenu)</visible>		
										
						<onclick>SendClick(312)</onclick>	
						<onclick>SendClick(1001)</onclick>	
					</control>
					<control type="button" id="1001">
						<description>Change widget style 1</description>
						<texturefocus border="5">ButtonFo.png</texturefocus>
						<texturenofocus border="5">ButtonNf.png</texturenofocus>
						<include>shortcutstyle</include>
						<font>METF_SettingsDetail</font>
						<textcolor>white</textcolor>
						<align>left</align>
						<aligny>center</aligny>
						<label>Change widget style 1</label>
						<label2>[COLOR=yellow]$VAR[WidgetStyleLabelVar][/COLOR]</label2>
						<visible>!String.IsEqual(Container(211).ListItem.Property(widget),SystemInfo)+!String.IsEqual(Container(211).ListItem.Property(widget),WeatherForecast)+!String.IsEmpty(Container(211).ListItem.Property(widgetName))</visible>
					</control>
					<control type="button" id="1002">
						<description>Change widget sort 1</description>
						<texturefocus border="5">ButtonFo.png</texturefocus>
						<texturenofocus border="5">ButtonNf.png</texturenofocus>
						<include>shortcutstyle</include>
						<font>METF_SettingsDetail</font>
						<textcolor>white</textcolor>
						<align>left</align>
						<aligny>center</aligny>
						<label>$LOCALIZE[31739]</label>
					<!--	<label2>[COLOR=yellow]*$INFO[Container(211).ListItem.Property(widgetTarget)][/COLOR]</label2>-->
						<label2>[COLOR=yellow]$VAR[WidgetSortLabelVar][/COLOR]</label2>
						<visible>!String.IsEqual(Container(211).ListItem.Property(widget),SystemInfo)+!String.IsEqual(Container(211).ListItem.Property(widget),WeatherForecast)+!String.IsEmpty(Container(211).ListItem.Property(widgetName))</visible>
					</control>
					<control type="button" id="1005">
						<description>Change widget order 1</description>
						<texturefocus border="5">ButtonFo.png</texturefocus>
						<texturenofocus border="5">ButtonNf.png</texturenofocus>
						<include>shortcutstyle</include>
						<font>METF_SettingsDetail</font>
						<textcolor>white</textcolor>
						<align>left</align>
						<aligny>center</aligny>
						<label>$LOCALIZE[581]</label>
						<label2>[COLOR=yellow]$VAR[WidgetSortOrderLabelVar][/COLOR]</label2>
						<visible>!String.IsEqual(Container(211).ListItem.Property(widget),SystemInfo)+!String.IsEqual(Container(211).ListItem.Property(widget),WeatherForecast)+!String.IsEmpty(Container(211).ListItem.Property(widgetName))</visible>
					</control>	
					
					<control type="radiobutton" id="1003">
						<include>shortcutstyle</include>
						<include>SettingsLabel</include>
						<label>Permanent</label>						
						<selected>!String.IsEmpty(Container(211).ListItem.Property(WidgetShow))</selected>
						<onclick condition="!String.IsEmpty(Container(211).ListItem.Property(WidgetShowH))">SendClick(1004)</onclick>
				<!--		<visible>String.IsEmpty(Container(211).ListItem.Property(WidgetShowH))+!Skin.HasSetting(ShowFullWidgets)+!Skin.HasSetting(HideUnfocusedWidgets)+!String.IsEqual(Container(211).ListItem.Property(widget),SystemInfo)+!String.IsEqual(Container(211).ListItem.Property(widget),WeatherForecast)+!String.IsEmpty(Container(211).ListItem.Property(widgetName))</visible>-->
						<visible>String.IsEmpty(Container(211).ListItem.Property(WidgetShowH))+!Skin.HasSetting(ShowFullWidgets)+!Skin.HasSetting(HideUnfocusedWidgets)+!String.IsEmpty(Container(211).ListItem.Property(widgetName))</visible>

					</control>
					<control type="radiobutton" id="1004">
						<include>shortcutstyle</include>
						<include>SettingsLabel</include>
						<label>$LOCALIZE[31787]</label>						
						<selected>!String.IsEmpty(Container(211).ListItem.Property(WidgetShowH))</selected>
						<onclick condition="!String.IsEmpty(Container(211).ListItem.Property(WidgetShow))">SendClick(1003)</onclick>
					<!--	<visible>String.IsEmpty(Container(211).ListItem.Property(WidgetShow))+!Skin.HasSetting(ShowFullWidgets)+!Skin.HasSetting(HideUnfocusedWidgets)+!String.IsEqual(Container(211).ListItem.Property(widget),SystemInfo)+!String.IsEqual(Container(211).ListItem.Property(widget),WeatherForecast)+!String.IsEmpty(Container(211).ListItem.Property(widgetName))</visible>-->
					<visible>String.IsEmpty(Container(211).ListItem.Property(WidgetShow))+!Skin.HasSetting(ShowFullWidgets)+!Skin.HasSetting(HideUnfocusedWidgets)+!String.IsEmpty(Container(211).ListItem.Property(widgetName))</visible>

					</control>
					
				
				<!-- widget 2 -->
					<!-- widget 2 -->
					<control type="image" id="800">
						<height>8</height>
						<width>960</width>
						<texture border="2">settings_line.png</texture>
						<colordiffuse>SettingsLine</colordiffuse>
					</control>
				<control type="button" id="801">
					<description>Change widget 2</description>
					<texturefocus border="5">ButtonFo.png</texturefocus>
						<texturenofocus border="5">ButtonNf.png</texturenofocus>
					<left>0</left>
					<top>0</top>
					<width>960</width>
					<height>36</height>
					<font>METF_SettingsDetail</font>
					<textcolor>white</textcolor>
					<align>left</align>
					<aligny>center</aligny>
					<label>$ADDON[script.skinshortcuts 32044] 2</label>
					<label2>[COLOR=yellow]$INFO[Container(211).ListItem.Property(widgetName.2)][/COLOR]</label2>					
					<onclick>SetProperty(widgetID,2)</onclick>					
					<onclick>SendClick(2001)</onclick>
						<onclick>SendClick(312)</onclick>		
						
													
					<visible>String.IsEqual(Window.Property(groupname),mainmenu)</visible>
					
				</control>
				<control type="button" id="2001">
						<description>Change widget style 2</description>
						<texturefocus border="5">ButtonFo.png</texturefocus>
						<texturenofocus border="5">ButtonNf.png</texturenofocus>
						<include>shortcutstyle</include>
						<font>METF_SettingsDetail</font>
						<textcolor>white</textcolor>
						<align>left</align>
						<aligny>center</aligny>
						<label>Change widget style 2</label>
						<label2>[COLOR=yellow]$VAR[WidgetStyle2LabelVar][/COLOR]</label2>
						<visible>!String.IsEqual(Container(211).ListItem.Property(widget.2),SystemInfo)+!String.IsEqual(Container(211).ListItem.Property(widget.2),WeatherForecast)+!String.IsEmpty(Container(211).ListItem.Property(widgetName.2))</visible>
					</control>		
					<control type="button" id="2002">
						<description>Change widget sort 2</description>
						<texturefocus border="5">ButtonFo.png</texturefocus>
						<texturenofocus border="5">ButtonNf.png</texturenofocus>
						<include>shortcutstyle</include>
						<font>METF_SettingsDetail</font>
						<textcolor>white</textcolor>
						<align>left</align>
						<aligny>center</aligny>
						<label>$LOCALIZE[31739]</label>
						<label2>[COLOR=yellow]$VAR[WidgetSort2LabelVar][/COLOR]</label2>
						<visible>!String.IsEqual(Container(211).ListItem.Property(widget.2),SystemInfo)+!String.IsEqual(Container(211).ListItem.Property(widget.2),WeatherForecast)+!String.IsEmpty(Container(211).ListItem.Property(widgetName.2))</visible>
					</control>		
					<control type="button" id="2005">
						<description>Change widget order 2</description>
						<texturefocus border="5">ButtonFo.png</texturefocus>
						<texturenofocus border="5">ButtonNf.png</texturenofocus>
						<include>shortcutstyle</include>
						<font>METF_SettingsDetail</font>
						<textcolor>white</textcolor>
						<align>left</align>
						<aligny>center</aligny>
						<label>$LOCALIZE[581]</label>
						<label2>[COLOR=yellow]$VAR[WidgetSortOrder2LabelVar][/COLOR]</label2>
						<visible>!String.IsEqual(Container(211).ListItem.Property(widget.2),SystemInfo)+!String.IsEqual(Container(211).ListItem.Property(widget.2),WeatherForecast)+!String.IsEmpty(Container(211).ListItem.Property(widgetName.2))</visible>
					</control>	
						
					<control type="radiobutton" id="2003">
						<include>shortcutstyle</include>
						<include>SettingsLabel</include>
						<label>Permanent</label>						
						<selected>!String.IsEmpty(Container(211).ListItem.Property(WidgetShow.2))</selected>
						<onclick condition="!String.IsEmpty(Container(211).ListItem.Property(WidgetShowH.2))">SendClick(2004)</onclick>
					<!--	<visible>String.IsEmpty(Container(211).ListItem.Property(WidgetShowH.2))+!Skin.HasSetting(ShowFullWidgets)+!Skin.HasSetting(HideUnfocusedWidgets)+!String.IsEqual(Container(211).ListItem.Property(widget.2),SystemInfo)+!String.IsEqual(Container(211).ListItem.Property(widget.2),WeatherForecast)+!String.IsEmpty(Container(211).ListItem.Property(widgetName.2))</visible>-->
					<visible>String.IsEmpty(Container(211).ListItem.Property(WidgetShowH.2))+!Skin.HasSetting(ShowFullWidgets)+!Skin.HasSetting(HideUnfocusedWidgets)+!String.IsEmpty(Container(211).ListItem.Property(widgetName.2))</visible>

					</control>
					<control type="radiobutton" id="2004">
						<include>shortcutstyle</include>
						<include>SettingsLabel</include>
						<label>$LOCALIZE[31787]</label>						
						<selected>!String.IsEmpty(Container(211).ListItem.Property(WidgetShowH.2))</selected>
						<onclick condition="!String.IsEmpty(Container(211).ListItem.Property(WidgetShow.2))">SendClick(2003)</onclick>
						<!--<visible>String.IsEmpty(Container(211).ListItem.Property(WidgetShow.2))+!Skin.HasSetting(ShowFullWidgets)+!Skin.HasSetting(HideUnfocusedWidgets)+!String.IsEqual(Container(211).ListItem.Property(widget.2),SystemInfo)+!String.IsEqual(Container(211).ListItem.Property(widget.2),WeatherForecast)+!String.IsEmpty(Container(211).ListItem.Property(widgetName.2))</visible>-->
						<visible>String.IsEmpty(Container(211).ListItem.Property(WidgetShow.2))+!Skin.HasSetting(ShowFullWidgets)+!Skin.HasSetting(HideUnfocusedWidgets)+!String.IsEmpty(Container(211).ListItem.Property(widgetName.2))</visible>

					</control>
					
				</control>

				<!-- Button grouplist -->
				<control type="image" id="910">
						<posx>0</posx>
						<posy>760</posy>
						<height>8</height>
						<width>1920</width>
						<texture border="2">settings_line.png</texture>
						<colordiffuse>SettingsLine</colordiffuse>
					</control>
				<control type="grouplist" id="9001">
					<left>200</left>
					<top>770</top>
					<width>1500</width>
					<height>38</height>
					<itemgap>50</itemgap>
					<onleft>211</onleft>
					<onright>noop</onright>
					<onup>2004</onup>
					<ondown>401</ondown>
					<orientation>horizontal</orientation>
					<!-- Add item -->
					<control type="button" id="301">
						<width>240</width>
						<height>38</height>
						<align>center</align>
						<font>METF_TitleTextMedium</font>
						<textcolor>white</textcolor>
						<focusedcolor>yellow</focusedcolor>
						<texturefocus border="5">ButtonFo.png</texturefocus>
						<texturenofocus border="5">ButtonNf.png</texturenofocus>
						<label>$ADDON[script.skinshortcuts 32000]</label>
					</control>
					<!-- OK Button -->
					<control type="button" id="10">
						<width>240</width>
						<height>38</height>
						<label>$LOCALIZE[186]</label>
						<align>center</align>
						<font>METF_TitleTextMedium</font>
						<textcolor>white</textcolor>
						<focusedcolor>yellow</focusedcolor>
						<texturefocus border="5">ButtonFo.png</texturefocus>
						<texturenofocus border="5">ButtonNf.png</texturenofocus>
						<onclick>Close</onclick>
					</control>
					<!-- Reset -->
					<control type="button" id="308">
						<width>600</width>
						<height>38</height>
						<align>center</align>
						<font>METF_TitleTextMedium</font>
						<textcolor>white</textcolor>
						<focusedcolor>yellow</focusedcolor>
						<texturefocus border="5">ButtonFo.png</texturefocus>
						<texturenofocus border="5">ButtonNf.png</texturenofocus>
						<label>$ADDON[script.skinshortcuts 32028]</label>
					</control>
				</control>

				<!-- Help text for each button -->
				<include>Global_AddonInfo</include>

			<!--	<include>Global_ContextFilter</include>
				<include>Global_Weather</include>-->
				<!--<include>Global_Time</include>-->
				<include condition="Skin.String(DebugGrid)">Object_DebugGrid</include>
			</control>
		</control>
	</controls>
</window>
