<?xml version="1.0" encoding="UTF-8"?>
<includes>
	<include name="Viewtype_Poster_VeryLarge_Wrap">
		<control type="group">
			<visible>Control.IsVisible(556)</visible>
			<!-- Browser -->
			<control type="wraplist" id="556">
				<viewtype label="31830">bigwrap</viewtype>
				<onleft>556</onleft>
				<onright>556</onright>
				<focusposition>2</focusposition>
				<include>PosterVeryLargeViewCommon_Browser</include>
			</control>
			<include>ScrollBar_Horizontal</include>
		</control>
	</include>
</includes>
