<?xml version="1.0" encoding="UTF-8" standalone="yes"?>
	<addon id="repository" name="iconmix Repository" version="1.0.0" provider-name="TELEXXINGOU">
		<requires>
			<import addon="xbmc.addon" version="12.0.0"/>
		</requires>
		<extension point="xbmc.addon.repository" name="iconmix repositery">
			
		
				<info compressed="true">https://raw.githubusercontent.com/iconmix/repository/master/addons.xml</info>
				<checksum>https://raw.githubusercontent.com/iconmix/repository/master/addons.xml.md5</checksum>
				<datadir zip="true">https://raw.githubusercontent.com/iconmix/repository/master</datadir>
				<hashes>false</hashes>
			
		</extension>
		<extension point="xbmc.addon.metadata">
			<summary>Repository for iconmix</summary>
			<description>Main Repository for iconmix</description>
			<platform>all</platform>
		</extension>
	</addon>
