<?xml version="1.0" encoding="UTF-8"?>
<includes>
	<include name="Viewtype_Poster_VeryLarge_Fixed">
		<control type="group">
			<visible>Control.IsVisible(555)</visible>
			<!-- Browser -->
			<control type="fixedlist" id="555">
				<viewtype label="31829">bigwrap</viewtype>
				<onleft>555</onleft>
				<onright>555</onright>
				<focusposition>2</focusposition>
				<include>PosterVeryLargeViewCommon_Browser</include>
			</control>
			<include>ScrollBar_Horizontal</include>
		</control>
	</include>
</includes>
