<?xml version="1.0" encoding="UTF-8"?>
<window>
	<coordinates>		
		<posx>0</posx>
		<posy>0</posy>
	</coordinates>
	<animation type="WindowOpen" reversible="false">
		<effect type="zoom" start="80" end="100" center="640,360" easing="out" tween="back" time="300" />
		<effect type="fade" start="0" end="100" time="300" />
	</animation>
	<animation type="WindowClose" reversible="false">
		<effect type="zoom" start="100" end="80" center="640,360" easing="in" tween="back" time="300" />
		<effect type="fade" start="100" end="0" time="300" />
	</animation>
	<controls>
		<control type="group" id="100">
			<control type="image">
				<posx>0</posx>
				<posy>0</posy>
				<width>1920</width>
				<height>1080</height>
				<texture background="true" fallback="black.png">$VAR[GlobalSearchFanart]</texture>
				<aspectratio>scale</aspectratio>
				<fadetime>400</fadetime>
				<animation effect="fade" time="400">Visible</animation>
				<animation effect="fade" time="400">Hidden</animation>
			</control>
			<control type="image">
				<posx>0</posx>
				<posy>0</posy>
				<width>1920</width>
				<height>1080</height>
				<texture>black.png</texture>
				<aspectratio>scale</aspectratio>
				<fadetime>400</fadetime>
				<animation effect="fade" time="400">Visible</animation>
				<animation effect="fade" time="400">Hidden</animation>
				<visible>!ControlGroup(101).HasFocus</visible>
			</control>
			<include>Global_Background</include>
			
			<control type="label" id="190">
				<posx>640</posx>
				<posy>10</posy>
				<width>400</width>
				<height>30</height>
				<label>-</label>
				<font>METF_Heading</font>
				<textcolor>GlobalHeading</textcolor>
				<align>right</align>
				<aligny>center</aligny>				
			</control>
			<control type="label" id="191">
				<posx>640</posx>
				<posy>10</posy>
				<width>400</width>
				<height>30</height>
				<label>-</label>
				<font>METF_Heading</font>
				<textcolor>GlobalHeading</textcolor>
				<align>left</align>
				<aligny>center</aligny>
			</control>			
			<control type="label" id="199">
				<posx>0</posx>
				<posy>10</posy>
				<width>1920</width>
				<height>30</height>
				<label>[B]$LOCALIZE[284][/B]</label>
				<font>METF_Heading</font>
				<textcolor>GlobalHeading</textcolor>
				<align>center</align>
				<aligny>center</aligny>
			</control>
			
			<control type="grouplist" id="101">
				<posx>30</posx>
				<posy>56</posy>
				<width>1220</width>
				<height>465</height>
				<orientation>vertical</orientation>
				<itemgap>0</itemgap>
<!-- Return Movies -->				
				<control type="group" id="119">
					<posx>0</posx>
					<posy>0</posy>
					<width>1200</width>
					<height>155</height>
					<control type="grouplist">
						<posx>10</posx>
						<posy>0</posy>
						<width>1200</width>
						<height>25</height>
						<orientation>horizontal</orientation>
						<control type="label">
							<width min="10" max="700">auto</width>
							<height>25</height>
							<label>[B]$LOCALIZE[342]: [/B]</label>
							<font>METF_PlotTextSmall</font>
							<textcolor>white</textcolor>
						</control>
						<control type="label" id="110">
							<width min="10" max="280">auto</width>
							<height>25</height>
							<label>-</label>
							<font>METF_PlotTextSmall</font>
							<textcolor>white</textcolor>
						</control>
					</control>
					<control type="image">
						<posx>0</posx>
						<posy>22</posy>
						<width>1220</width>
						<height>118</height>
						<texture border="2">list/listfocus.png</texture>
						<colordiffuse>2FFFFFFF</colordiffuse>
					</control>
					<control type="image">
						<posx>0</posx>
						<posy>22</posy>
						<width>1220</width>
						<height>118</height>
						<texture border="2">ButtonFo.png</texture>
						<colordiffuse>8FFFFFFF</colordiffuse>
						<visible>Control.HasFocus(111)</visible>
					</control>
					<control type="list" id="111">
						<posx>10</posx>
						<posy>25</posy>
						<width>1200</width>
						<height>110</height>
						<onleft>111</onleft>
						<onright>111</onright>
						<onup>198</onup>
						<ondown>219</ondown>
						<orientation>horizontal</orientation>
						<viewtype label="535">list</viewtype>
						<preloaditems>2</preloaditems>
						<itemlayout width="400" height="110">
							<control type="image">
								<posx>4</posx>
								<posy>7</posy>
								<width>100</width>
								<height>100</height>
								<texture background="true">$INFO[ListItem.Icon]</texture>
								<bordertexture>black.png</bordertexture>
								<bordersize>1</bordersize>
							</control>
							<control type="image">
								<posx>70</posx>
								<posy>70</posy>
								<width>30</width>
								<height>30</height>
								<texture>OverlayWatched.png</texture>
								<colordiffuse>WatchedOverlay</colordiffuse>
								<visible>IntegerGreaterThan(ListItem.Property(PlayCount),0)</visible>
							</control>
							<control type="label">
								<posx>110</posx>
								<posy>10</posy>
								<width>280</width>
								<height>12</height>
								<label>[B]$INFO[ListItem.Label][/B]</label>
								<font>METF_PlotTextSmall</font>
								<textcolor>white</textcolor>
								<aligny>center</aligny>
							</control>
							<control type="label">
								<posx>110</posx>
								<posy>28</posy>
								<width>280</width>
								<height>12</height>
								<label>$INFO[ListItem.Property(Year),, - ]$INFO[ListItem.Property(Duration),, $LOCALIZE[12391]]</label>
								<font>METF_PlotTextSmall</font>
								<textcolor>TextFO</textcolor>
								<aligny>center</aligny>
								<visible>!SubString(ListItem.Property(Duration),min)</visible>
							</control>
							<control type="label">
								<posx>110</posx>
								<posy>28</posy>
								<width>280</width>
								<height>12</height>
								<label>$INFO[ListItem.Property(Year),, - ]$INFO[ListItem.Property(Duration)]</label>
								<font>METF_PlotTextSmall</font>
								<textcolor>TextFO</textcolor>
								<aligny>center</aligny>
								<visible>SubString(ListItem.Property(Duration),min)</visible>
							</control>
							<control type="textbox">
								<posx>110</posx>
								<posy>42</posy>
								<width>280</width>
								<height>64</height>
								<label>$INFO[ListItem.Property(Tagline)]</label>
								<font>METF_DialogSmall</font>
								<textcolor>white</textcolor>
							</control>
							<control type="textbox">
								<posx>110</posx>
								<posy>42</posy>
								<width>280</width>
								<height>64</height>
								<label>$INFO[ListItem.Property(PlotOutline)]</label>
								<font>METF_DialogSmall</font>
								<textcolor>white</textcolor>
								<visible>IsEmpty(ListItem.Property(TagLine))</visible>
							</control>
							<control type="textbox">
								<posx>110</posx>
								<posy>42</posy>
								<width>280</width>
								<height>64</height>
								<label>$INFO[ListItem.Property(Plot)]</label>
								<font>METF_DialogSmall</font>
								<textcolor>white</textcolor>
								<visible>IsEmpty(ListItem.Property(TagLine)) + IsEmpty(ListItem.Property(PlotOutline))</visible>
							</control>
						</itemlayout>
						<focusedlayout width="400" height="110">
							<control type="image">
								<posx>0</posx>
								<posy>-5</posy>
								<width>400</width>
								<height>120</height>
								<texture>SearchButton.png</texture>
								<aspectratio>stretch</aspectratio>
								<visible>Control.HasFocus(111)</visible>
							</control>
							<control type="image">
								<posx>4</posx>
								<posy>7</posy>
								<width>100</width>
								<height>100</height>
								<texture background="true">$INFO[ListItem.Icon]</texture>
								<bordertexture>black.png</bordertexture>
								<bordersize>1</bordersize>
							</control>
							<control type="image">
								<posx>70</posx>
								<posy>70</posy>
								<width>30</width>
								<height>30</height>
								<texture>OverlayWatched.png</texture>
								<colordiffuse>WatchedOverlay</colordiffuse>
								<visible>IntegerGreaterThan(ListItem.Property(PlayCount),0)</visible>
							</control>
							<control type="label">
								<posx>110</posx>
								<posy>10</posy>
								<width>280</width>
								<height>12</height>
								<label>[B]$INFO[ListItem.Label][/B]</label>
								<font>METF_PlotTextSmall</font>
								<textcolor>white</textcolor>
								<aligny>center</aligny>
							</control>
							<control type="label">
								<posx>110</posx>
								<posy>28</posy>
								<width>280</width>
								<height>12</height>
								<label>$INFO[ListItem.Property(Year),, - ]$INFO[ListItem.Property(Duration),, $LOCALIZE[12391]]</label>
								<font>METF_PlotTextSmall</font>
								<textcolor>TextFO</textcolor>
								<aligny>center</aligny>
								<visible>!SubString(ListItem.Property(Duration),min)</visible>
							</control>
							<control type="label">
								<posx>110</posx>
								<posy>28</posy>
								<width>280</width>
								<height>12</height>
								<label>$INFO[ListItem.Property(Year),, - ]$INFO[ListItem.Property(Duration)]</label>
								<font>METF_PlotTextSmall</font>
								<textcolor>TextFO</textcolor>
								<aligny>center</aligny>
								<visible>SubString(ListItem.Property(Duration),min)</visible>
							</control>
							<control type="textbox">
								<posx>110</posx>
								<posy>42</posy>
								<width>280</width>
								<height>64</height>
								<label>$INFO[ListItem.Property(Tagline)]</label>
								<font>METF_DialogSmall</font>
								<textcolor>white</textcolor>
								<autoscroll delay="3000" time="2000" repeat="10000">Control.HasFocus(111)</autoscroll>
							</control>
							<control type="textbox">
								<posx>110</posx>
								<posy>42</posy>
								<width>280</width>
								<height>64</height>
								<label>$INFO[ListItem.Property(PlotOutline)]</label>
								<font>METF_DialogSmall</font>
								<textcolor>white</textcolor>
								<visible>IsEmpty(ListItem.Property(TagLine))</visible>
								<autoscroll delay="3000" time="2000" repeat="10000">Control.HasFocus(111)</autoscroll>
							</control>
							<control type="textbox">
								<posx>110</posx>
								<posy>42</posy>
								<width>280</width>
								<height>64</height>
								<label>$INFO[ListItem.Property(Plot)]</label>
								<font>METF_DialogSmall</font>
								<textcolor>white</textcolor>
								<visible>IsEmpty(ListItem.Property(TagLine)) + IsEmpty(ListItem.Property(PlotOutline))</visible>
								<autoscroll delay="3000" time="2000" repeat="10000">Control.HasFocus(111)</autoscroll>
							</control>
						</focusedlayout>
					</control>
				</control>
<!-- Return Actors -->
				<control type="group" id="219">
					<posx>0</posx>
					<posy>0</posy>
					<width>1200</width>
					<height>155</height>
					<control type="grouplist">
						<posx>10</posx>
						<posy>0</posy>
						<width>1200</width>
						<height>25</height>
						<orientation>horizontal</orientation>
						<control type="label">
							<width min="10" max="700">auto</width>
							<height>25</height>
							<label>[B]$LOCALIZE[344]: [/B]</label>
							<font>METF_PlotTextSmall</font>
							<textcolor>white</textcolor>
						</control>
						<control type="label" id="210">
							<width min="10" max="280">auto</width>
							<height>25</height>
							<label>-</label>
							<font>METF_PlotTextSmall</font>
							<textcolor>white</textcolor>
						</control>
					</control>
					<control type="image">
						<posx>0</posx>
						<posy>22</posy>
						<width>1220</width>
						<height>118</height>
						<texture border="2">list/listfocus.png</texture>
						<colordiffuse>2FFFFFFF</colordiffuse>
					</control>
					<control type="image">
						<posx>0</posx>
						<posy>22</posy>
						<width>1220</width>
						<height>118</height>
						<texture border="2">ButtonFo.png</texture>
						<colordiffuse>8FFFFFFF</colordiffuse>
						<visible>Control.HasFocus(211)</visible>
					</control>
					<control type="list" id="211">
						<posx>10</posx>
						<posy>25</posy>
						<width>1200</width>
						<height>110</height>
						<onleft>111</onleft>
						<onright>111</onright>
						<onup>198</onup>
						<ondown>121</ondown>
						<orientation>horizontal</orientation>
						<viewtype label="535">list</viewtype>
						<preloaditems>2</preloaditems>
						<itemlayout width="400" height="110">
							<control type="image">
								<posx>4</posx>
								<posy>7</posy>
								<width>100</width>
								<height>100</height>
								<texture background="true">$INFO[ListItem.Icon]</texture>
								<bordertexture>black.png</bordertexture>
								<bordersize>1</bordersize>
							</control>
							<control type="image">
								<posx>70</posx>
								<posy>70</posy>
								<width>30</width>
								<height>30</height>
								<texture>OverlayWatched.png</texture>
								<colordiffuse>WatchedOverlay</colordiffuse>
								<visible>IntegerGreaterThan(ListItem.Property(PlayCount),0)</visible>
							</control>
							<control type="label">
								<posx>110</posx>
								<posy>10</posy>
								<width>280</width>
								<height>12</height>
								<label>[B]$INFO[ListItem.Label][/B]</label>
								<font>METF_PlotTextSmall</font>
								<textcolor>white</textcolor>
								<aligny>center</aligny>
							</control>
							<control type="label">
								<posx>110</posx>
								<posy>28</posy>
								<width>280</width>
								<height>12</height>
								<label>$INFO[ListItem.Property(Year),, - ]$INFO[ListItem.Property(Duration),, $LOCALIZE[12391]]</label>
								<font>METF_PlotTextSmall</font>
								<textcolor>TextFO</textcolor>
								<aligny>center</aligny>
								<visible>!SubString(ListItem.Property(Duration),min)</visible>
							</control>
							<control type="label">
								<posx>110</posx>
								<posy>28</posy>
								<width>280</width>
								<height>12</height>
								<label>$INFO[ListItem.Property(Year),, - ]$INFO[ListItem.Property(Duration)]</label>
								<font>METF_PlotTextSmall</font>
								<textcolor>TextFO</textcolor>
								<aligny>center</aligny>
								<visible>SubString(ListItem.Property(Duration),min)</visible>
							</control>
							<control type="textbox">
								<posx>110</posx>
								<posy>42</posy>
								<width>280</width>
								<height>64</height>
								<label>$INFO[ListItem.Property(Tagline)]</label>
								<font>METF_DialogSmall</font>
								<textcolor>white</textcolor>
							</control>
							<control type="textbox">
								<posx>110</posx>
								<posy>42</posy>
								<width>280</width>
								<height>64</height>
								<label>$INFO[ListItem.Property(PlotOutline)]</label>
								<font>METF_DialogSmall</font>
								<textcolor>white</textcolor>
								<visible>IsEmpty(ListItem.Property(TagLine))</visible>
							</control>
							<control type="textbox">
								<posx>110</posx>
								<posy>42</posy>
								<width>280</width>
								<height>64</height>
								<label>$INFO[ListItem.Property(Plot)]</label>
								<font>METF_DialogSmall</font>
								<textcolor>white</textcolor>
								<visible>IsEmpty(ListItem.Property(TagLine)) + IsEmpty(ListItem.Property(PlotOutline))</visible>
							</control>
						</itemlayout>
						<focusedlayout width="400" height="110">
							<control type="image">
								<posx>0</posx>
								<posy>-5</posy>
								<width>400</width>
								<height>120</height>
								<texture>SearchButton.png</texture>
								<aspectratio>stretch</aspectratio>
								<visible>Control.HasFocus(211)</visible>
							</control>
							<control type="image">
								<posx>4</posx>
								<posy>7</posy>
								<width>100</width>
								<height>100</height>
								<texture background="true">$INFO[ListItem.Icon]</texture>
								<bordertexture>black.png</bordertexture>
								<bordersize>1</bordersize>
							</control>
							<control type="image">
								<posx>70</posx>
								<posy>70</posy>
								<width>30</width>
								<height>30</height>
								<texture>OverlayWatched.png</texture>
								<colordiffuse>WatchedOverlay</colordiffuse>
								<visible>IntegerGreaterThan(ListItem.Property(PlayCount),0)</visible>
							</control>
							<control type="label">
								<posx>110</posx>
								<posy>10</posy>
								<width>280</width>
								<height>12</height>
								<label>[B]$INFO[ListItem.Label][/B]</label>
								<font>METF_PlotTextSmall</font>
								<textcolor>white</textcolor>
								<aligny>center</aligny>
							</control>
							<control type="label">
								<posx>110</posx>
								<posy>28</posy>
								<width>280</width>
								<height>12</height>
								<label>$INFO[ListItem.Property(Year),, - ]$INFO[ListItem.Property(Duration),, $LOCALIZE[12391]]</label>
								<font>METF_PlotTextSmall</font>
								<textcolor>TextFO</textcolor>
								<aligny>center</aligny>
								<visible>!SubString(ListItem.Property(Duration),min)</visible>
							</control>
							<control type="label">
								<posx>110</posx>
								<posy>28</posy>
								<width>280</width>
								<height>12</height>
								<label>$INFO[ListItem.Property(Year),, - ]$INFO[ListItem.Property(Duration)]</label>
								<font>METF_PlotTextSmall</font>
								<textcolor>TextFO</textcolor>
								<aligny>center</aligny>
								<visible>SubString(ListItem.Property(Duration),min)</visible>
							</control>
							<control type="textbox">
								<posx>110</posx>
								<posy>42</posy>
								<width>280</width>
								<height>64</height>
								<label>$INFO[ListItem.Property(Tagline)]</label>
								<font>METF_DialogSmall</font>
								<textcolor>white</textcolor>
								<autoscroll delay="3000" time="2000" repeat="10000">Control.HasFocus(211)</autoscroll>
							</control>
							<control type="textbox">
								<posx>110</posx>
								<posy>42</posy>
								<width>280</width>
								<height>64</height>
								<label>$INFO[ListItem.Property(PlotOutline)]</label>
								<font>METF_DialogSmall</font>
								<textcolor>white</textcolor>
								<visible>IsEmpty(ListItem.Property(TagLine))</visible>
								<autoscroll delay="3000" time="2000" repeat="10000">Control.HasFocus(211)</autoscroll>
							</control>
							<control type="textbox">
								<posx>110</posx>
								<posy>42</posy>
								<width>280</width>
								<height>64</height>
								<label>$INFO[ListItem.Property(Plot)]</label>
								<font>METF_DialogSmall</font>
								<textcolor>white</textcolor>
								<visible>IsEmpty(ListItem.Property(TagLine)) + IsEmpty(ListItem.Property(PlotOutline))</visible>
								<autoscroll delay="3000" time="2000" repeat="10000">Control.HasFocus(211)</autoscroll>
							</control>
						</focusedlayout>
					</control>
				</control>
<!-- Return TV Shows -->
				<control type="group" id="129">
					<posx>0</posx>
					<posy>0</posy>
					<width>1200</width>
					<height>155</height>
					<control type="grouplist">
						<posx>10</posx>
						<posy>0</posy>
						<width>1200</width>
						<height>25</height>
						<orientation>horizontal</orientation>
						<control type="label">
							<width min="10" max="700">auto</width>
							<height>25</height>
							<label>[B]$LOCALIZE[20343]: [/B]</label>
							<font>METF_PlotTextSmall</font>
							<textcolor>white</textcolor>
						</control>
						<control type="label" id="120">
							<width min="10" max="280">auto</width>
							<height>25</height>
							<label>-</label>
							<font>METF_PlotTextSmall</font>
							<textcolor>white</textcolor>
						</control>
					</control>
					<control type="image">
						<posx>0</posx>
						<posy>22</posy>
						<width>1220</width>
						<height>118</height>
						<texture border="2">list/listfocus.png</texture>
						<colordiffuse>2FFFFFFF</colordiffuse>
					</control>
					<control type="image">
						<posx>0</posx>
						<posy>22</posy>
						<width>1220</width>
						<height>118</height>
						<texture border="2">ButtonFo.png</texture>
						<colordiffuse>8FFFFFFF</colordiffuse>
						<visible>Control.HasFocus(121)</visible>
					</control>
					<control type="list" id="121">
						<posx>10</posx>
						<posy>25</posy>
						<width>1200</width>
						<height>110</height>
						<onleft>121</onleft>
						<onright>121</onright>
						<onup>111</onup>
						<ondown>131</ondown>
						<orientation>horizontal</orientation>
						<viewtype label="535">list</viewtype>
						<preloaditems>2</preloaditems>
						<itemlayout width="400" height="110">
							<control type="image">
								<posx>4</posx>
								<posy>7</posy>
								<width>100</width>
								<height>100</height>
								<texture background="true">$INFO[ListItem.Icon]</texture>
								<bordertexture>black.png</bordertexture>
								<bordersize>1</bordersize>
							</control>
							<control type="image">
								<posx>70</posx>
								<posy>70</posy>
								<width>30</width>
								<height>30</height>
								<texture>OverlayWatched.png</texture>
								<colordiffuse>WatchedOverlay</colordiffuse>
								<visible>IntegerGreaterThan(ListItem.Property(PlayCount),0)</visible>
							</control>
							<control type="label">
								<posx>110</posx>
								<posy>10</posy>
								<width>280</width>
								<height>12</height>
								<label>[B]$INFO[ListItem.Label][/B]</label>
								<font>METF_PlotTextSmall</font>
								<textcolor>white</textcolor>
								<aligny>center</aligny>
							</control>
							<control type="label">
								<posx>110</posx>
								<posy>28</posy>
								<width>280</width>
								<height>12</height>
								<label>$INFO[ListItem.Property(Premiered)]</label>
								<font>METF_PlotTextSmall</font>
								<textcolor>TextFO</textcolor>
								<aligny>center</aligny>
							</control>
							<control type="textbox">
								<posx>110</posx>
								<posy>42</posy>
								<width>280</width>
								<height>64</height>
								<label>$INFO[ListItem.Property(Plot)]</label>
								<font>METF_DialogSmall</font>
								<textcolor>white</textcolor>
							</control>
						</itemlayout>
						<focusedlayout width="400" height="110">
							<control type="image">
								<posx>0</posx>
								<posy>-5</posy>
								<width>405</width>
								<height>120</height>
								<texture>SearchButton.png</texture>
								<aspectratio>stretch</aspectratio>
								<visible>Control.HasFocus(121)</visible>
							</control>
							<control type="image">
								<posx>4</posx>
								<posy>7</posy>
								<width>100</width>
								<height>100</height>
								<texture background="true">$INFO[ListItem.Icon]</texture>
								<bordertexture>black.png</bordertexture>
								<bordersize>1</bordersize>
							</control>
							<control type="image">
								<posx>70</posx>
								<posy>70</posy>
								<width>30</width>
								<height>30</height>
								<texture>OverlayWatched.png</texture>
								<colordiffuse>WatchedOverlay</colordiffuse>
								<visible>IntegerGreaterThan(ListItem.Property(PlayCount),0)</visible>
							</control>
							<control type="label">
								<posx>110</posx>
								<posy>10</posy>
								<width>280</width>
								<height>12</height>
								<label>[B]$INFO[ListItem.Label][/B]</label>
								<font>METF_PlotTextSmall</font>
								<textcolor>white</textcolor>
								<aligny>center</aligny>
							</control>
							<control type="label">
								<posx>110</posx>
								<posy>28</posy>
								<width>280</width>
								<height>12</height>
								<label>$INFO[ListItem.Property(Premiered)]</label>
								<font>METF_PlotTextSmall</font>
								<textcolor>TextFO</textcolor>
								<aligny>center</aligny>
							</control>
							<control type="textbox">
								<posx>110</posx>
								<posy>42</posy>
								<width>280</width>
								<height>64</height>
								<label>$INFO[ListItem.Property(Plot)]</label>
								<font>METF_DialogSmall</font>
								<textcolor>white</textcolor>
								<autoscroll delay="3000" time="2000" repeat="10000">Control.HasFocus(121)</autoscroll>
							</control>
						</focusedlayout>
					</control>
				</control>
<!-- Return Seasons -->
				<control type="group" id="139">
					<posx>0</posx>
					<posy>0</posy>
					<width>1200</width>
					<height>155</height>
					<control type="grouplist">
						<posx>10</posx>
						<posy>0</posy>
						<width>1200</width>
						<height>25</height>
						<orientation>horizontal</orientation>
						<control type="label">
							<width min="10" max="700">auto</width>
							<height>25</height>
							<label>[B]$LOCALIZE[33054]: [/B]</label>
							<font>METF_PlotTextSmall</font>
							<textcolor>white</textcolor>
						</control>
						<control type="label" id="130">
							<width min="10" max="280">auto</width>
							<height>25</height>
							<label>-</label>
							<font>METF_PlotTextSmall</font>
							<textcolor>white</textcolor>
						</control>
					</control>
					<control type="image">
						<posx>0</posx>
						<posy>22</posy>
						<width>1220</width>
						<height>118</height>
						<texture border="2">list/listfocus.png</texture>
						<colordiffuse>2FFFFFFF</colordiffuse>
					</control>
					<control type="image">
						<posx>0</posx>
						<posy>22</posy>
						<width>1220</width>
						<height>118</height>
						<texture border="2">ButtonFo.png</texture>
						<colordiffuse>8FFFFFFF</colordiffuse>
						<visible>Control.HasFocus(111)</visible>
					</control>
					<control type="list" id="131">
						<posx>10</posx>
						<posy>25</posy>
						<width>1200</width>
						<height>110</height>
						<onleft>131</onleft>
						<onright>131</onright>
						<onup>219</onup>
						<ondown>141</ondown>
						<orientation>horizontal</orientation>
						<viewtype label="535">list</viewtype>
						<preloaditems>2</preloaditems>
						<itemlayout width="400" height="110">
							<control type="image">
								<posx>4</posx>
								<posy>7</posy>
								<width>100</width>
								<height>100</height>
								<texture background="true">$INFO[ListItem.Icon]</texture>
								<bordertexture>black.png</bordertexture>
								<bordersize>1</bordersize>
							</control>
							<control type="image">
								<posx>70</posx>
								<posy>70</posy>
								<width>30</width>
								<height>30</height>
								<texture>OverlayWatched.png</texture>
								<colordiffuse>WatchedOverlay</colordiffuse>
								<visible>IntegerGreaterThan(ListItem.Property(PlayCount),0)</visible>
							</control>
							<control type="label">
								<posx>110</posx>
								<posy>10</posy>
								<width>280</width>
								<height>12</height>
								<label>[B]$INFO[ListItem.Label][/B]</label>
								<font>METF_PlotTextSmall</font>
								<textcolor>white</textcolor>
								<aligny>center</aligny>
							</control>
							<control type="label">
								<posx>110</posx>
								<posy>28</posy>
								<width>280</width>
								<height>12</height>
								<label>$INFO[ListItem.Property(TvShowTitle)]</label>
								<font>METF_PlotTextSmall</font>
								<textcolor>TextFO</textcolor>
								<aligny>center</aligny>
							</control>
						</itemlayout>
						<focusedlayout width="400" height="110">
							<control type="image">
								<posx>0</posx>
								<posy>-5</posy>
								<width>405</width>
								<height>120</height>
								<texture>SearchButton.png</texture>
								<aspectratio>stretch</aspectratio>
								<visible>Control.HasFocus(131)</visible>
							</control>
							<control type="image">
								<posx>4</posx>
								<posy>7</posy>
								<width>100</width>
								<height>100</height>
								<texture background="true">$INFO[ListItem.Icon]</texture>
								<bordertexture>black.png</bordertexture>
								<bordersize>1</bordersize>
							</control>
							<control type="image">
								<posx>70</posx>
								<posy>70</posy>
								<width>30</width>
								<height>30</height>
								<texture>OverlayWatched.png</texture>
								<colordiffuse>WatchedOverlay</colordiffuse>
								<visible>IntegerGreaterThan(ListItem.Property(PlayCount),0)</visible>
							</control>
							<control type="label">
								<posx>110</posx>
								<posy>10</posy>
								<width>280</width>
								<height>12</height>
								<label>[B]$INFO[ListItem.Label][/B]</label>
								<font>METF_PlotTextSmall</font>
								<textcolor>white</textcolor>
								<aligny>center</aligny>
							</control>
							<control type="label">
								<posx>110</posx>
								<posy>28</posy>
								<width>280</width>
								<height>12</height>
								<label>$INFO[ListItem.Property(TvShowTitle)]</label>
								<font>METF_PlotTextSmall</font>
								<textcolor>TextFO</textcolor>
								<aligny>center</aligny>
							</control>
						</focusedlayout>
					</control>
				</control>
<!-- Return Episodes -->
				<control type="group" id="149">
					<posx>0</posx>
					<posy>0</posy>
					<width>1300</width>
					<height>155</height>
					<control type="grouplist">
						<posx>10</posx>
						<posy>0</posy>
						<width>1300</width>
						<height>25</height>
						<orientation>horizontal</orientation>
						<control type="label">
							<width min="10" max="700">auto</width>
							<height>25</height>
							<label>[B]$LOCALIZE[20360]: [/B]</label>
							<font>METF_PlotTextSmall</font>
							<textcolor>white</textcolor>
						</control>
						<control type="label" id="140">
							<width min="10" max="280">auto</width>
							<height>25</height>
							<label>-</label>
							<font>METF_PlotTextSmall</font>
							<textcolor>white</textcolor>
						</control>
					</control>
					<control type="image">
						<posx>0</posx>
						<posy>22</posy>
						<width>1220</width>
						<height>118</height>
						<texture border="2">list/listfocus.png</texture>
						<colordiffuse>2FFFFFFF</colordiffuse>
					</control>
					<control type="image">
						<posx>0</posx>
						<posy>22</posy>
						<width>1220</width>
						<height>118</height>
						<texture border="2">ButtonFo.png</texture>
						<colordiffuse>8FFFFFFF</colordiffuse>
						<visible>Control.HasFocus(141)</visible>
					</control>
					<control type="list" id="141">
						<posx>10</posx>
						<posy>25</posy>
						<width>1200</width>
						<height>110</height>
						<onleft>141</onleft>
						<onright>141</onright>
						<onup>131</onup>
						<ondown>151</ondown>
						<orientation>horizontal</orientation>
						<viewtype label="535">list</viewtype>
						<preloaditems>2</preloaditems>
						<itemlayout width="405" height="110">
							<control type="image">
								<posx>4</posx>
								<posy>7</posy>
								<width>100</width>
								<height>100</height>
								<texture background="true">$INFO[ListItem.Icon]</texture>
								<bordertexture>black.png</bordertexture>
								<bordersize>1</bordersize>
							</control>
							<control type="image">
								<posx>70</posx>
								<posy>70</posy>
								<width>30</width>
								<height>30</height>
								<texture>OverlayWatched.png</texture>
								<colordiffuse>WatchedOverlay</colordiffuse>
								<visible>IntegerGreaterThan(ListItem.Property(PlayCount),0)</visible>
							</control>
							<control type="label">
								<posx>110</posx>
								<posy>10</posy>
								<width>280</width>
								<height>12</height>
								<label>[B]$INFO[ListItem.Label][/B]</label>
								<font>METF_PlotTextSmall</font>
								<textcolor>white</textcolor>
								<aligny>center</aligny>
							</control>
							<control type="label">
								<posx>110</posx>
								<posy>28</posy>
								<width>280</width>
								<height>12</height>
								<label>$INFO[ListItem.Property(TvShowTitle)]</label>
								<font>METF_PlotTextSmall</font>
								<textcolor>TextFO</textcolor>
								<aligny>center</aligny>
							</control>
							<control type="textbox">
								<posx>110</posx>
								<posy>42</posy>
								<width>280</width>
								<height>64</height>
								<label>$INFO[ListItem.Property(Plot)]</label>
								<font>METF_DialogSmall</font>
								<textcolor>white</textcolor>
							</control>
						</itemlayout>
						<focusedlayout width="405" height="110">
							<control type="image">
								<posx>0</posx>
								<posy>-5</posy>
								<width>405</width>
								<height>120</height>
								<texture>SearchButton.png</texture>
								<aspectratio>stretch</aspectratio>
								<visible>Control.HasFocus(141)</visible>
							</control>
							<control type="image">
								<posx>4</posx>
								<posy>7</posy>
								<width>100</width>
								<height>100</height>
								<texture background="true">$INFO[ListItem.Icon]</texture>
								<bordertexture>black.png</bordertexture>
								<bordersize>1</bordersize>
							</control>
							<control type="image">
								<posx>70</posx>
								<posy>70</posy>
								<width>30</width>
								<height>30</height>
								<texture>OverlayWatched.png</texture>
								<colordiffuse>WatchedOverlay</colordiffuse>
								<visible>IntegerGreaterThan(ListItem.Property(PlayCount),0)</visible>
							</control>
							<control type="label">
								<posx>110</posx>
								<posy>10</posy>
								<width>280</width>
								<height>12</height>
								<label>[B]$INFO[ListItem.Label][/B]</label>
								<font>METF_PlotTextSmall</font>
								<textcolor>white</textcolor>
								<aligny>center</aligny>
							</control>
							<control type="label">
								<posx>110</posx>
								<posy>28</posy>
								<width>280</width>
								<height>12</height>
								<label>$INFO[ListItem.Property(TvShowTitle)]</label>
								<font>METF_PlotTextSmall</font>
								<textcolor>TextFO</textcolor>
								<aligny>center</aligny>
							</control>
							<control type="textbox">
								<posx>110</posx>
								<posy>42</posy>
								<width>280</width>
								<height>64</height>
								<autoscroll delay="3000" time="2000" repeat="10000">Control.HasFocus(141)</autoscroll>
								<label>$INFO[ListItem.Property(Plot)]</label>
								<font>METF_DialogSmall</font>
								<textcolor>white</textcolor>
							</control>
						</focusedlayout>
					</control>
				</control>
<!-- Return Music Videos -->
				<control type="group" id="159">
					<posx>0</posx>
					<posy>0</posy>
					<width>1200</width>
					<height>155</height>
					<control type="grouplist">
						<posx>10</posx>
						<posy>0</posy>
						<width>1200</width>
						<height>25</height>
						<orientation>horizontal</orientation>
						<control type="label">
							<width min="10" max="700">auto</width>
							<height>25</height>
							<label>[B]$LOCALIZE[20389]: [/B]</label>
							<font>METF_PlotTextSmall</font>
							<textcolor>white</textcolor>
						</control>
						<control type="label" id="150">
							<width min="10" max="280">auto</width>
							<height>25</height>
							<label>-</label>
							<font>METF_PlotTextSmall</font>
							<textcolor>white</textcolor>
						</control>
					</control>
					<control type="image">
						<posx>0</posx>
						<posy>22</posy>
						<width>1220</width>
						<height>118</height>
						<texture border="2">list/listfocus.png</texture>
						<colordiffuse>2FFFFFFF</colordiffuse>
					</control>
					<control type="image">
						<posx>0</posx>
						<posy>22</posy>
						<width>1220</width>
						<height>118</height>
						<texture border="2">ButtonFo.png</texture>
						<colordiffuse>8FFFFFFF</colordiffuse>
						<visible>Control.HasFocus(151)</visible>
					</control>
					<control type="list" id="151">
						<posx>10</posx>
						<posy>25</posy>
						<width>1200</width>
						<height>110</height>
						<onleft>151</onleft>
						<onright>151</onright>
						<onup>141</onup>
						<ondown>161</ondown>
						<orientation>horizontal</orientation>
						<viewtype label="535">list</viewtype>
						<preloaditems>2</preloaditems>
						<itemlayout width="400" height="110">
							<control type="image">
								<posx>4</posx>
								<posy>7</posy>
								<width>100</width>
								<height>100</height>
								<texture background="true">$INFO[ListItem.Icon]</texture>
								<bordertexture>black.png</bordertexture>
								<bordersize>1</bordersize>
							</control>
							<control type="image">
								<posx>70</posx>
								<posy>70</posy>
								<width>30</width>
								<height>30</height>
								<texture>OverlayWatched.png</texture>
								<colordiffuse>WatchedOverlay</colordiffuse>
								<visible>IntegerGreaterThan(ListItem.Property(PlayCount),0)</visible>
							</control>
							<control type="label">
								<posx>110</posx>
								<posy>10</posy>
								<width>280</width>
								<height>12</height>
								<label>[B]$INFO[ListItem.Label][/B]</label>
								<font>METF_PlotTextSmall</font>
								<textcolor>white</textcolor>
								<aligny>center</aligny>
							</control>
							<control type="label">
								<posx>110</posx>
								<posy>28</posy>
								<width>280</width>
								<height>12</height>
								<label>$INFO[ListItem.Property(studio)]</label>
								<font>METF_PlotTextSmall</font>
								<textcolor>TextFO</textcolor>
								<aligny>center</aligny>
							</control>
							<control type="label">
								<posx>110</posx>
								<posy>52</posy>
								<width>280</width>
								<height>12</height>
								<label>$INFO[ListItem.Property(Year)]</label>
								<font>METF_PlotTextSmall</font>
								<textcolor>white</textcolor>
								<aligny>center</aligny>
							</control>
							<control type="label">
								<posx>110</posx>
								<posy>72</posy>
								<width>280</width>
								<height>12</height>
								<label>$INFO[ListItem.Property(Duration)]</label>
								<font>METF_PlotTextSmall</font>
								<textcolor>white</textcolor>
								<aligny>center</aligny>
							</control>
						</itemlayout>
						<focusedlayout width="400" height="110">
							<control type="image">
								<posx>0</posx>
								<posy>-5</posy>
								<width>400</width>
								<height>120</height>
								<texture>SearchButton.png</texture>
								<aspectratio>stretch</aspectratio>
								<visible>Control.HasFocus(151)</visible>
							</control>
							<control type="image">
								<posx>4</posx>
								<posy>7</posy>
								<width>100</width>
								<height>100</height>
								<texture background="true">$INFO[ListItem.Icon]</texture>
								<bordertexture>black.png</bordertexture>
								<bordersize>1</bordersize>
							</control>
							<control type="image">
								<posx>70</posx>
								<posy>70</posy>
								<width>30</width>
								<height>30</height>
								<texture>OverlayWatched.png</texture>
								<colordiffuse>WatchedOverlay</colordiffuse>
								<visible>IntegerGreaterThan(ListItem.Property(PlayCount),0)</visible>
							</control>
							<control type="label">
								<posx>110</posx>
								<posy>10</posy>
								<width>280</width>
								<height>12</height>
								<label>[B]$INFO[ListItem.Label][/B]</label>
								<font>METF_PlotTextSmall</font>
								<textcolor>white</textcolor>
								<aligny>center</aligny>
							</control>
							<control type="label">
								<posx>110</posx>
								<posy>28</posy>
								<width>280</width>
								<height>12</height>
								<label>$INFO[ListItem.Property(studio)]</label>
								<font>METF_PlotTextSmall</font>
								<textcolor>TextFO</textcolor>
								<aligny>center</aligny>
							</control>
							<control type="label">
								<posx>110</posx>
								<posy>52</posy>
								<width>280</width>
								<height>12</height>
								<label>$INFO[ListItem.Property(Year)]</label>
								<font>METF_PlotTextSmall</font>
								<textcolor>white</textcolor>
								<aligny>center</aligny>
							</control>
							<control type="label">
								<posx>110</posx>
								<posy>72</posy>
								<width>280</width>
								<height>12</height>
								<label>$INFO[ListItem.Property(Duration)]</label>
								<font>METF_PlotTextSmall</font>
								<textcolor>white</textcolor>
								<aligny>center</aligny>
							</control>
						</focusedlayout>
					</control>
				</control>
<!-- Return Artists -->
				<control type="group" id="169">
					<posx>0</posx>
					<posy>0</posy>
					<width>1200</width>
					<height>155</height>
					<control type="grouplist">
						<posx>10</posx>
						<posy>0</posy>
						<width>1200</width>
						<height>25</height>
						<orientation>horizontal</orientation>
						<control type="label">
							<width min="10" max="700">auto</width>
							<height>25</height>
							<label>[B]$LOCALIZE[133]: [/B]</label>
							<font>METF_PlotTextSmall</font>
							<textcolor>white</textcolor>
						</control>
						<control type="label" id="160">
							<width min="10" max="280">auto</width>
							<height>25</height>
							<label>-</label>
							<font>METF_PlotTextSmall</font>
							<textcolor>white</textcolor>
						</control>
					</control>
					<control type="image">
						<posx>0</posx>
						<posy>22</posy>
						<width>1220</width>
						<height>118</height>
						<texture border="2">list/listfocus.png</texture>
						<colordiffuse>2FFFFFFF</colordiffuse>
					</control>
					<control type="image">
						<posx>0</posx>
						<posy>22</posy>
						<width>1220</width>
						<height>118</height>
						<texture border="2">ButtonFo.png</texture>
						<colordiffuse>8FFFFFFF</colordiffuse>
						<visible>Control.HasFocus(161)</visible>
					</control>
					<control type="list" id="161">
						<posx>10</posx>
						<posy>25</posy>
						<width>1200</width>
						<height>110</height>
						<onleft>161</onleft>
						<onright>161</onright>
						<onup>151</onup>
						<ondown>171</ondown>
						<orientation>horizontal</orientation>
						<viewtype label="535">list</viewtype>
						<preloaditems>2</preloaditems>
						<itemlayout width="400" height="110">
							<control type="image">
								<posx>4</posx>
								<posy>7</posy>
								<width>100</width>
								<height>100</height>
								<texture background="true">$INFO[ListItem.Icon]</texture>
								<bordertexture>black.png</bordertexture>
								<bordersize>1</bordersize>
							</control>
							<control type="label">
								<posx>110</posx>
								<posy>10</posy>
								<width>280</width>
								<height>12</height>
								<label>[B]$INFO[ListItem.Label][/B]</label>
								<font>METF_PlotTextSmall</font>
								<textcolor>white</textcolor>
								<aligny>center</aligny>
							</control>
							<control type="label">
								<posx>110</posx>
								<posy>28</posy>
								<width>280</width>
								<height>12</height>
								<label>$INFO[ListItem.Property(Artist_Genre)]</label>
								<font>METF_PlotTextSmall</font>
								<textcolor>TextFO</textcolor>
								<aligny>center</aligny>
							</control>
							<control type="textbox">
								<posx>110</posx>
								<posy>42</posy>
								<width>280</width>
								<height>64</height>
								<label>$INFO[ListItem.Property(Artist_Description)]</label>
								<font>METF_DialogSmall</font>
								<textcolor>white</textcolor>
							</control>
						</itemlayout>
						<focusedlayout width="400" height="110">
							<control type="image">
								<posx>0</posx>
								<posy>-5</posy>
								<width>400</width>
								<height>120</height>
								<texture>SearchButton.png</texture>
								<aspectratio>stretch</aspectratio>
								<visible>Control.HasFocus(161)</visible>
							</control>
							<control type="image">
								<posx>4</posx>
								<posy>7</posy>
								<width>100</width>
								<height>100</height>
								<texture background="true">$INFO[ListItem.Icon]</texture>
								<bordertexture>black.png</bordertexture>
								<bordersize>1</bordersize>
							</control>
							<control type="label">
								<posx>110</posx>
								<posy>10</posy>
								<width>280</width>
								<height>12</height>
								<label>[B]$INFO[ListItem.Label][/B]</label>
								<font>METF_PlotTextSmall</font>
								<textcolor>white</textcolor>
								<aligny>center</aligny>
							</control>
							<control type="label">
								<posx>110</posx>
								<posy>28</posy>
								<width>280</width>
								<height>12</height>
								<label>$INFO[ListItem.Property(Artist_Genre)]</label>
								<font>METF_PlotTextSmall</font>
								<textcolor>TextFO</textcolor>
								<aligny>center</aligny>
							</control>
							<control type="textbox">
								<posx>110</posx>
								<posy>42</posy>
								<width>280</width>
								<height>64</height>
								<label>$INFO[ListItem.Property(Artist_Description)]</label>
								<font>METF_DialogSmall</font>
								<textcolor>white</textcolor>
								<autoscroll delay="3000" time="2000" repeat="10000">Control.HasFocus(161)</autoscroll>
							</control>
						</focusedlayout>
					</control>
				</control>
<!-- Return Albums -->
				<control type="group" id="179">
					<posx>0</posx>
					<posy>0</posy>
					<width>1200</width>
					<height>155</height>
					<control type="grouplist">
						<posx>10</posx>
						<posy>0</posy>
						<width>1200</width>
						<height>25</height>
						<orientation>horizontal</orientation>
						<control type="label">
							<width min="10" max="700">auto</width>
							<height>25</height>
							<label>[B]$LOCALIZE[132]: [/B]</label>
							<font>METF_PlotTextSmall</font>
							<textcolor>white</textcolor>
						</control>
						<control type="label" id="170">
							<width min="10" max="280">auto</width>
							<height>25</height>
							<label>-</label>
							<font>METF_PlotTextSmall</font>
							<textcolor>white</textcolor>
						</control>
					</control>
					<control type="image">
						<posx>0</posx>
						<posy>22</posy>
						<width>1220</width>
						<height>118</height>
						<texture border="2">list/listfocus.png</texture>
						<colordiffuse>2FFFFFFF</colordiffuse>
					</control>
					<control type="image">
						<posx>0</posx>
						<posy>22</posy>
						<width>1220</width>
						<height>118</height>
						<texture border="2">ButtonFo.png</texture>
						<colordiffuse>8FFFFFFF</colordiffuse>
						<visible>Control.HasFocus(171)</visible>
					</control>
					<control type="list" id="171">
						<posx>10</posx>
						<posy>25</posy>
						<width>1200</width>
						<height>110</height>
						<onleft>171</onleft>
						<onright>171</onright>
						<onup>161</onup>
						<ondown>181</ondown>
						<orientation>horizontal</orientation>
						<viewtype label="535">list</viewtype>
						<preloaditems>2</preloaditems>
						<itemlayout width="400" height="110">
							<control type="image">
								<posx>4</posx>
								<posy>7</posy>
								<width>100</width>
								<height>100</height>
								<texture background="true">$INFO[ListItem.Icon]</texture>
								<bordertexture>black.png</bordertexture>
								<bordersize>1</bordersize>
							</control>
							<control type="label">
								<posx>110</posx>
								<posy>10</posy>
								<width>280</width>
								<height>12</height>
								<label>[B]$INFO[ListItem.Label][/B]</label>
								<font>METF_PlotTextSmall</font>
								<textcolor>white</textcolor>
								<aligny>center</aligny>
							</control>
							<control type="label">
								<posx>110</posx>
								<posy>28</posy>
								<width>280</width>
								<height>12</height>
								<label>$INFO[ListItem.Property(Artist)]</label>
								<font>METF_PlotTextSmall</font>
								<textcolor>TextFO</textcolor>
								<aligny>center</aligny>
							</control>
							<control type="textbox">
								<posx>110</posx>
								<posy>42</posy>
								<width>280</width>
								<height>64</height>
								<label>$INFO[ListItem.Property(Album_Description)]</label>
								<font>METF_DialogSmall</font>
								<textcolor>white</textcolor>
							</control>
						</itemlayout>
						<focusedlayout width="400" height="110">
							<control type="image">
								<posx>0</posx>
								<posy>-5</posy>
								<width>400</width>
								<height>120</height>
								<texture>SearchButton.png</texture>
								<aspectratio>stretch</aspectratio>
								<visible>Control.HasFocus(171)</visible>
							</control>
							<control type="image">
								<posx>4</posx>
								<posy>7</posy>
								<width>100</width>
								<height>100</height>
								<texture background="true">$INFO[ListItem.Icon]</texture>
								<bordertexture>black.png</bordertexture>
								<bordersize>1</bordersize>
							</control>
							<control type="label">
								<posx>110</posx>
								<posy>10</posy>
								<width>280</width>
								<height>12</height>
								<label>[B]$INFO[ListItem.Label][/B]</label>
								<font>METF_PlotTextSmall</font>
								<textcolor>white</textcolor>
								<aligny>center</aligny>
							</control>
							<control type="label">
								<posx>110</posx>
								<posy>28</posy>
								<width>280</width>
								<height>12</height>
								<label>$INFO[ListItem.Property(Artist)]</label>
								<font>METF_PlotTextSmall</font>
								<textcolor>TextFO</textcolor>
								<aligny>center</aligny>
							</control>
							<control type="textbox">
								<posx>110</posx>
								<posy>42</posy>
								<width>280</width>
								<height>64</height>
								<label>$INFO[ListItem.Property(Album_Description)]</label>
								<font>METF_DialogSmall</font>
								<textcolor>white</textcolor>
								<autoscroll delay="3000" time="2000" repeat="10000">Control.HasFocus(171)</autoscroll>
							</control>
						</focusedlayout>
					</control>
				</control>
<!-- Return Songs -->
				<control type="group" id="189">
					<posx>0</posx>
					<posy>0</posy>
					<width>1200</width>
					<height>155</height>
					<control type="grouplist">
						<posx>10</posx>
						<posy>0</posy>
						<width>1200</width>
						<height>25</height>
						<orientation>horizontal</orientation>
						<control type="label">
							<width min="10" max="700">auto</width>
							<height>25</height>
							<label>[B]$LOCALIZE[134]: [/B]</label>
							<font>METF_PlotTextSmall</font>
							<textcolor>white</textcolor>
						</control>
						<control type="label" id="180">
							<width min="10" max="280">auto</width>
							<height>25</height>
							<label>-</label>
							<font>METF_PlotTextSmall</font>
							<textcolor>white</textcolor>
						</control>
					</control>
					<control type="image">
						<posx>0</posx>
						<posy>22</posy>
						<width>1220</width>
						<height>118</height>
						<texture border="2">list/listfocus.png</texture>
						<colordiffuse>2FFFFFFF</colordiffuse>
					</control>
					<control type="image">
						<posx>0</posx>
						<posy>22</posy>
						<width>1220</width>
						<height>118</height>
						<texture border="2">ButtonFo.png</texture>
						<colordiffuse>8FFFFFFF</colordiffuse>
						<visible>Control.HasFocus(181)</visible>
					</control>
					<control type="list" id="181">
						<posx>10</posx>
						<posy>25</posy>
						<width>1200</width>
						<height>110</height>
						<onleft>181</onleft>
						<onright>181</onright>
						<onup>171</onup>
						<ondown>111</ondown>
						<orientation>horizontal</orientation>
						<viewtype label="535">list</viewtype>
						<preloaditems>2</preloaditems>
						<itemlayout width="400" height="110">
							<control type="image">
								<posx>4</posx>
								<posy>7</posy>
								<width>100</width>
								<height>100</height>
								<texture background="true">$INFO[ListItem.Icon]</texture>
								<bordertexture>black.png</bordertexture>
								<bordersize>1</bordersize>
							</control>
							<control type="label">
								<posx>110</posx>
								<posy>10</posy>
								<width>280</width>
								<height>12</height>
								<label>[B]$INFO[ListItem.Label][/B]</label>
								<font>METF_PlotTextSmall</font>
								<textcolor>white</textcolor>
								<aligny>center</aligny>
							</control>
							<control type="label">
								<posx>110</posx>
								<posy>28</posy>
								<width>280</width>
								<height>12</height>
								<label>$INFO[ListItem.Property(Artist)]</label>
								<font>METF_PlotTextSmall</font>
								<textcolor>TextFO</textcolor>
								<aligny>center</aligny>
							</control>
							<control type="label">
								<posx>110</posx>
								<posy>52</posy>
								<width>280</width>
								<height>12</height>
								<label>$INFO[ListItem.Property(Genre)]</label>
								<font>METF_PlotTextSmall</font>
								<textcolor>white</textcolor>
								<aligny>center</aligny>
							</control>
							<control type="label">
								<posx>110</posx>
								<posy>72</posy>
								<width>280</width>
								<height>12</height>
								<label>$INFO[ListItem.Property(Duration)]</label>
								<font>METF_PlotTextSmall</font>
								<textcolor>white</textcolor>
								<aligny>center</aligny>
							</control>
						</itemlayout>
						<focusedlayout width="400" height="110">
							<control type="image">
								<posx>0</posx>
								<posy>-5</posy>
								<width>400</width>
								<height>120</height>
								<texture>SearchButton.png</texture>
								<aspectratio>stretch</aspectratio>
								<visible>Control.HasFocus(181)</visible>
							</control>
							<control type="image">
								<posx>4</posx>
								<posy>7</posy>
								<width>100</width>
								<height>100</height>
								<texture background="true">$INFO[ListItem.Icon]</texture>
								<bordertexture>black.png</bordertexture>
								<bordersize>1</bordersize>
							</control>
							<control type="label">
								<posx>110</posx>
								<posy>10</posy>
								<width>280</width>
								<height>12</height>
								<label>[B]$INFO[ListItem.Label][/B]</label>
								<font>METF_PlotTextSmall</font>
								<textcolor>white</textcolor>
								<aligny>center</aligny>
							</control>
							<control type="label">
								<posx>110</posx>
								<posy>28</posy>
								<width>280</width>
								<height>12</height>
								<label>$INFO[ListItem.Property(Artist)]</label>
								<font>METF_PlotTextSmall</font>
								<textcolor>TextFO</textcolor>
								<aligny>center</aligny>
							</control>
							<control type="label">
								<posx>110</posx>
								<posy>52</posy>
								<width>280</width>
								<height>12</height>
								<label>$INFO[ListItem.Property(Genre)]</label>
								<font>METF_PlotTextSmall</font>
								<textcolor>white</textcolor>
								<aligny>center</aligny>
							</control>
							<control type="label">
								<posx>110</posx>
								<posy>72</posy>
								<width>280</width>
								<height>12</height>
								<label>$INFO[ListItem.Property(Duration)]</label>
								<font>METF_PlotTextSmall</font>
								<textcolor>white</textcolor>
								<aligny>center</aligny>
							</control>
						</focusedlayout>
					</control>
				</control>			
<!-- Return EP Guide -->
				<control type="group" id="229">
					<posx>0</posx>
					<posy>0</posy>
					<width>1200</width>
					<height>155</height>
					<control type="grouplist">
						<posx>10</posx>
						<posy>0</posy>
						<width>1200</width>
						<height>25</height>
						<orientation>horizontal</orientation>
						<control type="label">
							<width min="10" max="700">auto</width>
							<height>25</height>
							<label>[B]$LOCALIZE[19069]: [/B]</label>
							<font>METF_PlotTextSmall</font>
							<textcolor>white</textcolor>
						</control>
						<control type="label" id="220">
							<width min="10" max="280">auto</width>
							<height>25</height>
							<label>-</label>
							<font>METF_PlotTextSmall</font>
							<textcolor>white</textcolor>
						</control>
					</control>
					<control type="image">
						<posx>0</posx>
						<posy>22</posy>
						<width>1220</width>
						<height>118</height>
						<texture border="2">list/listfocus.png</texture>
						<colordiffuse>2FFFFFFF</colordiffuse>
					</control>
					<control type="image">
						<posx>0</posx>
						<posy>22</posy>
						<width>1220</width>
						<height>118</height>
						<texture border="2">ButtonFo.png</texture>
						<colordiffuse>8FFFFFFF</colordiffuse>
						<visible>Control.HasFocus(221)</visible>
					</control>
					<control type="list" id="221">
						<posx>10</posx>
						<posy>25</posy>
						<width>1200</width>
						<height>110</height>
						<onleft>121</onleft>
						<onright>121</onright>
						<onup>111</onup>
						<ondown>131</ondown>
						<orientation>horizontal</orientation>
						<viewtype label="535">list</viewtype>
						<preloaditems>2</preloaditems>
						<itemlayout width="400" height="110">
							<control type="image">
								<posx>4</posx>
								<posy>7</posy>
								<width>100</width>
								<height>100</height>
								<texture background="true">$INFO[ListItem.Icon]</texture>
								<bordertexture>black.png</bordertexture>
								<bordersize>1</bordersize>
							</control>
							<control type="image">
								<posx>70</posx>
								<posy>70</posy>
								<width>30</width>
								<height>30</height>
								<texture>OverlayWatched.png</texture>
								<colordiffuse>WatchedOverlay</colordiffuse>
								<visible>IntegerGreaterThan(ListItem.Property(PlayCount),0)</visible>
							</control>
							<control type="label">
								<posx>110</posx>
								<posy>10</posy>
								<width>280</width>
								<height>12</height>
								<label>[B]$INFO[ListItem.Label][/B]</label>
								<font>METF_PlotTextSmall</font>
								<textcolor>white</textcolor>
								<aligny>center</aligny>
							</control>
							<control type="label">
								<posx>110</posx>
								<posy>28</posy>
								<width>280</width>
								<height>12</height>
								<label>$INFO[ListItem.Property(ChannelNumber),,. ]$INFO[ListItem.Property(ChannelName)]</label>
								<font>METF_PlotTextSmall</font>
								<textcolor>TextFO</textcolor>
								<aligny>center</aligny>
							</control>
							<control type="textbox">
								<posx>110</posx>
								<posy>42</posy>
								<width>280</width>
								<height>64</height>
								<label>$INFO[ListItem.Property(Plot)]</label>
								<font>METF_DialogSmall</font>
								<textcolor>white</textcolor>
							</control>
						</itemlayout>
						<focusedlayout width="400" height="110">
							<control type="image">
								<posx>0</posx>
								<posy>-5</posy>
								<width>405</width>
								<height>120</height>
								<texture>SearchButton.png</texture>
								<aspectratio>stretch</aspectratio>
								<visible>Control.HasFocus(221)</visible>
							</control>
							<control type="image">
								<posx>4</posx>
								<posy>7</posy>
								<width>100</width>
								<height>100</height>
								<texture background="true">$INFO[ListItem.Icon]</texture>
								<bordertexture>black.png</bordertexture>
								<bordersize>1</bordersize>
							</control>
							<control type="image">
								<posx>70</posx>
								<posy>70</posy>
								<width>30</width>
								<height>30</height>
								<texture>OverlayWatched.png</texture>
								<colordiffuse>WatchedOverlay</colordiffuse>
								<visible>IntegerGreaterThan(ListItem.Property(PlayCount),0)</visible>
							</control>
							<control type="label">
								<posx>110</posx>
								<posy>10</posy>
								<width>280</width>
								<height>12</height>
								<label>[B]$INFO[ListItem.Label][/B]</label>
								<font>METF_PlotTextSmall</font>
								<textcolor>white</textcolor>
								<aligny>center</aligny>
							</control>
							<control type="label">
								<posx>110</posx>
								<posy>28</posy>
								<width>280</width>
								<height>12</height>
								<label>$INFO[ListItem.Property(ChannelNumber),,. ]$INFO[ListItem.Property(ChannelName)]</label>
								<font>METF_PlotTextSmall</font>
								<textcolor>TextFO</textcolor>
								<aligny>center</aligny>
							</control>
							<control type="textbox">
								<posx>110</posx>
								<posy>42</posy>
								<width>280</width>
								<height>64</height>
								<label>$INFO[ListItem.Property(Plot)]</label>
								<font>METF_DialogSmall</font>
								<textcolor>white</textcolor>
								<autoscroll delay="3000" time="2000" repeat="10000">Control.HasFocus(221)</autoscroll>
							</control>
						</focusedlayout>
					</control>
				</control>				
			</control>
		</control>		
		<control type="label">
			<description>Header label</description>
			<posx>30</posx>
			<posy>10</posy>
			<include>Global_HeadingSectionVars</include>
			<label>$LOCALIZE[31606]</label>
		</control>
		<control type="button" id="198">
			<posx>515</posx>
			<posy>5</posy>
			<width>250</width>
			<height>40</height>
			<align>center</align>
			<aligny>center</aligny>
			<font>METF_DialogLarge</font>
			<textcolor>TextNF</textcolor>
			<focusedcolor>DialogTextFO</focusedcolor>
			<disabledcolor>TextDisabled</disabledcolor>
			<texturefocus>ButtonFO2Wide.png</texturefocus>
			<texturenofocus>-</texturenofocus>
			<pulseonselect>false</pulseonselect>
			<label>-</label>
			<onup>101</onup>
			<ondown>101</ondown>
			<onleft>101</onleft>
			<onright>101</onright>
		</control>		
		<control type="image">
			<posx>625</posx>
			<posy>45</posy>
			<width>30</width>
			<height>30</height>
			<texture>ArrowUp.png</texture>
			<colordiffuse>HelpArrowDiffuse</colordiffuse>
		</control>
		<control type="image">
			<posx>625</posx>
			<posy>510</posy>
			<width>30</width>
			<height>30</height>
			<texture>ArrowDown.png</texture>
			<colordiffuse>HelpArrowDiffuse</colordiffuse>
		</control>
		<!--<include>Global_Weather</include>-->
		<!--<include>Global_Time</include>-->
		<include condition="Skin.HasSetting(DebugGrid)">Object_DebugGrid</include>
	</controls>
</window>
