<?xml version="1.0" encoding="UTF-8"?>
<window id="136">
	<animation type="WindowOpen" reversible="false">
		<effect type="zoom" start="80" end="100" center="auto" delay="1800" easing="out" tween="back" time="300" />
		<effect type="fade" delay="1800" start="0" end="100" time="300" />
	</animation>
	<animation type="WindowClose" reversible="false">
		<effect type="zoom" start="100" end="80" center="auto" easing="in" tween="back" time="300" />
		<effect type="fade" start="100" end="0" time="300" />
	</animation>
	<controls>
		<control type="group">
			<visible>!SubString(Window(Videos).Property(CinemaExperienceRunning),True)</visible>
			<posx>484</posx>
			<posy>484</posy>
			<control type="image">
				<posx>0</posx>
				<posy>0</posy>
				<width>420</width>
				<height>220</height>
				<texture>frames/Dialog_Glass2Medium.png</texture>
				<colordiffuse>DialogBackgroundColor</colordiffuse>
			</control>
			<control type="image">
				<posx>28</posx>
				<posy>55</posy>
				<width>120</width>
				<height>120</height>
				<texture>sablier.gif</texture>
				<!--
				<texture>dialogs/Dialog_BusyIcon.png</texture>
				<colordiffuse>-</colordiffuse>
				<animation effect="rotate" start="360" end="0" center="auto" time="2500" loop="true" condition="true">conditional</animation>
				-->
			</control>
			<control type="label">
				<description>Heading Label</description>
				<posx>140</posx>
				<posy>60</posy>
				<width>210</width>
				<height>50</height>
				<align>center</align>
				<font>METF_WeatherOutlookWeekend</font>
				<textcolor>TextNF</textcolor>
				<label>503</label>
			</control>
			<control type="label">
				<posx>140</posx>
				<posy>100</posy>
				<width>210</width>
				<height>50</height>
				<align>center</align>
				<font>METF_WeatherOutlookWeekend</font>
				<textcolor>DialogTextFO</textcolor>
				<label>20186</label>
				<visible>!Control.IsVisible(10)</visible>
			</control>
			<control type="progress" id="10">
				<description>Progress Bar</description>
				<posx>96</posx>
				<posy>165</posy>
				<width>300</width>
				<height>40</height>
				<texturebg>osd/osd_progress_back3.png</texturebg>
				<lefttexture>osd/osd_progress_left3.png</lefttexture>
				<midtexture>osd/osd_progress_mid3.png</midtexture>
				<righttexture>osd/osd_progress_right3.png</righttexture>
				<colordiffuse>DialogProgressBar</colordiffuse>
			</control>
		</control>
	</controls>
</window>
